trade_time,ts_code,side,action,gross_price,net_price,shares,gross_pnl,net_pnl,spread_cost,impact_cost,commission_cost
2025-01-02 13:15:00,111000.SH,BUY,BUY_NEXT_OPEN,115.23,115.3509915,330,0.0,0.0,19.012950000000004,19.012950000000004,1.901295
2025-01-02 13:15:00,111020.SH,BUY,BUY_NEXT_OPEN,128.182,128.31659109999998,60,0.0,0.0,3.8454599999999997,3.8454599999999997,0.384546
2025-01-02 13:15:00,113054.SH,BUY,BUY_NEXT_OPEN,109.997,110.11249685,10,0.0,0.0,0.549985,0.549985,0.054998500000000006
2025-01-02 13:15:00,111012.SH,BUY,BUY_NEXT_OPEN,163.473,163.64464665000003,70,0.0,0.0,5.721555,5.721555,0.5721555
2025-01-02 13:30:00,111000.SH,SELL,REBUILT_RANK_EXIT,115.054,114.93319330000001,10,-1.7600000000000193,-4.177981999999929,19.588220000000003,19.588220000000003,1.958822
2025-01-02 13:30:00,111012.SH,SELL,REBUILT_RANK_EXIT,163.049,162.87779855,50,-21.20000000000033,-38.342405000002145,9.79778,9.79778,0.979778
2025-01-02 13:45:00,113054.SH,SELL,REBUILT_RANK_EXIT,109.351,109.23618144999999,10,-6.460000000000008,-8.763154000000213,1.09674,1.09674,0.10967400000000001
2025-01-02 13:45:00,113527.SH,BUY,BUY_NEXT_OPEN,117.188,117.3110474,40,0.0,0.0,2.34376,2.34376,0.23437600000000003
2025-01-02 13:45:00,113059.SH,BUY,BUY_NEXT_OPEN,109.517,109.63199285,80,0.0,0.0,4.38068,4.38068,0.438068
2025-01-02 13:45:00,110086.SH,BUY,BUY_NEXT_OPEN,101.226,101.33228729999999,60,0.0,0.0,3.03678,3.03678,0.303678
2025-01-02 14:00:00,110086.SH,SELL,REBUILT_RANK_EXIT,100.786,100.6801747,50,-21.999999999999886,-32.60563000000002,5.55643,5.55643,0.555643
2025-01-02 14:00:00,110093.SH,BUY,BUY_NEXT_OPEN,118.2,118.32411,10,0.0,0.0,0.591,0.591,0.0591
2025-01-02 14:15:00,111020.SH,SELL,REBUILT_RANK_EXIT,128.408,128.2731716,60,13.559999999999945,-2.6051699999979974,7.697699999999999,7.697699999999999,0.7697700000000001
2025-01-02 14:15:00,110093.SH,SELL,REBUILT_RANK_EXIT,117.744,117.62036880000001,10,-4.560000000000031,-7.037411999999904,1.17972,1.17972,0.11797200000000001
2025-01-02 14:15:00,113051.SH,BUY,BUY_NEXT_OPEN,118.412,118.53633260000001,20,0.0,0.0,1.18412,1.18412,0.11841200000000002
2025-01-02 14:30:00,113527.SH,SELL,REBUILT_RANK_EXIT,116.869,116.74628754999999,10,-3.190000000000026,-5.647598500000186,2.928105,2.928105,0.29281050000000003
2025-01-02 14:30:00,113039.SH,BUY,BUY_NEXT_OPEN,122.573,122.70170164999998,10,0.0,0.0,0.612865,0.612865,0.0612865
2025-01-02 14:30:00,110095.SH,BUY,BUY_NEXT_OPEN,99.711,99.81569655000001,180,0.0,0.0,8.973989999999999,8.973989999999999,0.8973990000000001
2025-01-02 14:45:00,113059.SH,SELL,REBUILT_RANK_EXIT,109.31,109.19522450000001,30,-6.209999999999809,-13.103050499999881,6.0203299999999995,6.0203299999999995,0.602033
2025-01-02 14:45:00,113051.SH,SELL,REBUILT_TIME_EXIT,118.464,118.33961280000001,10,0.519999999999925,-1.967198000000053,1.77644,1.77644,0.17764400000000002
2025-01-02 14:45:00,113039.SH,SELL,REBUILT_RANK_EXIT,122.22,122.091669,10,-3.5299999999999443,-6.10032649999971,1.223965,1.223965,0.12239649999999999
2025-01-02 14:45:00,110095.SH,SELL,REBUILT_TIME_EXIT,100.125,100.01986875000001,80,33.12000000000012,16.333776000000398,12.97899,12.97899,1.2978990000000001
2025-01-02 14:45:00,110090.SH,BUY,BUY_NEXT_OPEN,121.656,121.78373880000001,60,0.0,0.0,3.6496800000000005,3.6496800000000005,0.364968
2025-01-02 15:00:00,110075.SH,BUY,BUY_NEXT_OPEN,124.94,125.07118700000001,20,0.0,0.0,1.2494,1.2494,0.12494
2025-01-02 15:00:00,110092.SH,BUY,BUY_NEXT_OPEN,81.465,81.55053825000002,40,0.0,0.0,1.6293000000000002,1.6293000000000002,0.16293000000000002
2025-01-02 15:00:00,110086.SH,BUY,BUY_NEXT_OPEN,101.214,101.3202747,10,0.0,0.0,0.50607,0.50607,0.050607000000000006
2025-01-03 09:30:00,110090.SH,SELL,REBUILT_RANK_EXIT,123.0,122.87085,60,80.63999999999965,65.22667199999978,7.33968,7.33968,0.733968
2025-01-03 09:30:00,110075.SH,SELL,REBUILT_TIME_EXIT,125.4,125.26832999999999,20,9.20000000000016,3.942859999999655,2.5034,2.5034,0.25034
2025-01-03 09:30:00,110092.SH,SELL,REBUILT_RANK_EXIT,81.499,81.41342604999998,40,1.3599999999996726,-5.48448800000142,3.2592800000000004,3.2592800000000004,0.325928
2025-01-03 09:30:00,110086.SH,SELL,REBUILT_TIME_EXIT,101.215,101.10872425000001,10,0.010000000000047748,-2.115504499999929,1.012145,1.012145,0.10121450000000001
2025-01-03 09:45:00,111002.SH,BUY,BUY_NEXT_OPEN,116.9,117.02274499999999,30,0.0,0.0,1.7535,1.7535,0.17535
2025-01-03 09:45:00,113059.SH,BUY,BUY_NEXT_OPEN,109.395,109.50986475,30,0.0,0.0,1.640925,1.640925,0.1640925
2025-01-03 09:45:00,111003.SH,BUY,BUY_NEXT_OPEN,124.633,124.76386464999999,10,0.0,0.0,0.623165,0.623165,0.0623165
2025-01-03 09:45:00,111004.SH,BUY,BUY_NEXT_OPEN,105.534,105.64481070000001,10,0.0,0.0,0.52767,0.52767,0.05276700000000001
2025-01-03 10:00:00,113059.SH,SELL,REBUILT_RANK_EXIT,109.109,108.99443555,20,-5.720000000000027,-10.308583999999883,2.7320149999999996,2.7320149999999996,0.2732015
2025-01-03 10:00:00,111000.SH,BUY,BUY_NEXT_OPEN,115.29,115.41105449999999,10,0.0,0.0,0.57645,0.57645,0.057645
2025-01-03 10:15:00,111004.SH,SELL,REBUILT_RANK_EXIT,105.596,105.48512420000002,10,0.6199999999999761,-1.5968649999999798,1.05565,1.05565,0.10556500000000002
2025-01-03 10:30:00,111003.SH,SELL,REBUILT_RANK_EXIT,125.169,125.03757255,10,5.360000000000014,2.7370790000002216,1.24901,1.24901,0.124901
2025-01-03 10:30:00,113056.SH,BUY,BUY_NEXT_OPEN,117.626,117.7495073,60,0.0,0.0,3.5287800000000002,3.5287800000000002,0.352878
2025-01-03 10:30:00,111015.SH,BUY,BUY_NEXT_OPEN,113.109,113.22776445000001,50,0.0,0.0,2.827725,2.827725,0.28277250000000004
2025-01-03 10:45:00,111000.SH,SELL,REBUILT_RANK_EXIT,115.39,115.26884050000001,10,0.9999999999999432,-1.4221399999998994,1.1534,1.1534,0.11534
2025-01-03 10:45:00,113056.SH,SELL,REBUILT_RANK_EXIT,117.301,117.17783395000001,60,-19.50000000000017,-34.30040099999951,7.04781,7.04781,0.7047810000000001
2025-01-03 10:45:00,111020.SH,BUY,BUY_NEXT_OPEN,128.515,128.64994074999998,20,0.0,0.0,1.2851499999999998,1.2851499999999998,0.128515
2025-01-03 11:00:00,111002.SH,SELL,REBUILT_RANK_EXIT,117.454,117.33067329999999,10,5.539999999999878,3.079283000000032,2.34077,2.34077,0.234077
2025-01-03 11:00:00,111020.SH,SELL,REBUILT_RANK_EXIT,128.194,128.05939629999997,20,-6.419999999999959,-11.810889000000316,2.56709,2.56709,0.25670899999999996
2025-01-03 11:00:00,113048.SH,BUY,BUY_NEXT_OPEN,105.983,106.09428215000001,10,0.0,0.0,0.529915,0.529915,0.05299150000000001
2025-01-03 11:00:00,111017.SH,BUY,BUY_NEXT_OPEN,143.255,143.40541775,10,0.0,0.0,0.716275,0.716275,0.0716275
2025-01-03 11:15:00,111015.SH,SELL,REBUILT_RANK_EXIT,113.079,112.96026705,10,-0.30000000000001137,-2.6749740000002475,3.39312,3.39312,0.33931200000000006
2025-01-03 11:15:00,113048.SH,SELL,REBUILT_RANK_EXIT,105.92,105.808784,10,-0.6300000000000239,-2.8549814999998944,1.059515,1.059515,0.10595150000000002
2025-01-03 11:15:00,113051.SH,BUY,BUY_NEXT_OPEN,118.033,118.15693465,10,0.0,0.0,0.590165,0.590165,0.059016500000000006
2025-01-03 11:15:00,111020.SH,BUY,BUY_NEXT_OPEN,128.336,128.4707528,10,0.0,0.0,0.64168,0.64168,0.06416800000000002
2025-01-03 11:30:00,111017.SH,SELL,REBUILT_RANK_EXIT,143.45,143.29937750000002,10,1.9499999999999318,-1.0604024999997819,1.433525,1.433525,0.1433525
2025-01-03 13:00:00,111020.SH,SELL,REBUILT_RANK_EXIT,127.96,127.82564199999999,10,-3.76000000000019,-6.451108000000204,1.28148,1.28148,0.128148
2025-01-03 13:00:00,111018.SH,BUY,BUY_NEXT_OPEN,114.004,114.1237042,10,0.0,0.0,0.5700200000000001,0.5700200000000001,0.05700200000000001
2025-01-03 13:00:00,113052.SH,BUY,BUY_NEXT_OPEN,112.569,112.68719745000001,90,0.0,0.0,5.065605,5.065605,0.5065605
2025-01-03 13:15:00,111018.SH,SELL,REBUILT_RANK_EXIT,113.977,113.85732415,10,-0.27000000000001023,-2.6638004999999794,1.1399050000000002,1.1399050000000002,0.11399050000000001
2025-01-03 13:15:00,111003.SH,BUY,BUY_NEXT_OPEN,124.9,125.03114500000001,10,0.0,0.0,0.6245,0.6245,0.062450000000000006
2025-01-03 13:15:00,113059.SH,BUY,BUY_NEXT_OPEN,109.64,109.75512200000001,10,0.0,0.0,0.5482,0.5482,0.05482
2025-01-03 13:30:00,113052.SH,SELL,REBUILT_RANK_EXIT,112.6,112.48177000000001,90,2.789999999999253,-18.488470499998584,10.132604999999998,10.132604999999998,1.0132605
2025-01-03 13:30:00,111017.SH,BUY,BUY_NEXT_OPEN,144.371,144.52258955,280,0.0,0.0,20.21194,20.21194,2.0211940000000004
2025-01-03 13:45:00,111017.SH,SELL,REBUILT_RANK_EXIT,144.035,143.88376325000002,80,-26.88000000000102,-51.106103999998595,25.97334,25.97334,2.5973340000000005
2025-01-03 13:45:00,113055.SH,BUY,BUY_NEXT_OPEN,135.7,135.84248499999998,50,0.0,0.0,3.3924999999999996,3.3924999999999996,0.33924999999999994
2025-01-03 14:00:00,113051.SH,SELL,REBUILT_RANK_EXIT,118.686,118.5613797,10,6.530000000000058,4.044450500000039,1.1835950000000002,1.1835950000000002,0.1183595
2025-01-03 14:00:00,111003.SH,SELL,REBUILT_RANK_EXIT,124.994,124.86275630000002,10,0.9399999999999409,-1.6838869999999133,1.24947,1.24947,0.124947
2025-01-03 14:00:00,113059.SH,SELL,REBUILT_RANK_EXIT,109.615,109.49990425,10,-0.25000000000005684,-2.5521774999999707,1.0962749999999999,1.0962749999999999,0.1096275
2025-01-03 14:00:00,113055.SH,SELL,REBUILT_RANK_EXIT,134.936,134.79431720000002,50,-38.19999999999908,-52.40838999999778,6.7659,6.7659,0.67659
2025-01-03 14:00:00,110085.SH,BUY,BUY_NEXT_OPEN,110.2,110.31571,180,0.0,0.0,9.918000000000001,9.918000000000001,0.9918
2025-01-03 14:15:00,110085.SH,SELL,REBUILT_RANK_EXIT,109.921,109.80558294999999,100,-27.899999999999636,-51.012705000001006,15.414050000000001,15.414050000000001,1.5414050000000001
2025-01-03 14:15:00,111004.SH,BUY,BUY_NEXT_OPEN,105.083,105.19333715,10,0.0,0.0,0.525415,0.525415,0.0525415
2025-01-03 14:15:00,110081.SH,BUY,BUY_NEXT_OPEN,111.044,111.16059619999999,150,0.0,0.0,8.3283,8.3283,0.8328300000000001
2025-01-03 14:15:00,113049.SH,BUY,BUY_NEXT_OPEN,111.889,112.00648344999999,10,0.0,0.0,0.559445,0.559445,0.0559445
2025-01-03 14:30:00,110081.SH,SELL,REBUILT_RANK_EXIT,111.068,110.95137860000001,150,3.6000000000001364,-31.382639999996172,16.6584,16.6584,1.6658400000000002
2025-01-03 14:30:00,113049.SH,SELL,REBUILT_RANK_EXIT,111.98,111.86242100000001,10,0.9100000000000819,-1.4406244999997853,1.119345,1.119345,0.1119345
2025-01-03 14:30:00,111012.SH,BUY,BUY_NEXT_OPEN,160.7,160.86873500000002,60,0.0,0.0,4.821,4.821,0.48210000000000003
2025-01-03 14:30:00,113058.SH,BUY,BUY_NEXT_OPEN,118.461,118.58538405,40,0.0,0.0,2.36922,2.36922,0.236922
2025-01-03 14:45:00,111012.SH,SELL,REBUILT_STOP_LOSS_-1%,158.898,158.73115709999996,60,-108.11999999999955,-128.25467400000343,9.58794,9.58794,0.9587939999999999
2025-01-03 14:45:00,113058.SH,SELL,REBUILT_RANK_EXIT,117.918,117.7941861,40,-21.719999999999686,-31.647917999999663,4.72758,4.72758,0.472758
2025-01-03 14:45:00,110086.SH,BUY,BUY_NEXT_OPEN,101.434,101.54050570000001,20,0.0,0.0,1.01434,1.01434,0.101434
2025-01-06 09:30:00,111004.SH,SELL,REBUILT_RANK_EXIT,105.247,105.13649065000001,10,1.6400000000000148,-0.5684649999998328,1.05165,1.05165,0.105165
2025-01-06 09:30:00,110086.SH,SELL,REBUILT_RANK_EXIT,100.92,100.814034,20,-10.279999999999916,-14.529434000000265,2.02354,2.02354,0.202354
2025-01-06 09:30:00,111020.SH,BUY,BUY_NEXT_OPEN,127.01,127.14336050000001,30,0.0,0.0,1.9051500000000001,1.9051500000000001,0.19051500000000002
2025-01-06 09:30:00,113052.SH,BUY,BUY_NEXT_OPEN,112.6,112.71822999999998,90,0.0,0.0,5.066999999999999,5.066999999999999,0.5066999999999999
2025-01-06 09:45:00,113052.SH,SELL,REBUILT_RANK_EXIT,112.37,112.25201150000001,90,-20.69999999999908,-41.959664999996676,10.12365,10.12365,1.012365
2025-01-06 09:45:00,113049.SH,BUY,BUY_NEXT_OPEN,111.912,112.0295076,10,0.0,0.0,0.5595600000000001,0.5595600000000001,0.055956000000000006
2025-01-06 09:45:00,113056.SH,BUY,BUY_NEXT_OPEN,116.601,116.72343105,80,0.0,0.0,4.66404,4.66404,0.466404
2025-01-06 10:00:00,111020.SH,SELL,REBUILT_RANK_EXIT,128.109,127.97448555000001,30,32.97000000000011,24.933751499999744,3.826785,3.826785,0.38267850000000003
2025-01-06 10:00:00,113049.SH,SELL,REBUILT_RANK_EXIT,111.512,111.3949124,10,-4.000000000000057,-6.345952000000125,1.1171200000000001,1.1171200000000001,0.111712
2025-01-06 10:00:00,113039.SH,BUY,BUY_NEXT_OPEN,121.628,121.75570939999999,10,0.0,0.0,0.60814,0.60814,0.06081400000000001
2025-01-06 10:00:00,111002.SH,BUY,BUY_NEXT_OPEN,116.408,116.53022840000001,10,0.0,0.0,0.58204,0.58204,0.058204000000000006
2025-01-06 10:15:00,113056.SH,SELL,REBUILT_RANK_EXIT,116.96,116.83719199999999,60,21.53999999999968,6.82565699999941,8.17284,8.17284,0.8172839999999999
2025-01-06 10:15:00,111021.SH,BUY,BUY_NEXT_OPEN,119.92,120.045916,10,0.0,0.0,0.5996,0.5996,0.059960000000000006
2025-01-06 10:30:00,113039.SH,SELL,REBUILT_RANK_EXIT,122.07,121.94182649999999,10,4.419999999999931,1.861171000000013,1.21849,1.21849,0.121849
2025-01-06 10:30:00,110095.SH,BUY,BUY_NEXT_OPEN,97.027,97.12887835,40,0.0,0.0,1.94054,1.94054,0.194054
2025-01-06 10:30:00,113048.SH,BUY,BUY_NEXT_OPEN,105.825,105.93611625000001,10,0.0,0.0,0.5291250000000001,0.5291250000000001,0.05291250000000001
2025-01-06 10:45:00,111002.SH,SELL,REBUILT_RANK_EXIT,117.265,117.14187174999999,10,8.569999999999993,6.116433499999857,1.168365,1.168365,0.11683650000000001
2025-01-06 10:45:00,110095.SH,SELL,REBUILT_RANK_EXIT,96.643,96.54152485,40,-15.360000000000014,-23.49413999999979,3.8734,3.8734,0.38734
2025-01-06 11:00:00,110087.SH,BUY,BUY_NEXT_OPEN,107.15,107.2625075,60,0.0,0.0,3.2145,3.2145,0.32145
2025-01-06 11:00:00,110093.SH,BUY,BUY_NEXT_OPEN,117.15,117.27300750000002,40,0.0,0.0,2.343,2.343,0.23430000000000004
2025-01-06 11:00:00,111000.SH,BUY,BUY_NEXT_OPEN,115.0,115.12075000000002,10,0.0,0.0,0.5750000000000001,0.5750000000000001,0.057499999999999996
2025-01-06 11:15:00,111021.SH,SELL,REBUILT_RANK_EXIT,119.19,119.06485049999999,10,-7.30000000000004,-9.810655000000224,1.19555,1.19555,0.11955500000000001
2025-01-06 11:15:00,110087.SH,SELL,REBUILT_STOP_LOSS_-1%,106.004,105.8926958,10,-11.460000000000008,-13.698116999999911,3.74452,3.74452,0.374452
2025-01-06 11:15:00,110093.SH,SELL,REBUILT_RANK_EXIT,116.636,116.5135322,30,-15.4200000000003,-22.78425900000093,4.09254,4.09254,0.409254
2025-01-06 11:30:00,113058.SH,BUY,BUY_NEXT_OPEN,118.03,118.1539315,10,0.0,0.0,0.5901500000000001,0.5901500000000001,0.059015000000000005
2025-01-06 13:00:00,113058.SH,SELL,REBUILT_RANK_EXIT,117.704,117.5804108,10,-3.260000000000076,-5.735206999999946,1.1786699999999999,1.1786699999999999,0.117867
2025-01-06 13:15:00,113048.SH,SELL,REBUILT_TIME_EXIT,106.249,106.13743855,10,4.239999999999924,2.0132229999999254,1.06037,1.06037,0.106037
2025-01-06 13:15:00,111000.SH,SELL,REBUILT_RANK_EXIT,114.921,114.80033295,10,-0.7899999999999352,-3.2041705000001457,1.1496050000000002,1.1496050000000002,0.11496050000000001
2025-01-06 13:15:00,111017.SH,BUY,BUY_NEXT_OPEN,142.589,142.73871845,10,0.0,0.0,0.7129449999999999,0.7129449999999999,0.0712945
2025-01-06 13:30:00,111017.SH,SELL,REBUILT_RANK_EXIT,141.864,141.7150428,10,-7.249999999999943,-10.236756499999956,1.422265,1.422265,0.1422265
2025-01-06 13:30:00,110093.SH,BUY,BUY_NEXT_OPEN,116.718,116.84055389999999,10,0.0,0.0,0.58359,0.58359,0.05835900000000001
2025-01-06 13:30:00,113526.SH,BUY,BUY_NEXT_OPEN,105.796,105.9070858,10,0.0,0.0,0.5289800000000001,0.5289800000000001,0.05289800000000001
2025-01-06 13:30:00,113058.SH,BUY,BUY_NEXT_OPEN,117.738,117.8616249,30,0.0,0.0,1.76607,1.76607,0.17660700000000001
2025-01-06 13:30:00,113053.SH,BUY,BUY_NEXT_OPEN,105.333,105.44359965,30,0.0,0.0,1.579995,1.579995,0.15799950000000001
2025-01-06 13:45:00,110093.SH,SELL,REBUILT_RANK_EXIT,116.593,116.47057735000001,10,-1.25,-3.699765499999785,1.166555,1.166555,0.11665550000000001
2025-01-06 13:45:00,113058.SH,SELL,REBUILT_RANK_EXIT,117.045,116.92210275000001,30,-20.789999999999935,-28.185664499999803,3.521745,3.521745,0.35217450000000006
2025-01-06 13:45:00,113066.SH,BUY,BUY_NEXT_OPEN,132.383,132.52200215000002,10,0.0,0.0,0.661915,0.661915,0.06619150000000001
2025-01-06 14:00:00,113056.SH,BUY,BUY_NEXT_OPEN,117.12,117.242976,60,0.0,0.0,3.5136000000000003,3.5136000000000003,0.35136
2025-01-06 14:00:00,110076.SH,BUY,BUY_NEXT_OPEN,112.0,112.1176,20,0.0,0.0,1.12,1.12,0.112
2025-01-06 14:30:00,110076.SH,SELL,REBUILT_RANK_EXIT,111.835,111.71757324999999,20,-3.300000000000125,-8.000535000000127,2.23835,2.23835,0.223835
2025-01-06 14:45:00,113053.SH,SELL,REBUILT_RANK_EXIT,105.294,105.18344130000001,20,-0.7800000000000296,-5.203166999999667,2.632935,2.632935,0.2632935
2025-01-06 14:45:00,113066.SH,SELL,REBUILT_TIME_EXIT,133.068,132.92827860000003,10,6.850000000000023,4.0627644999999575,1.327255,1.327255,0.13272550000000002
2025-01-06 14:45:00,113056.SH,SELL,REBUILT_RANK_EXIT,117.172,117.04896939999999,60,3.11999999999955,-11.640396000000692,7.02876,7.02876,0.7028760000000001
2025-01-06 14:45:00,111021.SH,BUY,BUY_NEXT_OPEN,118.771,118.89570955,20,0.0,0.0,1.18771,1.18771,0.118771
2025-01-06 15:00:00,110097.SH,BUY,BUY_NEXT_OPEN,128.019,128.15341995,10,0.0,0.0,0.6400950000000001,0.6400950000000001,0.06400950000000001
2025-01-07 09:30:00,113526.SH,SELL,REBUILT_TIME_EXIT,105.795,105.68391525,10,-0.010000000000047748,-2.231705500000089,1.0579550000000002,1.0579550000000002,0.10579550000000001
2025-01-07 09:30:00,111021.SH,SELL,REBUILT_RANK_EXIT,119.03,118.9050185,10,2.5900000000000034,0.09308949999990546,1.78286,1.78286,0.178286
2025-01-07 09:30:00,110097.SH,SELL,REBUILT_RANK_EXIT,127.835,127.70077324999998,10,-1.840000000000117,-4.526467000000139,1.2792700000000001,1.2792700000000001,0.127927
2025-01-07 09:30:00,110075.SH,BUY,BUY_NEXT_OPEN,123.713,123.84289865000001,70,0.0,0.0,4.329955,4.329955,0.4329955
2025-01-07 09:30:00,113054.SH,BUY,BUY_NEXT_OPEN,108.517,108.63094285,10,0.0,0.0,0.542585,0.542585,0.0542585
2025-01-07 09:45:00,113054.SH,SELL,REBUILT_RANK_EXIT,108.643,108.52892485,10,1.2600000000000477,-1.020179999999982,1.0857999999999999,1.0857999999999999,0.10858000000000001
2025-01-07 09:45:00,111003.SH,BUY,BUY_NEXT_OPEN,124.94,125.07118700000001,20,0.0,0.0,1.2494,1.2494,0.12494
2025-01-07 09:45:00,111020.SH,BUY,BUY_NEXT_OPEN,130.26,130.39677300000002,50,0.0,0.0,3.2564999999999995,3.2564999999999995,0.32565
2025-01-07 09:45:00,113058.SH,BUY,BUY_NEXT_OPEN,118.47,118.5943935,60,0.0,0.0,3.5541,3.5541,0.35541
2025-01-07 10:00:00,111003.SH,SELL,REBUILT_RANK_EXIT,124.37,124.2394115,10,-5.699999999999932,-8.317755000000034,1.87125,1.87125,0.187125
2025-01-07 10:00:00,111020.SH,SELL,REBUILT_RANK_EXIT,129.0,128.86454999999998,50,-62.999999999999545,-76.61115000000245,6.4815,6.4815,0.64815
2025-01-07 10:00:00,113059.SH,BUY,BUY_NEXT_OPEN,109.964,110.0794622,10,0.0,0.0,0.54982,0.54982,0.054982
2025-01-07 10:15:00,110075.SH,SELL,REBUILT_RANK_EXIT,124.17,124.03962150000001,20,9.140000000000157,3.934457000000293,5.571655,5.571655,0.5571655
2025-01-07 10:15:00,113059.SH,SELL,REBUILT_RANK_EXIT,109.606,109.49091369999998,10,-3.580000000000041,-5.885485000000017,1.09785,1.09785,0.109785
2025-01-07 10:15:00,111020.SH,BUY,BUY_NEXT_OPEN,130.0,130.13649999999998,80,0.0,0.0,5.2,5.2,0.52
2025-01-07 10:15:00,110097.SH,BUY,BUY_NEXT_OPEN,128.733,128.86816965000003,10,0.0,0.0,0.643665,0.643665,0.06436650000000001
2025-01-07 10:30:00,113058.SH,SELL,REBUILT_RANK_EXIT,118.146,118.0219467,30,-9.719999999999942,-17.173403999999664,5.32629,5.32629,0.532629
2025-01-07 10:30:00,111020.SH,SELL,REBUILT_RANK_EXIT,129.147,129.01139565,70,-59.710000000000605,-78.75730449999901,9.720144999999999,9.720144999999999,0.9720145
2025-01-07 10:30:00,110097.SH,SELL,REBUILT_RANK_EXIT,128.16,128.02543200000002,10,-5.730000000000075,-8.427376500000037,1.284465,1.284465,0.12844650000000002
2025-01-07 10:30:00,111009.SH,BUY,BUY_NEXT_OPEN,102.639,102.74677095000001,30,0.0,0.0,1.539585,1.539585,0.1539585
2025-01-07 10:30:00,113046.SH,BUY,BUY_NEXT_OPEN,107.226,107.3385873,20,0.0,0.0,1.07226,1.07226,0.107226
2025-01-07 10:45:00,110086.SH,BUY,BUY_NEXT_OPEN,100.652,100.7576846,50,0.0,0.0,2.5163,2.5163,0.25163
2025-01-07 10:45:00,113055.SH,BUY,BUY_NEXT_OPEN,135.88,136.022674,10,0.0,0.0,0.6794,0.6794,0.06794
2025-01-07 11:00:00,111009.SH,SELL,REBUILT_RANK_EXIT,102.511,102.40336345,10,-1.2800000000000011,-3.434075000000121,2.05214,2.05214,0.205214
2025-01-07 11:00:00,113055.SH,SELL,REBUILT_RANK_EXIT,135.744,135.60146880000002,10,-1.3599999999999568,-4.212051999999858,1.35812,1.35812,0.135812
2025-01-07 11:00:00,111018.SH,BUY,BUY_NEXT_OPEN,113.737,113.85642384999998,10,0.0,0.0,0.568685,0.568685,0.0568685
2025-01-07 11:15:00,110086.SH,SELL,REBUILT_RANK_EXIT,100.459,100.35351805,10,-1.9299999999999784,-4.041665500000022,3.0185950000000004,3.0185950000000004,0.3018595
2025-01-07 11:15:00,111018.SH,SELL,REBUILT_RANK_EXIT,113.787,113.66752365,10,0.5000000000001137,-1.8890019999998913,1.13762,1.13762,0.11376200000000002
2025-01-07 11:15:00,113055.SH,BUY,BUY_NEXT_OPEN,136.751,136.89458855,40,0.0,0.0,2.7350200000000005,2.7350200000000005,0.273502
2025-01-07 11:15:00,110093.SH,BUY,BUY_NEXT_OPEN,115.45,115.57122250000002,10,0.0,0.0,0.57725,0.57725,0.057725000000000005
2025-01-07 11:30:00,113055.SH,SELL,REBUILT_RANK_EXIT,136.781,136.63737995000002,10,0.30000000000001137,-2.5720859999998993,3.4189250000000007,3.4189250000000007,0.34189250000000004
2025-01-07 11:30:00,113059.SH,BUY,BUY_NEXT_OPEN,109.999,110.11449894999998,30,0.0,0.0,1.649985,1.649985,0.1649985
2025-01-07 13:00:00,110093.SH,SELL,REBUILT_RANK_EXIT,115.28,115.15895599999999,10,-1.700000000000017,-4.122665000000325,1.15365,1.15365,0.115365
2025-01-07 13:00:00,110095.SH,BUY,BUY_NEXT_OPEN,95.672,95.7724556,50,0.0,0.0,2.3918,2.3918,0.23918
2025-01-07 13:00:00,110085.SH,BUY,BUY_NEXT_OPEN,110.558,110.67408590000001,10,0.0,0.0,0.55279,0.55279,0.05527900000000001
2025-01-07 13:15:00,113059.SH,SELL,REBUILT_RANK_EXIT,109.686,109.57082969999999,20,-6.2599999999997635,-10.873384999999871,2.746845,2.746845,0.2746845
2025-01-07 13:15:00,110095.SH,SELL,REBUILT_RANK_EXIT,95.725,95.62448875000001,20,1.0599999999999454,-2.9593369999997776,3.34905,3.34905,0.334905
2025-01-07 13:15:00,110085.SH,SELL,REBUILT_RANK_EXIT,110.437,110.32104115000001,10,-1.2100000000000932,-3.5304474999998092,1.104975,1.104975,0.11049750000000001
2025-01-07 13:15:00,113044.SH,BUY,BUY_NEXT_OPEN,114.548,114.66827540000001,180,0.0,0.0,10.309320000000001,10.309320000000001,1.0309320000000002
2025-01-07 13:30:00,113046.SH,SELL,REBUILT_RANK_EXIT,107.136,107.0235072,20,-1.8000000000000682,-6.301602000000003,2.14362,2.14362,0.214362
2025-01-07 13:30:00,111020.SH,BUY,BUY_NEXT_OPEN,130.02,130.156521,30,0.0,0.0,1.9503000000000004,1.9503000000000004,0.19503
2025-01-07 13:30:00,111002.SH,BUY,BUY_NEXT_OPEN,116.765,116.88760324999998,20,0.0,0.0,1.16765,1.16765,0.11676500000000001
2025-01-07 13:30:00,111003.SH,BUY,BUY_NEXT_OPEN,124.198,124.3284079,10,0.0,0.0,0.6209899999999999,0.6209899999999999,0.062099
2025-01-07 13:45:00,113044.SH,SELL,REBUILT_RANK_EXIT,114.6,114.47967,180,9.35999999999865,-33.94897200000196,20.62332,20.62332,2.062332
2025-01-07 13:45:00,113039.SH,BUY,BUY_NEXT_OPEN,122.65,122.7787825,10,0.0,0.0,0.6132500000000001,0.6132500000000001,0.061325000000000005
2025-01-07 14:00:00,113066.SH,BUY,BUY_NEXT_OPEN,131.869,132.00746245,30,0.0,0.0,1.9780350000000002,1.9780350000000002,0.19780350000000002
2025-01-07 14:15:00,113066.SH,SELL,REBUILT_RANK_EXIT,131.21,131.0722295,20,-13.179999999999836,-18.704658999999992,3.2901350000000003,3.2901350000000003,0.3290135
2025-01-07 14:30:00,111020.SH,SELL,REBUILT_RANK_EXIT,131.674,131.53574230000004,30,49.61999999999989,41.37663900000098,3.9254100000000003,3.9254100000000003,0.39254100000000003
2025-01-07 14:30:00,113039.SH,SELL,REBUILT_RANK_EXIT,123.328,123.19850560000002,10,6.779999999999973,4.197231000000102,1.2298900000000001,1.2298900000000001,0.12298900000000001
2025-01-07 14:30:00,111012.SH,BUY,BUY_NEXT_OPEN,153.57,153.7312485,60,0.0,0.0,4.607099999999999,4.607099999999999,0.46071
2025-01-07 14:45:00,111003.SH,SELL,REBUILT_RANK_EXIT,124.899,124.76785605,10,7.010000000000076,4.3944814999999835,1.245485,1.245485,0.1245485
2025-01-07 14:45:00,111012.SH,SELL,REBUILT_TIME_EXIT,154.287,154.12499865,60,43.02000000000078,23.625009000001228,9.23571,9.23571,0.9235710000000001
2025-01-07 14:45:00,110092.SH,BUY,BUY_NEXT_OPEN,79.32,79.403286,80,0.0,0.0,3.1728,3.1728,0.31728
2025-01-07 14:45:00,110095.SH,BUY,BUY_NEXT_OPEN,98.0,98.10290000000002,60,0.0,0.0,2.94,2.94,0.294
2025-01-07 15:00:00,110092.SH,SELL,REBUILT_RANK_EXIT,79.2,79.11684000000001,20,-2.3999999999998067,-5.728919999999562,3.9648000000000003,3.9648000000000003,0.39648
2025-01-07 15:00:00,110095.SH,SELL,REBUILT_TIME_EXIT,98.0,97.89709999999998,20,0.0,-4.116000000000895,3.92,3.92,0.392
2025-01-07 15:00:00,111012.SH,BUY,BUY_NEXT_OPEN,155.3,155.46306500000003,20,0.0,0.0,1.5530000000000002,1.5530000000000002,0.15530000000000002
2025-01-07 15:00:00,113048.SH,BUY,BUY_NEXT_OPEN,106.026,106.13732730000001,40,0.0,0.0,2.12052,2.12052,0.21205200000000002
2025-01-08 09:30:00,111012.SH,SELL,REBUILT_RANK_EXIT,154.0,153.8383,20,-26.000000000000227,-32.4953000000005,3.093,3.093,0.3093
2025-01-08 09:30:00,113048.SH,SELL,REBUILT_RANK_EXIT,106.488,106.37618759999998,10,4.620000000000033,2.388602999999648,2.65296,2.65296,0.26529600000000003
2025-01-08 09:30:00,110095.SH,BUY,BUY_NEXT_OPEN,98.399,98.50231895,120,0.0,0.0,5.90394,5.90394,0.590394
2025-01-08 09:30:00,111020.SH,BUY,BUY_NEXT_OPEN,130.011,130.14751155000002,30,0.0,0.0,1.9501649999999997,1.9501649999999997,0.1950165
2025-01-08 09:45:00,111002.SH,SELL,REBUILT_RANK_EXIT,116.756,116.6334062,10,-0.09000000000000341,-2.541970499999934,1.75143,1.75143,0.17514300000000002
2025-01-08 09:45:00,110095.SH,SELL,REBUILT_RANK_EXIT,97.958,97.85514409999999,120,-52.9200000000003,-77.66098200000124,11.78142,11.78142,1.178142
2025-01-08 09:45:00,111020.SH,SELL,REBUILT_RANK_EXIT,130.635,130.49783325,20,12.479999999999905,7.006433999999899,3.256515,3.256515,0.3256515
2025-01-08 09:45:00,111012.SH,BUY,BUY_NEXT_OPEN,155.972,156.13577060000003,260,0.0,0.0,20.27636,20.27636,2.027636
2025-01-08 09:45:00,113055.SH,BUY,BUY_NEXT_OPEN,138.996,139.14194580000003,50,0.0,0.0,3.4749000000000003,3.4749000000000003,0.34749
2025-01-08 10:00:00,113048.SH,BUY,BUY_NEXT_OPEN,106.59,106.70191950000002,80,0.0,0.0,4.2636,4.2636,0.42636
2025-01-08 10:00:00,113052.SH,BUY,BUY_NEXT_OPEN,113.85,113.9695425,510,0.0,0.0,29.03175,29.03175,2.9031749999999996
2025-01-08 10:15:00,111012.SH,SELL,REBUILT_RANK_EXIT,156.1,155.93609500000002,110,14.07999999999845,-21.964316000001418,28.86186,28.86186,2.8861860000000004
2025-01-08 10:30:00,113042.SH,BUY,BUY_NEXT_OPEN,119.795,119.92078475000001,100,0.0,0.0,5.98975,5.98975,0.598975
2025-01-08 10:45:00,113042.SH,SELL,REBUILT_RANK_EXIT,119.559,119.43346304999999,100,-23.60000000000042,-48.73217000000113,11.9677,11.9677,1.19677
2025-01-08 11:00:00,113055.SH,SELL,REBUILT_RANK_EXIT,139.206,139.05983369999998,20,4.199999999999591,-1.642242000000806,4.866960000000001,4.866960000000001,0.486696
2025-01-08 11:00:00,113052.SH,SELL,REBUILT_RANK_EXIT,113.709,113.58960555,200,-28.199999999998226,-75.98739000000205,40.40265,40.40265,4.040265
2025-01-08 11:15:00,113048.SH,SELL,REBUILT_RANK_EXIT,106.586,106.4740847,80,-0.3200000000003911,-18.226784000000407,8.52704,8.52704,0.8527040000000001
2025-01-08 11:15:00,113059.SH,BUY,BUY_NEXT_OPEN,110.197,110.31270685,10,0.0,0.0,0.5509850000000001,0.5509850000000001,0.0550985
2025-01-08 11:15:00,113067.SH,BUY,BUY_NEXT_OPEN,119.4,119.52537000000002,20,0.0,0.0,1.194,1.194,0.1194
2025-01-08 11:30:00,110075.SH,BUY,BUY_NEXT_OPEN,124.492,124.6227166,20,0.0,0.0,1.24492,1.24492,0.124492
2025-01-08 11:30:00,113052.SH,BUY,BUY_NEXT_OPEN,113.848,113.96754039999999,40,0.0,0.0,2.27696,2.27696,0.227696
2025-01-08 13:00:00,113052.SH,SELL,REBUILT_RANK_EXIT,113.8,113.68051,40,-1.9200000000000728,-11.481215999999222,4.55296,4.55296,0.45529600000000003
2025-01-08 13:15:00,113059.SH,SELL,REBUILT_RANK_EXIT,109.721,109.60579295,10,-4.759999999999991,-7.06913899999995,1.09959,1.09959,0.109959
2025-01-08 13:15:00,113067.SH,SELL,REBUILT_RANK_EXIT,119.105,118.97993975000001,20,-5.900000000000034,-10.90860500000008,2.3850499999999997,2.3850499999999997,0.23850500000000002
2025-01-08 13:15:00,110075.SH,SELL,REBUILT_RANK_EXIT,124.504,124.3732708,20,0.2400000000000091,-4.988916000000245,2.48996,2.48996,0.248996
2025-01-08 13:15:00,113056.SH,BUY,BUY_NEXT_OPEN,118.365,118.48928325,30,0.0,0.0,1.775475,1.775475,0.1775475
2025-01-08 13:15:00,111017.SH,BUY,BUY_NEXT_OPEN,139.598,139.7445779,10,0.0,0.0,0.6979900000000001,0.6979900000000001,0.069799
2025-01-08 13:30:00,113056.SH,SELL,REBUILT_RANK_EXIT,118.186,118.0619047,30,-5.369999999999635,-12.821356500000093,3.548265,3.548265,0.35482650000000004
2025-01-08 13:30:00,111017.SH,SELL,REBUILT_RANK_EXIT,139.479,139.33254705000002,10,-1.1899999999999977,-4.120308499999737,1.395385,1.395385,0.1395385
2025-01-08 13:30:00,111020.SH,BUY,BUY_NEXT_OPEN,132.02,132.158621,10,0.0,0.0,0.6601000000000001,0.6601000000000001,0.06601000000000001
2025-01-08 13:30:00,113062.SH,BUY,BUY_NEXT_OPEN,123.989,124.11918845,60,0.0,0.0,3.7196700000000003,3.7196700000000003,0.37196700000000005
2025-01-08 13:30:00,113066.SH,BUY,BUY_NEXT_OPEN,130.284,130.4207982,30,0.0,0.0,1.9542599999999997,1.9542599999999997,0.195426
2025-01-08 13:45:00,111012.SH,BUY,BUY_NEXT_OPEN,156.52,156.684346,980,0.0,0.0,76.69480000000001,76.69480000000001,7.669480000000001
2025-01-08 13:45:00,110097.SH,BUY,BUY_NEXT_OPEN,128.485,128.61990925000003,10,0.0,0.0,0.642425,0.642425,0.06424250000000001
2025-01-08 14:00:00,111020.SH,SELL,REBUILT_RANK_EXIT,131.698,131.55971710000003,10,-3.2200000000000273,-5.989038999999821,1.3185900000000002,1.3185900000000002,0.131859
2025-01-08 14:00:00,113062.SH,SELL,REBUILT_RANK_EXIT,124.5,124.36927499999999,50,25.549999999999784,12.504327499998908,6.83217,6.83217,0.6832170000000001
2025-01-08 14:15:00,113055.SH,BUY,BUY_NEXT_OPEN,139.816,139.9628068,10,0.0,0.0,0.6990799999999999,0.6990799999999999,0.069908
2025-01-08 14:15:00,113062.SH,BUY,BUY_NEXT_OPEN,124.85,124.9810925,80,0.0,0.0,4.994,4.994,0.49939999999999996
2025-01-08 14:30:00,113066.SH,SELL,REBUILT_RANK_EXIT,131.208,131.07023159999997,10,9.240000000000066,6.494333999999526,2.6102999999999996,2.6102999999999996,0.26103
2025-01-08 14:30:00,113055.SH,SELL,REBUILT_RANK_EXIT,139.796,139.6492142,10,-0.20000000000010232,-3.135926000000154,1.39806,1.39806,0.13980599999999999
2025-01-08 14:45:00,111012.SH,SELL,REBUILT_TIME_EXIT,164.378,164.20540309999998,440,3457.5199999999895,3309.2651239999977,112.85796000000002,112.85796000000002,11.285796000000001
2025-01-08 14:45:00,110097.SH,SELL,REBUILT_RANK_EXIT,130.337,130.20014615,10,18.519999999999754,15.802368999999544,1.2941099999999999,1.2941099999999999,0.129411
2025-01-08 14:45:00,113062.SH,SELL,REBUILT_TIME_EXIT,124.7,124.56906500000001,30,-4.499999999999744,-12.36082499999975,6.8645,6.8645,0.68645
2025-01-08 14:45:00,110092.SH,BUY,BUY_NEXT_OPEN,78.165,78.24707325000001,70,0.0,0.0,2.7357750000000003,2.7357750000000003,0.27357750000000003
2025-01-08 14:45:00,113051.SH,BUY,BUY_NEXT_OPEN,120.286,120.4123003,60,0.0,0.0,3.60858,3.60858,0.360858
2025-01-08 15:00:00,110092.SH,SELL,REBUILT_TIME_EXIT,78.323,78.24076084999999,40,6.319999999999482,-0.25249600000097416,4.302235,4.302235,0.43022350000000004
2025-01-08 15:00:00,111012.SH,BUY,BUY_NEXT_OPEN,165.636,165.8099178,90,0.0,0.0,7.45362,7.45362,0.7453620000000001
2025-01-09 09:30:00,113051.SH,SELL,REBUILT_TIME_EXIT,119.7,119.57431500000001,10,-5.859999999999985,-8.379852999999684,4.2070799999999995,4.2070799999999995,0.420708
2025-01-09 09:30:00,111012.SH,SELL,REBUILT_TIME_EXIT,169.0,168.82255,90,302.7600000000004,271.13689800000066,15.058620000000001,15.058620000000001,1.505862
2025-01-09 09:30:00,113046.SH,BUY,BUY_NEXT_OPEN,107.138,107.25049489999999,10,0.0,0.0,0.53569,0.53569,0.053569000000000006
2025-01-09 09:30:00,113054.SH,BUY,BUY_NEXT_OPEN,108.607,108.72103735,10,0.0,0.0,0.5430349999999999,0.5430349999999999,0.054303500000000005
2025-01-09 09:30:00,113052.SH,BUY,BUY_NEXT_OPEN,113.62,113.739301,120,0.0,0.0,6.817200000000001,6.817200000000001,0.68172
2025-01-09 09:45:00,113052.SH,SELL,REBUILT_RANK_EXIT,113.739,113.61957405,80,9.519999999999982,-9.57815599999958,11.366760000000001,11.366760000000001,1.136676
2025-01-09 09:45:00,110095.SH,BUY,BUY_NEXT_OPEN,99.918,100.0229139,340,0.0,0.0,16.986060000000002,16.986060000000002,1.698606
2025-01-09 09:45:00,113546.SH,BUY,BUY_NEXT_OPEN,148.815,148.97125575,680,0.0,0.0,50.5971,50.5971,5.05971
2025-01-09 10:00:00,113546.SH,SELL,REBUILT_RANK_EXIT,147.756,147.60085619999998,510,-540.0899999999988,-698.9037705000082,88.27488,88.27488,8.827488
2025-01-09 10:00:00,111012.SH,BUY,BUY_NEXT_OPEN,167.4,167.57577,120,0.0,0.0,10.044,10.044,1.0044000000000002
2025-01-09 10:15:00,111012.SH,SELL,REBUILT_RANK_EXIT,166.762,166.5868999,120,-76.56000000000063,-118.6644120000019,20.04972,20.04972,2.0049720000000004
2025-01-09 10:15:00,111020.SH,BUY,BUY_NEXT_OPEN,132.774,132.91341269999998,30,0.0,0.0,1.99161,1.99161,0.199161
2025-01-09 10:30:00,111020.SH,SELL,REBUILT_STOP_LOSS_-1%,131.351,131.21308145,10,-14.230000000000018,-17.003312499999765,2.648365,2.648365,0.26483650000000003
2025-01-09 10:30:00,113059.SH,BUY,BUY_NEXT_OPEN,110.245,110.36075724999999,10,0.0,0.0,0.5512250000000001,0.5512250000000001,0.055122500000000005
2025-01-09 10:45:00,113055.SH,BUY,BUY_NEXT_OPEN,140.848,140.9958904,10,0.0,0.0,0.7042400000000002,0.7042400000000002,0.07042400000000001
2025-01-09 11:00:00,113054.SH,SELL,REBUILT_TIME_EXIT,109.218,109.1033211,10,6.110000000000042,3.8228374999998778,1.0891250000000001,1.0891250000000001,0.10891250000000001
2025-01-09 11:00:00,113055.SH,SELL,REBUILT_RANK_EXIT,140.5,140.35247500000003,10,-3.480000000000132,-6.434153999999808,1.4067400000000003,1.4067400000000003,0.14067400000000002
2025-01-09 11:15:00,110095.SH,SELL,REBUILT_RANK_EXIT,100.6,100.49437,90,61.379999999998915,42.43104899999889,21.513060000000003,21.513060000000003,2.151306
2025-01-09 11:15:00,113059.SH,SELL,REBUILT_RANK_EXIT,110.548,110.4319246,10,3.0299999999999727,0.7116735000001881,1.103965,1.103965,0.11039650000000001
2025-01-09 11:30:00,113062.SH,BUY,BUY_NEXT_OPEN,125.308,125.4395734,10,0.0,0.0,0.62654,0.62654,0.06265400000000002
2025-01-09 11:30:00,113042.SH,BUY,BUY_NEXT_OPEN,119.889,120.01488345,50,0.0,0.0,2.997225,2.997225,0.2997225
2025-01-09 13:00:00,113062.SH,SELL,REBUILT_RANK_EXIT,125.224,125.0925148,10,-0.8400000000000318,-3.470585999999912,1.25266,1.25266,0.12526600000000002
2025-01-09 13:00:00,110095.SH,BUY,BUY_NEXT_OPEN,100.8,100.90583999999998,50,0.0,0.0,2.52,2.52,0.252
2025-01-09 13:00:00,113059.SH,BUY,BUY_NEXT_OPEN,110.07,110.1855735,10,0.0,0.0,0.55035,0.55035,0.055035
2025-01-09 13:15:00,113042.SH,SELL,REBUILT_RANK_EXIT,119.907,119.78109764999998,50,0.9000000000000341,-11.689290000001165,5.9948999999999995,5.9948999999999995,0.5994900000000001
2025-01-09 13:15:00,110095.SH,SELL,REBUILT_RANK_EXIT,100.72,100.614244,50,-3.9999999999999147,-14.579799999999523,5.038,5.038,0.5038
2025-01-09 13:15:00,113059.SH,SELL,REBUILT_RANK_EXIT,110.162,110.0463299,10,0.9200000000001296,-1.3924360000000888,1.1011600000000001,1.1011600000000001,0.110116
2025-01-09 13:30:00,111020.SH,BUY,BUY_NEXT_OPEN,131.956,132.0945538,80,0.0,0.0,5.278239999999999,5.278239999999999,0.527824
2025-01-09 13:30:00,113056.SH,BUY,BUY_NEXT_OPEN,118.25,118.37416249999998,10,0.0,0.0,0.59125,0.59125,0.059125000000000004
2025-01-09 13:45:00,113046.SH,SELL,REBUILT_TIME_EXIT,107.362,107.2492699,10,2.2399999999998954,-0.012249999999994543,1.0725,1.0725,0.10725000000000001
2025-01-09 13:45:00,113056.SH,SELL,REBUILT_RANK_EXIT,118.197,118.07289315,10,-0.5299999999999727,-3.012693499999841,1.1822350000000001,1.1822350000000001,0.11822350000000001
2025-01-09 13:45:00,110095.SH,BUY,BUY_NEXT_OPEN,100.869,100.97491244999999,310,0.0,0.0,15.634695,15.634695,1.5634695
2025-01-09 13:45:00,113052.SH,BUY,BUY_NEXT_OPEN,114.302,114.42201710000002,190,0.0,0.0,10.858690000000001,10.858690000000001,1.0858690000000002
2025-01-09 14:00:00,113052.SH,SELL,REBUILT_RANK_EXIT,114.067,113.94722964999998,100,-23.500000000001364,-47.478745000002164,16.562040000000003,16.562040000000003,1.6562040000000002
2025-01-09 14:15:00,110084.SH,BUY,BUY_NEXT_OPEN,118.248,118.3721604,40,0.0,0.0,2.36496,2.36496,0.23649600000000004
2025-01-09 14:15:00,113066.SH,BUY,BUY_NEXT_OPEN,131.293,131.43085765000004,50,0.0,0.0,3.2823250000000006,3.2823250000000006,0.32823250000000004
2025-01-09 14:15:00,113049.SH,BUY,BUY_NEXT_OPEN,112.023,112.14062415,10,0.0,0.0,0.560115,0.560115,0.0560115
2025-01-09 14:30:00,110084.SH,SELL,REBUILT_RANK_EXIT,117.842,117.7182659,10,-4.060000000000059,-6.538945000000012,2.95417,2.95417,0.29541700000000004
2025-01-09 14:45:00,111020.SH,SELL,REBUILT_TIME_EXIT,133.374,133.2339573,40,56.720000000000255,45.576139999999214,7.94572,7.94572,0.7945720000000001
2025-01-09 14:45:00,110095.SH,SELL,REBUILT_TIME_EXIT,102.8,102.69206,310,598.6099999999992,532.315740500002,31.568695,31.568695,3.1568695
2025-01-09 14:45:00,113066.SH,SELL,REBUILT_TIME_EXIT,131.794,131.6556163,40,20.04000000000019,8.99034599999868,5.918205,5.918205,0.5918205000000001
2025-01-09 15:00:00,111020.SH,BUY,BUY_NEXT_OPEN,133.649,133.78933145,10,0.0,0.0,0.668245,0.668245,0.06682450000000001
2025-01-10 09:30:00,111020.SH,SELL,REBUILT_TIME_EXIT,133.3,133.160035,10,-3.4899999999998954,-6.2929644999999255,1.3347449999999998,1.3347449999999998,0.13347450000000002
2025-01-10 09:30:00,111012.SH,BUY,BUY_NEXT_OPEN,166.987,167.16233635,310,0.0,0.0,25.882984999999998,25.882984999999998,2.5882985
2025-01-10 09:45:00,111020.SH,BUY,BUY_NEXT_OPEN,134.236,134.37694779999998,280,0.0,0.0,18.793039999999998,18.793039999999998,1.8793039999999999
2025-01-10 09:45:00,113046.SH,BUY,BUY_NEXT_OPEN,107.45,107.5628225,10,0.0,0.0,0.53725,0.53725,0.05372500000000001
2025-01-10 10:00:00,111012.SH,SELL,REBUILT_RANK_EXIT,168.527,168.35004665,310,477.39999999999753,368.1901929999949,52.00466999999999,52.00466999999999,5.200467
2025-01-10 10:00:00,111020.SH,SELL,REBUILT_STOP_LOSS_-1%,132.376,132.23700519999997,110,-204.59999999999837,-235.39368600000125,26.073719999999998,26.073719999999998,2.607372
2025-01-10 10:00:00,113046.SH,SELL,REBUILT_RANK_EXIT,107.38,107.26725099999999,10,-0.7000000000000739,-2.9557150000000547,1.07415,1.07415,0.10741500000000001
2025-01-10 10:00:00,111004.SH,BUY,BUY_NEXT_OPEN,105.266,105.3765293,20,0.0,0.0,1.0526600000000002,1.0526600000000002,0.105266
2025-01-10 10:15:00,113049.SH,SELL,REBUILT_TIME_EXIT,112.091,111.97330445,10,0.6799999999999784,-1.6731969999998455,1.1205699999999998,1.1205699999999998,0.11205699999999999
2025-01-10 10:15:00,111004.SH,SELL,REBUILT_RANK_EXIT,104.901,104.79085394999998,10,-3.650000000000091,-5.856753500000195,1.5771650000000002,1.5771650000000002,0.1577165
2025-01-10 10:15:00,111012.SH,BUY,BUY_NEXT_OPEN,169.22,169.397681,390,0.0,0.0,32.9979,32.9979,3.29979
2025-01-10 10:15:00,113043.SH,BUY,BUY_NEXT_OPEN,115.458,115.57923089999998,10,0.0,0.0,0.5772900000000001,0.5772900000000001,0.057729
2025-01-10 10:15:00,110075.SH,BUY,BUY_NEXT_OPEN,125.361,125.49262905,50,0.0,0.0,3.134025,3.134025,0.31340250000000003
2025-01-10 10:30:00,111012.SH,SELL,REBUILT_RANK_EXIT,168.618,168.4409511,390,-234.7800000000015,-373.1246609999944,65.87841,65.87841,6.587840999999999
2025-01-10 10:30:00,113043.SH,SELL,REBUILT_RANK_EXIT,115.186,115.06505470000002,10,-2.7199999999999136,-5.141761999999744,1.1532200000000001,1.1532200000000001,0.11532200000000001
2025-01-10 10:30:00,110076.SH,BUY,BUY_NEXT_OPEN,111.955,112.07255275,20,0.0,0.0,1.11955,1.11955,0.111955
2025-01-10 10:30:00,111000.SH,BUY,BUY_NEXT_OPEN,116.071,116.19287455,10,0.0,0.0,0.580355,0.580355,0.058035500000000004
2025-01-10 11:00:00,111012.SH,BUY,BUY_NEXT_OPEN,171.188,171.36774739999996,660,0.0,0.0,56.492039999999996,56.492039999999996,5.649204
2025-01-10 11:00:00,113062.SH,BUY,BUY_NEXT_OPEN,123.651,123.78083355,20,0.0,0.0,1.23651,1.23651,0.12365100000000001
2025-01-10 11:15:00,110076.SH,SELL,REBUILT_RANK_EXIT,112.138,112.02025510000001,10,1.8300000000000693,-0.5229764999999134,1.68024,1.68024,0.168024
2025-01-10 11:15:00,113062.SH,SELL,REBUILT_RANK_EXIT,123.604,123.4742158,20,-0.9399999999999409,-6.132354999999734,2.47255,2.47255,0.247255
2025-01-10 11:30:00,111004.SH,BUY,BUY_NEXT_OPEN,105.852,105.9631446,10,0.0,0.0,0.5292600000000001,0.5292600000000001,0.05292600000000001
2025-01-10 13:00:00,110075.SH,SELL,REBUILT_TIME_EXIT,125.447,125.31528064999999,20,1.7199999999999704,-3.5469680000001063,4.388495,4.388495,0.4388495
2025-01-10 13:00:00,111012.SH,SELL,REBUILT_RANK_EXIT,173.283,173.10105284999997,350,733.2499999999995,606.656907500008,86.816565,86.816565,8.681656499999999
2025-01-10 13:00:00,111004.SH,SELL,REBUILT_RANK_EXIT,105.087,104.97665865,10,-7.650000000000006,-9.864859499999966,1.0546950000000002,1.0546950000000002,0.10546950000000002
2025-01-10 13:00:00,110085.SH,BUY,BUY_NEXT_OPEN,110.316,110.43183180000001,10,0.0,0.0,0.5515800000000001,0.5515800000000001,0.055158000000000006
2025-01-10 13:15:00,110085.SH,SELL,REBUILT_RANK_EXIT,110.136,110.02035719999998,10,-1.8000000000000682,-4.114746000000196,1.10226,1.10226,0.110226
2025-01-10 13:15:00,113054.SH,BUY,BUY_NEXT_OPEN,109.2,109.31465999999999,30,0.0,0.0,1.6380000000000001,1.6380000000000001,0.1638
2025-01-10 13:30:00,111000.SH,SELL,REBUILT_RANK_EXIT,115.945,115.82325774999998,10,-1.2600000000000477,-3.6961679999999433,1.1600799999999998,1.1600799999999998,0.116008
2025-01-10 13:30:00,111012.SH,BUY,BUY_NEXT_OPEN,174.576,174.7593048,590,0.0,0.0,51.49992,51.49992,5.149992
2025-01-10 13:30:00,111004.SH,BUY,BUY_NEXT_OPEN,105.193,105.30345265000001,10,0.0,0.0,0.525965,0.525965,0.052596500000000004
2025-01-10 13:30:00,113043.SH,BUY,BUY_NEXT_OPEN,115.101,115.22185605000001,10,0.0,0.0,0.5755049999999999,0.5755049999999999,0.057550500000000004
2025-01-10 13:45:00,111020.SH,BUY,BUY_NEXT_OPEN,133.501,133.64117605000004,80,0.0,0.0,5.34004,5.34004,0.534004
2025-01-10 14:00:00,113054.SH,SELL,REBUILT_RANK_EXIT,109.305,109.19022975,30,3.1500000000001194,-3.732907499999783,3.2775750000000006,3.2775750000000006,0.32775750000000003
2025-01-10 14:00:00,113043.SH,SELL,REBUILT_RANK_EXIT,115.147,115.02609565,10,0.4600000000000648,-1.957604000000174,1.15124,1.15124,0.115124
2025-01-10 14:15:00,111017.SH,BUY,BUY_NEXT_OPEN,137.73,137.87461649999997,10,0.0,0.0,0.68865,0.68865,0.068865
2025-01-10 14:15:00,110085.SH,BUY,BUY_NEXT_OPEN,110.405,110.52092524999999,50,0.0,0.0,2.760125,2.760125,0.2760125
2025-01-10 14:45:00,111004.SH,SELL,REBUILT_RANK_EXIT,105.197,105.08654315,10,0.040000000000048885,-2.1690950000001976,1.0519500000000002,1.0519500000000002,0.10519500000000001
2025-01-10 14:45:00,111020.SH,SELL,REBUILT_TIME_EXIT,136.053,135.91014435,40,102.0799999999997,90.75873199999842,8.0611,8.0611,0.8061100000000001
2025-01-10 14:45:00,111017.SH,SELL,REBUILT_TIME_EXIT,137.739,137.59437405,10,0.09000000000014552,-2.8024244999999155,1.377345,1.377345,0.13773449999999998
2025-01-10 14:45:00,110085.SH,SELL,REBUILT_RANK_EXIT,110.133,110.01736035,50,-13.600000000000279,-25.17824499999915,5.51345,5.51345,0.551345
2025-01-10 15:00:00,111012.SH,SELL,REBUILT_RANK_EXIT,178.875,178.68718125,330,1418.6700000000021,1296.1992285000015,81.014295,81.014295,8.1014295
2025-01-10 15:00:00,111020.SH,BUY,BUY_NEXT_OPEN,137.54,137.684417,30,0.0,0.0,2.0631,2.0631,0.20631000000000002
2025-01-10 15:00:00,113051.SH,BUY,BUY_NEXT_OPEN,119.542,119.66751909999999,10,0.0,0.0,0.5977100000000001,0.5977100000000001,0.059771
2025-01-13 09:30:00,111020.SH,SELL,REBUILT_TIME_EXIT,138.0,137.85510000000002,30,13.800000000000239,5.120490000000245,4.133100000000001,4.133100000000001,0.41331000000000007
2025-01-13 09:30:00,110075.SH,BUY,BUY_NEXT_OPEN,125.225,125.35648624999999,30,0.0,0.0,1.8783750000000001,1.8783750000000001,0.18783750000000002
2025-01-13 09:30:00,111004.SH,BUY,BUY_NEXT_OPEN,105.0,105.11025,10,0.0,0.0,0.525,0.525,0.052500000000000005
2025-01-13 09:45:00,110075.SH,SELL,REBUILT_STOP_LOSS_-1%,123.412,123.2824174,30,-54.389999999999645,-62.222065499999644,3.7295550000000004,3.7295550000000004,0.37295550000000005
2025-01-13 09:45:00,111004.SH,SELL,REBUILT_RANK_EXIT,104.809,104.69895055,10,-1.910000000000025,-4.112994499999786,1.049045,1.049045,0.10490450000000001
2025-01-13 09:45:00,111000.SH,BUY,BUY_NEXT_OPEN,115.7,115.82148500000001,10,0.0,0.0,0.5785,0.5785,0.05785
2025-01-13 09:45:00,110084.SH,BUY,BUY_NEXT_OPEN,117.109,117.23196444999999,60,0.0,0.0,3.51327,3.51327,0.351327
2025-01-13 10:00:00,110084.SH,SELL,REBUILT_RANK_EXIT,117.048,116.9250996,40,-2.4399999999997135,-12.274593999999524,5.854229999999999,5.854229999999999,0.585423
2025-01-13 10:00:00,113043.SH,BUY,BUY_NEXT_OPEN,115.666,115.7874493,80,0.0,0.0,4.62664,4.62664,0.46266399999999996
2025-01-13 10:00:00,110092.SH,BUY,BUY_NEXT_OPEN,76.424,76.50424520000001,50,0.0,0.0,1.9106,1.9106,0.19106000000000004
2025-01-13 10:15:00,113051.SH,SELL,REBUILT_RANK_EXIT,119.18,119.054861,10,-3.6199999999999477,-6.12658099999976,1.19361,1.19361,0.119361
2025-01-13 10:15:00,111000.SH,SELL,REBUILT_RANK_EXIT,115.911,115.78929344999999,10,2.109999999999985,-0.3219155000001592,1.158055,1.158055,0.1158055
2025-01-13 10:15:00,110092.SH,SELL,REBUILT_RANK_EXIT,76.4,76.31978,40,-0.9600000000000364,-7.378608000000895,3.4386,3.4386,0.34386000000000005
2025-01-13 10:15:00,113066.SH,BUY,BUY_NEXT_OPEN,130.859,130.99640195,10,0.0,0.0,0.6542950000000001,0.6542950000000001,0.0654295
2025-01-13 10:30:00,111020.SH,BUY,BUY_NEXT_OPEN,139.924,140.07092020000002,20,0.0,0.0,1.3992400000000003,1.3992400000000003,0.13992400000000002
2025-01-13 10:30:00,110087.SH,BUY,BUY_NEXT_OPEN,106.749,106.86108645,10,0.0,0.0,0.533745,0.533745,0.0533745
2025-01-13 10:45:00,113043.SH,SELL,REBUILT_RANK_EXIT,115.3,115.17893500000001,10,-3.6599999999999966,-6.085143000000016,5.20314,5.20314,0.5203139999999999
2025-01-13 10:45:00,113066.SH,SELL,REBUILT_RANK_EXIT,130.835,130.69762325000002,10,-0.2400000000000091,-2.9877870000000257,1.3084700000000002,1.3084700000000002,0.130847
2025-01-13 10:45:00,111020.SH,SELL,REBUILT_RANK_EXIT,139.119,138.97292505000001,20,-16.100000000000136,-21.959903000000395,2.79043,2.79043,0.27904300000000004
2025-01-13 10:45:00,110097.SH,BUY,BUY_NEXT_OPEN,127.05,127.1834025,30,0.0,0.0,1.9057499999999998,1.9057499999999998,0.19057500000000002
2025-01-13 11:00:00,110093.SH,BUY,BUY_NEXT_OPEN,117.832,117.95572359999998,20,0.0,0.0,1.1783199999999998,1.1783199999999998,0.117832
2025-01-13 11:00:00,113051.SH,BUY,BUY_NEXT_OPEN,119.38,119.505349,20,0.0,0.0,1.1938,1.1938,0.11938000000000001
2025-01-13 11:00:00,110092.SH,BUY,BUY_NEXT_OPEN,76.859,76.93970195000001,20,0.0,0.0,0.76859,0.76859,0.076859
2025-01-13 11:15:00,113051.SH,SELL,REBUILT_RANK_EXIT,119.29,119.1647455,10,-0.899999999999892,-3.4060349999999744,1.79025,1.79025,0.17902500000000002
2025-01-13 11:15:00,110092.SH,SELL,REBUILT_RANK_EXIT,76.695,76.61447025,10,-1.6400000000000148,-3.2523170000001755,1.152065,1.152065,0.11520649999999999
2025-01-13 11:30:00,113044.SH,BUY,BUY_NEXT_OPEN,109.146,109.26060330000001,60,0.0,0.0,3.2743800000000003,3.2743800000000003,0.327438
2025-01-13 13:00:00,110086.SH,BUY,BUY_NEXT_OPEN,101.41,101.51648049999999,10,0.0,0.0,0.50705,0.50705,0.050705
2025-01-13 13:15:00,110093.SH,SELL,REBUILT_RANK_EXIT,117.115,116.99202924999999,10,-7.1699999999999875,-9.636943499999916,1.7638949999999998,1.7638949999999998,0.1763895
2025-01-13 13:15:00,110086.SH,SELL,REBUILT_RANK_EXIT,101.405,101.29852475,10,-0.049999999999954525,-2.1795574999998735,1.014075,1.014075,0.1014075
2025-01-13 13:30:00,110097.SH,SELL,REBUILT_RANK_EXIT,127.58,127.44604100000001,10,5.300000000000011,2.6263850000000275,2.54365,2.54365,0.254365
2025-01-13 13:30:00,113044.SH,SELL,REBUILT_RANK_EXIT,109.4,109.28513000000001,60,15.240000000000293,1.4716019999996206,6.556380000000001,6.556380000000001,0.655638
2025-01-13 13:45:00,110087.SH,SELL,REBUILT_RANK_EXIT,106.529,106.41714455,10,-2.1999999999999886,-4.439418999999816,1.0663900000000002,1.0663900000000002,0.106639
2025-01-13 13:45:00,111021.SH,BUY,BUY_NEXT_OPEN,119.973,120.09897164999998,30,0.0,0.0,1.799595,1.799595,0.17995950000000002
2025-01-13 13:45:00,113059.SH,BUY,BUY_NEXT_OPEN,110.197,110.31270685,30,0.0,0.0,1.652955,1.652955,0.1652955
2025-01-13 13:45:00,110085.SH,BUY,BUY_NEXT_OPEN,110.032,110.14753359999999,40,0.0,0.0,2.20064,2.20064,0.22006399999999998
2025-01-13 14:00:00,111021.SH,SELL,REBUILT_RANK_EXIT,119.451,119.32557645,10,-5.220000000000056,-7.733951999999817,2.39685,2.39685,0.23968500000000004
2025-01-13 14:00:00,110092.SH,BUY,BUY_NEXT_OPEN,77.057,77.13790985,30,0.0,0.0,1.155855,1.155855,0.11558550000000001
2025-01-13 14:00:00,111004.SH,BUY,BUY_NEXT_OPEN,105.335,105.44560175,20,0.0,0.0,1.05335,1.05335,0.105335
2025-01-13 14:15:00,110092.SH,SELL,REBUILT_RANK_EXIT,76.886,76.8052697,20,-3.4200000000001296,-6.652803000000176,1.924715,1.924715,0.19247150000000002
2025-01-13 14:30:00,111004.SH,SELL,REBUILT_RANK_EXIT,105.311,105.20042345,10,-0.239999999999867,-2.4517829999999776,1.5799050000000001,1.5799050000000001,0.1579905
2025-01-13 14:30:00,113046.SH,BUY,BUY_NEXT_OPEN,107.831,107.94422255,20,0.0,0.0,1.07831,1.07831,0.10783100000000001
2025-01-13 14:45:00,113059.SH,SELL,REBUILT_RANK_EXIT,109.936,109.8205672,30,-7.82999999999987,-14.764189499999702,3.301995,3.301995,0.33019950000000003
2025-01-13 14:45:00,110085.SH,SELL,REBUILT_TIME_EXIT,110.133,110.01736035,40,4.039999999999964,-5.206929999999375,4.4033,4.4033,0.44033
2025-01-13 14:45:00,113054.SH,BUY,BUY_NEXT_OPEN,109.293,109.40775765000001,20,0.0,0.0,1.0929300000000002,1.0929300000000002,0.10929300000000002
2025-01-14 09:30:00,110085.SH,BUY,BUY_NEXT_OPEN,110.399,110.51491895,10,0.0,0.0,0.551995,0.551995,0.0551995
2025-01-14 09:30:00,110075.SH,BUY,BUY_NEXT_OPEN,124.36,124.490578,60,0.0,0.0,3.7308,3.7308,0.37308
2025-01-14 09:45:00,113046.SH,SELL,REBUILT_RANK_EXIT,107.874,107.76073229999999,10,0.42999999999992156,-1.8349024999999983,1.61768,1.61768,0.16176800000000002
2025-01-14 09:45:00,110085.SH,SELL,REBUILT_RANK_EXIT,110.218,110.1022711,10,-1.8099999999999739,-4.126478499999848,1.103085,1.103085,0.1103085
2025-01-14 09:45:00,111003.SH,BUY,BUY_NEXT_OPEN,125.35,125.4816175,10,0.0,0.0,0.6267499999999999,0.6267499999999999,0.062675
2025-01-14 10:00:00,110092.SH,BUY,BUY_NEXT_OPEN,78.146,78.2280533,60,0.0,0.0,2.34438,2.34438,0.23443799999999998
2025-01-14 10:00:00,110085.SH,BUY,BUY_NEXT_OPEN,111.008,111.1245584,80,0.0,0.0,4.44032,4.44032,0.44403200000000004
2025-01-14 10:15:00,110092.SH,SELL,REBUILT_RANK_EXIT,78.196,78.1138942,60,2.9999999999998295,-6.849545999999464,4.69026,4.69026,0.46902599999999994
2025-01-14 10:30:00,110085.SH,SELL,REBUILT_RANK_EXIT,110.876,110.75958020000002,20,-2.639999999999816,-7.299563999999464,5.54908,5.54908,0.5549080000000001
2025-01-14 10:45:00,113054.SH,SELL,REBUILT_TIME_EXIT,109.26,109.145277,10,-0.3300000000000125,-2.6248065000002043,1.6392300000000002,1.6392300000000002,0.16392300000000004
2025-01-14 10:45:00,110095.SH,BUY,BUY_NEXT_OPEN,99.751,99.85573855,40,0.0,0.0,1.9950200000000002,1.9950200000000002,0.199502
2025-01-14 11:00:00,110075.SH,SELL,REBUILT_RANK_EXIT,125.3,125.16843499999999,40,37.59999999999991,27.11427999999978,6.2368,6.2368,0.62368
2025-01-14 11:00:00,113062.SH,BUY,BUY_NEXT_OPEN,123.336,123.4655028,170,0.0,0.0,10.48356,10.48356,1.048356
2025-01-14 11:00:00,113051.SH,BUY,BUY_NEXT_OPEN,119.371,119.49633955,60,0.0,0.0,3.58113,3.58113,0.358113
2025-01-14 11:15:00,113062.SH,SELL,REBUILT_RANK_EXIT,123.178,123.0486631,20,-3.160000000000025,-8.336793999999827,11.715340000000001,11.715340000000001,1.171534
2025-01-14 11:15:00,113051.SH,SELL,REBUILT_RANK_EXIT,119.381,119.25564994999999,20,0.20000000000010232,-4.813791999999921,4.77494,4.77494,0.47749400000000003
2025-01-14 11:15:00,110092.SH,BUY,BUY_NEXT_OPEN,79.15,79.2331075,120,0.0,0.0,4.7490000000000006,4.7490000000000006,0.4749
2025-01-14 13:00:00,110092.SH,SELL,REBUILT_RANK_EXIT,78.939,78.85611405,120,-25.320000000001528,-45.239214000001084,9.48534,9.48534,0.948534
2025-01-14 13:00:00,111015.SH,BUY,BUY_NEXT_OPEN,111.7,111.81728500000001,10,0.0,0.0,0.5585,0.5585,0.055850000000000004
2025-01-14 13:00:00,110097.SH,BUY,BUY_NEXT_OPEN,128.92,129.055366,10,0.0,0.0,0.6445999999999998,0.6445999999999998,0.06445999999999999
2025-01-14 13:15:00,110092.SH,BUY,BUY_NEXT_OPEN,79.798,79.8817879,190,0.0,0.0,7.5808100000000005,7.5808100000000005,0.758081
2025-01-14 13:30:00,110095.SH,SELL,REBUILT_RANK_EXIT,100.854,100.7481033,40,44.11999999999978,35.69459000000006,4.0121,4.0121,0.40121
2025-01-14 13:30:00,110097.SH,SELL,REBUILT_RANK_EXIT,129.35,129.2141825,10,4.300000000000068,1.58816499999989,1.2913499999999998,1.2913499999999998,0.129135
2025-01-14 13:30:00,110092.SH,SELL,REBUILT_RANK_EXIT,79.86,79.77614700000001,190,11.779999999999546,-20.07177099999899,15.16751,15.16751,1.516751
2025-01-14 13:45:00,113048.SH,BUY,BUY_NEXT_OPEN,108.468,108.58189139999999,40,0.0,0.0,2.16936,2.16936,0.21693600000000002
2025-01-14 13:45:00,113058.SH,BUY,BUY_NEXT_OPEN,120.155,120.28116275000001,40,0.0,0.0,2.4031,2.4031,0.24031
2025-01-14 13:45:00,110085.SH,BUY,BUY_NEXT_OPEN,110.944,111.06049119999999,100,0.0,0.0,5.5472,5.5472,0.55472
2025-01-14 14:00:00,110085.SH,SELL,REBUILT_RANK_EXIT,111.035,110.91841325000001,60,5.4599999999996385,-8.524676999998519,8.87825,8.87825,0.8878250000000001
2025-01-14 14:15:00,111015.SH,SELL,REBUILT_RANK_EXIT,112.367,112.24901464999999,10,6.670000000000016,4.317296499999657,1.120335,1.120335,0.11203350000000001
2025-01-14 14:15:00,113058.SH,SELL,REBUILT_RANK_EXIT,119.713,119.58730135,20,-8.840000000000146,-13.877227999999832,3.60023,3.60023,0.360023
2025-01-14 14:15:00,111018.SH,BUY,BUY_NEXT_OPEN,115.031,115.15178255,20,0.0,0.0,1.1503100000000002,1.1503100000000002,0.11503100000000001
2025-01-14 14:30:00,111003.SH,SELL,REBUILT_RANK_EXIT,125.858,125.7258491,10,5.080000000000098,2.442316000000119,1.25604,1.25604,0.125604
2025-01-14 14:30:00,110093.SH,BUY,BUY_NEXT_OPEN,119.033,119.15798465,40,0.0,0.0,2.3806599999999998,2.3806599999999998,0.238066
2025-01-14 14:30:00,113066.SH,BUY,BUY_NEXT_OPEN,132.314,132.4529297,30,0.0,0.0,1.9847099999999998,1.9847099999999998,0.19847099999999998
2025-01-14 14:45:00,113048.SH,SELL,REBUILT_RANK_EXIT,108.532,108.41804139999999,40,2.559999999999718,-6.554000000000087,4.34,4.34,0.43400000000000005
2025-01-14 14:45:00,111018.SH,SELL,REBUILT_TIME_EXIT,115.301,115.17993395000002,10,2.69999999999996,0.28151400000047033,1.7268150000000002,1.7268150000000002,0.17268150000000002
2025-01-14 14:45:00,110093.SH,SELL,REBUILT_TIME_EXIT,118.56,118.435512,40,-18.91999999999996,-28.898906000000352,4.75186,4.75186,0.475186
2025-01-14 14:45:00,113066.SH,SELL,REBUILT_RANK_EXIT,132.303,132.16408185000003,20,-0.2199999999999136,-5.776956999999584,3.30774,3.30774,0.330774
2025-01-14 14:45:00,110092.SH,BUY,BUY_NEXT_OPEN,80.755,80.83979275,350,0.0,0.0,14.132124999999998,14.132124999999998,1.4132125
2025-01-14 15:00:00,110092.SH,SELL,REBUILT_TIME_EXIT,81.274,81.18866229999999,50,25.950000000000273,17.443477499999517,16.163974999999997,16.163974999999997,1.6163975
2025-01-14 15:00:00,110095.SH,BUY,BUY_NEXT_OPEN,102.468,102.5755914,30,0.0,0.0,1.53702,1.53702,0.153702
2025-01-15 09:30:00,110095.SH,SELL,REBUILT_RANK_EXIT,102.1,101.99279499999999,30,-11.040000000000276,-17.483892000000196,3.06852,3.06852,0.306852
2025-01-15 09:30:00,110085.SH,BUY,BUY_NEXT_OPEN,111.0,111.11654999999999,40,0.0,0.0,2.22,2.22,0.222
2025-01-15 09:30:00,113043.SH,BUY,BUY_NEXT_OPEN,117.617,117.74049785,10,0.0,0.0,0.5880850000000001,0.5880850000000001,0.05880850000000001
2025-01-15 09:45:00,110085.SH,SELL,REBUILT_RANK_EXIT,110.878,110.76157809999998,20,-2.4399999999999977,-7.099438000000191,3.32878,3.32878,0.332878
2025-01-15 09:45:00,113043.SH,SELL,REBUILT_RANK_EXIT,117.57,117.4465515,10,-0.47000000000011255,-2.9394635000001017,1.175935,1.175935,0.11759350000000002
2025-01-15 09:45:00,111014.SH,BUY,BUY_NEXT_OPEN,113.8,113.91949,250,0.0,0.0,14.225,14.225,1.4224999999999999
2025-01-15 09:45:00,111000.SH,BUY,BUY_NEXT_OPEN,119.54,119.66551700000001,190,0.0,0.0,11.356300000000001,11.356300000000001,1.1356300000000001
2025-01-15 09:45:00,113044.SH,BUY,BUY_NEXT_OPEN,110.726,110.8422623,400,0.0,0.0,22.145200000000003,22.145200000000003,2.21452
2025-01-15 10:00:00,111000.SH,SELL,REBUILT_STOP_LOSS_-1%,118.082,117.95801390000001,30,-43.74000000000038,-51.225093000000015,13.12753,13.12753,1.312753
2025-01-15 10:00:00,113527.SH,BUY,BUY_NEXT_OPEN,115.003,115.12375315,20,0.0,0.0,1.15003,1.15003,0.115003
2025-01-15 10:15:00,111014.SH,SELL,REBUILT_RANK_EXIT,113.004,112.88534580000001,100,-79.59999999999923,-103.41441999999915,19.8752,19.8752,1.98752
2025-01-15 10:15:00,113059.SH,BUY,BUY_NEXT_OPEN,110.89,111.00643450000001,30,0.0,0.0,1.66335,1.66335,0.166335
2025-01-15 10:15:00,113053.SH,BUY,BUY_NEXT_OPEN,106.449,106.56077144999999,10,0.0,0.0,0.532245,0.532245,0.0532245
2025-01-15 10:30:00,113053.SH,SELL,REBUILT_RANK_EXIT,106.376,106.2643052,10,-0.7299999999999329,-2.9646625000000313,1.064125,1.064125,0.1064125
2025-01-15 10:30:00,111014.SH,BUY,BUY_NEXT_OPEN,113.21,113.32887050000001,50,0.0,0.0,2.83025,2.83025,0.28302499999999997
2025-01-15 10:45:00,113044.SH,SELL,REBUILT_RANK_EXIT,111.364,111.2470678,160,102.08000000000084,64.76887999999963,31.054320000000004,31.054320000000004,3.105432
2025-01-15 10:45:00,113527.SH,SELL,REBUILT_RANK_EXIT,114.951,114.83030145000001,10,-0.5200000000000671,-2.9345169999999143,1.7247850000000002,1.7247850000000002,0.17247849999999998
2025-01-15 10:45:00,111014.SH,SELL,REBUILT_RANK_EXIT,113.12,113.001224,40,-3.599999999999568,-13.105860000000575,5.092650000000001,5.092650000000001,0.509265
2025-01-15 10:45:00,110092.SH,BUY,BUY_NEXT_OPEN,81.619,81.70469994999999,90,0.0,0.0,3.6728549999999998,3.6728549999999998,0.3672855
2025-01-15 11:00:00,110095.SH,BUY,BUY_NEXT_OPEN,102.868,102.97601139999999,320,0.0,0.0,16.45888,16.45888,1.645888
2025-01-15 11:00:00,110073.SH,BUY,BUY_NEXT_OPEN,115.935,116.05673175000001,60,0.0,0.0,3.4780500000000005,3.4780500000000005,0.34780500000000003
2025-01-15 11:00:00,110097.SH,BUY,BUY_NEXT_OPEN,129.5,129.635975,10,0.0,0.0,0.6475,0.6475,0.06475
2025-01-15 11:15:00,113059.SH,SELL,REBUILT_RANK_EXIT,111.246,111.1291917,30,10.679999999999836,3.6827159999998003,3.33204,3.33204,0.333204
2025-01-15 11:15:00,110073.SH,SELL,REBUILT_RANK_EXIT,115.956,115.8342462,40,0.8400000000000318,-8.899422000000413,5.79717,5.79717,0.579717
2025-01-15 11:15:00,110097.SH,SELL,REBUILT_RANK_EXIT,129.639,129.50287905000002,10,1.3900000000001,-1.3309594999998353,1.295695,1.295695,0.1295695
2025-01-15 11:30:00,110092.SH,SELL,REBUILT_RANK_EXIT,81.846,81.7600617,20,4.540000000000077,1.1072350000001734,4.491315,4.491315,0.4491315
2025-01-15 11:30:00,113059.SH,BUY,BUY_NEXT_OPEN,111.682,111.7992661,20,0.0,0.0,1.1168200000000001,1.1168200000000001,0.11168200000000002
2025-01-15 13:00:00,110087.SH,BUY,BUY_NEXT_OPEN,107.7,107.813085,20,0.0,0.0,1.077,1.077,0.1077
2025-01-15 13:15:00,110095.SH,SELL,REBUILT_RANK_EXIT,104.09,103.98070549999998,110,134.42000000000093,110.5163509999984,22.18383,22.18383,2.218383
2025-01-15 13:15:00,111002.SH,BUY,BUY_NEXT_OPEN,119.146,119.27110330000001,20,0.0,0.0,1.19146,1.19146,0.119146
2025-01-15 13:30:00,111002.SH,SELL,REBUILT_RANK_EXIT,118.989,118.86406155,20,-3.1399999999999295,-8.140835000000152,2.3813500000000003,2.3813500000000003,0.238135
2025-01-15 13:30:00,113054.SH,BUY,BUY_NEXT_OPEN,109.795,109.91028474999999,20,0.0,0.0,1.09795,1.09795,0.10979500000000002
2025-01-15 13:30:00,113046.SH,BUY,BUY_NEXT_OPEN,108.506,108.6199313,10,0.0,0.0,0.5425300000000001,0.5425300000000001,0.054253
2025-01-15 13:45:00,113059.SH,SELL,REBUILT_RANK_EXIT,111.636,111.51878219999999,20,-0.9200000000001296,-5.609678000000258,2.23318,2.23318,0.22331800000000002
2025-01-15 13:45:00,111015.SH,BUY,BUY_NEXT_OPEN,112.516,112.63414180000001,80,0.0,0.0,4.500640000000001,4.500640000000001,0.450064
2025-01-15 14:00:00,110087.SH,SELL,REBUILT_RANK_EXIT,107.899,107.78570605,10,1.9899999999999807,-0.2737895000000208,1.616495,1.616495,0.1616495
2025-01-15 14:00:00,113054.SH,SELL,REBUILT_RANK_EXIT,109.867,109.75163965,20,1.4400000000000546,-3.1729019999997945,2.1966200000000002,2.1966200000000002,0.21966200000000002
2025-01-15 14:00:00,110086.SH,BUY,BUY_NEXT_OPEN,104.101,104.21030605000001,10,0.0,0.0,0.520505,0.520505,0.0520505
2025-01-15 14:15:00,110086.SH,SELL,REBUILT_RANK_EXIT,103.971,103.86183045,10,-1.2999999999999545,-3.4847560000000612,1.0403600000000002,1.0403600000000002,0.104036
2025-01-15 14:15:00,113054.SH,BUY,BUY_NEXT_OPEN,109.9,110.01539500000001,10,0.0,0.0,0.5495000000000001,0.5495000000000001,0.054950000000000006
2025-01-15 14:30:00,113046.SH,SELL,REBUILT_RANK_EXIT,108.663,108.54890384999999,10,1.5699999999999648,-0.710274500000196,1.085845,1.085845,0.1085845
2025-01-15 14:30:00,111015.SH,SELL,REBUILT_RANK_EXIT,113.717,113.59759714999998,10,12.009999999999934,9.63455349999981,5.069225,5.069225,0.5069225
2025-01-15 14:30:00,113054.SH,SELL,REBUILT_RANK_EXIT,109.873,109.75763335,10,-0.27000000000001023,-2.5776164999999764,1.0988650000000002,1.0988650000000002,0.1098865
2025-01-15 14:30:00,111018.SH,BUY,BUY_NEXT_OPEN,115.847,115.96863934999999,10,0.0,0.0,0.5792349999999999,0.5792349999999999,0.0579235
2025-01-15 14:30:00,110086.SH,BUY,BUY_NEXT_OPEN,104.279,104.38849294999999,30,0.0,0.0,1.564185,1.564185,0.15641850000000002
2025-01-15 14:45:00,111018.SH,SELL,REBUILT_RANK_EXIT,115.641,115.51957695,10,-2.0599999999998886,-4.490623999999798,1.15744,1.15744,0.11574400000000001
2025-01-15 14:45:00,110086.SH,SELL,REBUILT_RANK_EXIT,103.583,103.47423785000001,20,-13.919999999999959,-18.28510199999937,2.600015,2.600015,0.2600015
2025-01-15 14:45:00,113042.SH,BUY,BUY_NEXT_OPEN,120.234,120.36024570000001,170,0.0,0.0,10.21989,10.21989,1.021989
2025-01-15 14:45:00,111015.SH,BUY,BUY_NEXT_OPEN,113.85,113.9695425,10,0.0,0.0,0.5692499999999999,0.5692499999999999,0.056924999999999996
2025-01-15 14:45:00,110092.SH,BUY,BUY_NEXT_OPEN,81.905,81.99100025000001,50,0.0,0.0,2.047625,2.047625,0.2047625
2025-01-15 15:00:00,113042.SH,SELL,REBUILT_TIME_EXIT,120.221,120.09476795000002,50,-0.6499999999995509,-13.273887499999546,13.225415,13.225415,1.3225415
2025-01-15 15:00:00,110092.SH,SELL,REBUILT_RANK_EXIT,81.812,81.72609739999999,10,-0.9300000000000352,-2.649028500000327,2.4566850000000002,2.4566850000000002,0.24566849999999998
2025-01-16 09:30:00,111015.SH,SELL,REBUILT_TIME_EXIT,113.9,113.780405,10,0.5000000000001137,-1.8913750000001528,1.13875,1.13875,0.113875
2025-01-16 09:30:00,110093.SH,BUY,BUY_NEXT_OPEN,119.394,119.5193637,20,0.0,0.0,1.1939400000000002,1.1939400000000002,0.11939400000000001
2025-01-16 09:30:00,111017.SH,BUY,BUY_NEXT_OPEN,137.15,137.29400750000002,10,0.0,0.0,0.6857500000000001,0.6857500000000001,0.06857500000000001
2025-01-16 09:30:00,110073.SH,BUY,BUY_NEXT_OPEN,115.66,115.78144299999998,40,0.0,0.0,2.3132,2.3132,0.23132
2025-01-16 09:45:00,110093.SH,SELL,REBUILT_RANK_EXIT,119.719,119.59329505,20,6.499999999999773,1.4786269999999604,2.3911300000000004,2.3911300000000004,0.23911300000000002
2025-01-16 09:45:00,111017.SH,SELL,REBUILT_RANK_EXIT,137.943,137.79815985000002,10,7.930000000000064,5.041523500000039,1.3754650000000002,1.3754650000000002,0.13754650000000002
2025-01-16 09:45:00,110073.SH,SELL,REBUILT_RANK_EXIT,116.154,116.0320383,30,14.819999999999993,7.517859000000499,4.05551,4.05551,0.405551
2025-01-16 09:45:00,110092.SH,BUY,BUY_NEXT_OPEN,84.692,84.78092659999999,590,0.0,0.0,24.984139999999996,24.984139999999996,2.498414
2025-01-16 09:45:00,110090.SH,BUY,BUY_NEXT_OPEN,128.6,128.73503,390,0.0,0.0,25.076999999999998,25.076999999999998,2.5077
2025-01-16 10:00:00,113066.SH,BUY,BUY_NEXT_OPEN,133.81,133.95050049999998,160,0.0,0.0,10.7048,10.7048,1.07048
2025-01-16 10:00:00,111018.SH,BUY,BUY_NEXT_OPEN,116.471,116.59329455,10,0.0,0.0,0.5823550000000001,0.5823550000000001,0.0582355
2025-01-16 10:00:00,110087.SH,BUY,BUY_NEXT_OPEN,108.28,108.39369400000001,30,0.0,0.0,1.6242,1.6242,0.16242
2025-01-16 10:15:00,110092.SH,SELL,REBUILT_STOP_LOSS_-1%,83.65,83.5621675,200,-208.39999999999748,-243.75181999999768,33.34914,33.34914,3.334914
2025-01-16 10:15:00,110087.SH,SELL,REBUILT_RANK_EXIT,107.989,107.87561155,10,-2.909999999999968,-5.1808244999999715,2.164145,2.164145,0.2164145
2025-01-16 10:30:00,113066.SH,SELL,REBUILT_RANK_EXIT,133.888,133.7474176,50,3.900000000000148,-10.154144999998607,14.052,14.052,1.4052000000000002
2025-01-16 10:30:00,113055.SH,BUY,BUY_NEXT_OPEN,139.39,139.53635949999997,30,0.0,0.0,2.0908499999999997,2.0908499999999997,0.209085
2025-01-16 10:30:00,113546.SH,BUY,BUY_NEXT_OPEN,141.0,141.14805,300,0.0,0.0,21.150000000000002,21.150000000000002,2.115
2025-01-16 10:45:00,113055.SH,SELL,REBUILT_RANK_EXIT,138.835,138.68922325000003,10,-5.549999999999784,-8.471362499999486,2.7850249999999996,2.7850249999999996,0.2785025
2025-01-16 10:45:00,113546.SH,SELL,REBUILT_RANK_EXIT,140.759,140.61120304999997,120,-28.920000000001664,-64.42163400000572,29.59554,29.59554,2.9595540000000002
2025-01-16 10:45:00,111020.SH,BUY,BUY_NEXT_OPEN,132.812,132.9514526,20,0.0,0.0,1.3281200000000002,1.3281200000000002,0.132812
2025-01-16 11:00:00,110090.SH,SELL,REBUILT_RANK_EXIT,128.745,128.60981775000002,390,56.55000000000399,-48.83277749999252,50.182275,50.182275,5.0182275
2025-01-16 11:00:00,113055.SH,BUY,BUY_NEXT_OPEN,139.121,139.26707705,10,0.0,0.0,0.6956050000000001,0.6956050000000001,0.06956050000000001
2025-01-16 11:00:00,113052.SH,BUY,BUY_NEXT_OPEN,114.815,114.93555574999999,180,0.0,0.0,10.33335,10.33335,1.0333350000000001
2025-01-16 11:15:00,111020.SH,SELL,REBUILT_RANK_EXIT,131.806,131.66760370000003,10,-10.060000000000002,-12.838488999999981,1.9871500000000002,1.9871500000000002,0.19871500000000003
2025-01-16 11:30:00,113042.SH,BUY,BUY_NEXT_OPEN,120.068,120.1940714,30,0.0,0.0,1.8010199999999998,1.8010199999999998,0.18010199999999998
2025-01-16 13:00:00,111018.SH,SELL,REBUILT_TIME_EXIT,116.451,116.32872644999998,10,-0.20000000000010232,-2.645681000000195,1.1646100000000001,1.1646100000000001,0.11646100000000001
2025-01-16 13:00:00,113066.SH,BUY,BUY_NEXT_OPEN,133.886,134.0265803,50,0.0,0.0,3.34715,3.34715,0.334715
2025-01-16 13:15:00,113055.SH,SELL,REBUILT_RANK_EXIT,138.919,138.77313505000004,10,-2.019999999999982,-4.9394199999997,1.3902,1.3902,0.13902000000000003
2025-01-16 13:15:00,111018.SH,BUY,BUY_NEXT_OPEN,116.802,116.92464210000001,10,0.0,0.0,0.58401,0.58401,0.05840100000000001
2025-01-16 13:30:00,113052.SH,SELL,REBUILT_RANK_EXIT,114.724,114.60353980000001,90,-8.189999999999458,-29.881435499999498,15.49593,15.49593,1.5495930000000002
2025-01-16 13:45:00,113042.SH,SELL,REBUILT_RANK_EXIT,120.232,120.10575640000002,30,4.920000000000044,-2.649449999999433,3.6045,3.6045,0.36045
2025-01-16 13:45:00,110090.SH,BUY,BUY_NEXT_OPEN,127.854,127.98824670000002,220,0.0,0.0,14.063939999999999,14.063939999999999,1.4063940000000001
2025-01-16 14:00:00,113066.SH,SELL,REBUILT_RANK_EXIT,134.345,134.20393775,50,22.95000000000016,8.867872499999066,6.705775,6.705775,0.6705775
2025-01-16 14:00:00,110090.SH,SELL,REBUILT_RANK_EXIT,126.603,126.47006685000001,220,-275.22000000000105,-333.99956699999893,27.99027,27.99027,2.799027
2025-01-16 14:00:00,110076.SH,BUY,BUY_NEXT_OPEN,112.952,113.07059960000001,20,0.0,0.0,1.1295199999999999,1.1295199999999999,0.112952
2025-01-16 14:00:00,113054.SH,BUY,BUY_NEXT_OPEN,109.487,109.60196135,10,0.0,0.0,0.547435,0.547435,0.0547435
2025-01-16 14:15:00,113066.SH,BUY,BUY_NEXT_OPEN,134.874,135.0156177,80,0.0,0.0,5.394959999999999,5.394959999999999,0.539496
2025-01-16 14:15:00,111020.SH,BUY,BUY_NEXT_OPEN,131.923,132.06151914999998,40,0.0,0.0,2.6384600000000002,2.6384600000000002,0.263846
2025-01-16 14:30:00,110076.SH,SELL,REBUILT_RANK_EXIT,112.9,112.78145500000001,10,-0.519999999999925,-2.8914460000000872,1.69402,1.69402,0.169402
2025-01-16 14:30:00,113054.SH,SELL,REBUILT_RANK_EXIT,109.558,109.44296410000001,10,0.7100000000001216,-1.5899724999997034,1.0952250000000001,1.0952250000000001,0.10952250000000001
2025-01-16 14:45:00,113066.SH,SELL,REBUILT_RANK_EXIT,134.344,134.2029388,60,-31.800000000000068,-48.76073400000132,9.425279999999999,9.425279999999999,0.942528
2025-01-16 14:45:00,111020.SH,SELL,REBUILT_RANK_EXIT,131.591,131.45282945,20,-6.639999999999873,-12.173793999999816,3.9543700000000004,3.9543700000000004,0.39543700000000004
2025-01-16 14:45:00,113054.SH,BUY,BUY_NEXT_OPEN,109.58,109.69505899999999,10,0.0,0.0,0.5478999999999999,0.5478999999999999,0.054790000000000005
2025-01-16 14:45:00,113042.SH,BUY,BUY_NEXT_OPEN,120.495,120.62151975,60,0.0,0.0,3.61485,3.61485,0.36148500000000006
2025-01-16 15:00:00,113042.SH,SELL,REBUILT_RANK_EXIT,120.3,120.173685,10,-1.950000000000074,-4.4783475000001545,4.21635,4.21635,0.42163500000000004
2025-01-17 09:30:00,110090.SH,BUY,BUY_NEXT_OPEN,125.0,125.13125,230,0.0,0.0,14.375,14.375,1.4375
2025-01-17 09:30:00,113055.SH,BUY,BUY_NEXT_OPEN,139.573,139.71955165,50,0.0,0.0,3.489325,3.489325,0.34893250000000003
2025-01-17 09:45:00,113055.SH,SELL,REBUILT_RANK_EXIT,139.671,139.52434544999997,50,4.899999999999238,-9.760310000001482,6.9811,6.9811,0.69811
2025-01-17 09:45:00,111021.SH,BUY,BUY_NEXT_OPEN,119.427,119.55239835,10,0.0,0.0,0.597135,0.597135,0.0597135
2025-01-17 10:00:00,113054.SH,SELL,REBUILT_RANK_EXIT,109.433,109.31809535000001,10,-1.4699999999999136,-3.769636499999933,1.095065,1.095065,0.1095065
2025-01-17 10:00:00,111021.SH,SELL,REBUILT_RANK_EXIT,119.001,118.87604895000001,10,-4.260000000000019,-6.76349399999981,1.19214,1.19214,0.119214
2025-01-17 10:00:00,113044.SH,BUY,BUY_NEXT_OPEN,110.812,110.92835260000001,260,0.0,0.0,14.40556,14.40556,1.4405560000000002
2025-01-17 10:15:00,110090.SH,SELL,REBUILT_RANK_EXIT,127.294,127.16034129999998,230,527.6199999999993,466.6909989999949,29.01381,29.01381,2.9013809999999998
2025-01-17 10:15:00,110075.SH,BUY,BUY_NEXT_OPEN,126.6,126.73293,60,0.0,0.0,3.7979999999999996,3.7979999999999996,0.37979999999999997
2025-01-17 10:15:00,111000.SH,BUY,BUY_NEXT_OPEN,118.196,118.32010580000001,10,0.0,0.0,0.59098,0.59098,0.059098
2025-01-17 10:30:00,110075.SH,SELL,REBUILT_RANK_EXIT,126.377,126.24430415,20,-4.4599999999999795,-9.772516999999425,5.061769999999999,5.061769999999999,0.506177
2025-01-17 10:30:00,111000.SH,SELL,REBUILT_RANK_EXIT,118.128,118.00396559999999,10,-0.6799999999999784,-3.16140200000018,1.18162,1.18162,0.11816199999999999
2025-01-17 10:30:00,113042.SH,BUY,BUY_NEXT_OPEN,120.482,120.60850610000001,120,0.0,0.0,7.2289200000000005,7.2289200000000005,0.722892
2025-01-17 10:45:00,113044.SH,SELL,REBUILT_RANK_EXIT,111.643,111.52577485000002,120,99.72000000000037,71.69066999999995,21.10414,21.10414,2.1104140000000005
2025-01-17 10:45:00,113042.SH,SELL,REBUILT_RANK_EXIT,120.415,120.28856425,50,-3.3499999999996533,-15.99709250000069,10.239295,10.239295,1.0239295
2025-01-17 10:45:00,111004.SH,BUY,BUY_NEXT_OPEN,106.85,106.9621925,20,0.0,0.0,1.0685,1.0685,0.10685
2025-01-17 11:00:00,113054.SH,BUY,BUY_NEXT_OPEN,109.74,109.85522699999999,10,0.0,0.0,0.5487,0.5487,0.054869999999999995
2025-01-17 11:15:00,111018.SH,SELL,REBUILT_TIME_EXIT,116.932,116.80922140000001,10,1.2999999999999545,-1.1542069999998148,1.16867,1.16867,0.11686700000000001
2025-01-17 11:15:00,113042.SH,BUY,BUY_NEXT_OPEN,120.478,120.60450189999999,60,0.0,0.0,3.61434,3.61434,0.36143400000000003
2025-01-17 11:30:00,113042.SH,SELL,REBUILT_RANK_EXIT,120.325,120.19865874999999,20,-3.0599999999998317,-8.11686299999974,4.81759,4.81759,0.48175900000000005
2025-01-17 11:30:00,110097.SH,BUY,BUY_NEXT_OPEN,128.501,128.63592605000002,10,0.0,0.0,0.642505,0.642505,0.0642505
2025-01-17 13:00:00,113054.SH,SELL,REBUILT_RANK_EXIT,109.807,109.69170265000001,10,0.6700000000000728,-1.6352434999998877,1.0977350000000001,1.0977350000000001,0.1097735
2025-01-17 13:00:00,113058.SH,BUY,BUY_NEXT_OPEN,120.199,120.32520895000002,20,0.0,0.0,1.20199,1.20199,0.120199
2025-01-17 13:15:00,113058.SH,SELL,REBUILT_RANK_EXIT,120.032,119.90596639999998,20,-3.340000000000032,-8.384851000000708,2.40231,2.40231,0.240231
2025-01-17 13:15:00,113066.SH,BUY,BUY_NEXT_OPEN,134.944,135.0856912,40,0.0,0.0,2.6988799999999995,2.6988799999999995,0.269888
2025-01-17 13:15:00,111018.SH,BUY,BUY_NEXT_OPEN,117.647,117.77052935,30,0.0,0.0,1.764705,1.764705,0.17647050000000003
2025-01-17 13:30:00,111004.SH,SELL,REBUILT_TIME_EXIT,108.036,107.9225622,10,11.86000000000007,9.603697000000011,1.60868,1.60868,0.160868
2025-01-17 13:30:00,113066.SH,SELL,REBUILT_RANK_EXIT,134.642,134.50062590000002,20,-6.03999999999985,-11.701305999999931,4.045299999999999,4.045299999999999,0.40453000000000006
2025-01-17 13:30:00,111015.SH,BUY,BUY_NEXT_OPEN,112.152,112.26975960000001,10,0.0,0.0,0.56076,0.56076,0.056076
2025-01-17 13:45:00,111018.SH,SELL,REBUILT_RANK_EXIT,117.691,117.56742444999999,10,0.4399999999999693,-2.0310490000001664,2.35316,2.35316,0.23531600000000003
2025-01-17 13:45:00,111015.SH,SELL,REBUILT_RANK_EXIT,112.051,111.93334644999999,10,-1.009999999999991,-3.3641315000002123,1.1210149999999999,1.1210149999999999,0.1121015
2025-01-17 14:00:00,110086.SH,BUY,BUY_NEXT_OPEN,104.4,104.50962,50,0.0,0.0,2.6100000000000003,2.6100000000000003,0.261
2025-01-17 14:00:00,111015.SH,BUY,BUY_NEXT_OPEN,112.372,112.4899906,100,0.0,0.0,5.6186,5.6186,0.56186
2025-01-17 14:00:00,110081.SH,BUY,BUY_NEXT_OPEN,110.8,110.91634,190,0.0,0.0,10.526,10.526,1.0526
2025-01-17 14:00:00,110095.SH,BUY,BUY_NEXT_OPEN,103.813,103.92200365000001,30,0.0,0.0,1.557195,1.557195,0.1557195
2025-01-17 14:15:00,110097.SH,SELL,REBUILT_TIME_EXIT,132.85,132.71050749999998,10,43.489999999999895,40.74581449999937,1.3067549999999999,1.3067549999999999,0.1306755
2025-01-17 14:30:00,110086.SH,SELL,REBUILT_RANK_EXIT,104.577,104.46719415,20,3.53999999999985,-0.8485169999999016,3.6557700000000004,3.6557700000000004,0.36557700000000004
2025-01-17 14:30:00,111015.SH,SELL,REBUILT_RANK_EXIT,112.853,112.73450435,30,14.429999999999836,7.335412500000075,7.311394999999999,7.311394999999999,0.7311395
2025-01-17 14:30:00,110095.SH,SELL,REBUILT_RANK_EXIT,103.827,103.71798165,20,0.27999999999991587,-4.080440000000181,2.595465,2.595465,0.2595465
2025-01-17 14:45:00,110081.SH,SELL,REBUILT_RANK_EXIT,110.432,110.3160464,130,-47.83999999999935,-78.03816799999913,17.70408,17.70408,1.7704080000000002
2025-01-17 14:45:00,111015.SH,BUY,BUY_NEXT_OPEN,113.386,113.50505529999998,10,0.0,0.0,0.56693,0.56693,0.05669300000000001
2025-01-17 14:45:00,113048.SH,BUY,BUY_NEXT_OPEN,108.36,108.47377800000001,20,0.0,0.0,1.0836,1.0836,0.10836
2025-01-17 14:45:00,113052.SH,BUY,BUY_NEXT_OPEN,114.886,115.00663030000001,70,0.0,0.0,4.02101,4.02101,0.402101
2025-01-17 14:45:00,110073.SH,BUY,BUY_NEXT_OPEN,115.379,115.50014795,50,0.0,0.0,2.884475,2.884475,0.2884475
2025-01-17 15:00:00,113048.SH,SELL,REBUILT_RANK_EXIT,108.309,108.19527555,10,-0.5100000000000193,-2.7850245000001905,1.6251449999999998,1.6251449999999998,0.1625145
2025-01-20 09:30:00,111015.SH,SELL,REBUILT_RANK_EXIT,113.033,112.91431535,10,-3.5299999999999443,-5.907399499999883,1.132095,1.132095,0.11320950000000002
2025-01-20 09:30:00,113052.SH,SELL,REBUILT_TIME_EXIT,115.0,114.87924999999998,70,7.980000000000302,-8.916621000002124,8.04601,8.04601,0.8046009999999999
2025-01-20 09:30:00,110073.SH,SELL,REBUILT_RANK_EXIT,115.7,115.578515,50,16.049999999999898,3.9183524999998554,5.776975,5.776975,0.5776975
2025-01-20 09:30:00,113048.SH,BUY,BUY_NEXT_OPEN,109.0,109.11445,10,0.0,0.0,0.545,0.545,0.0545
2025-01-20 09:30:00,111002.SH,BUY,BUY_NEXT_OPEN,119.183,119.30814215,10,0.0,0.0,0.5959150000000001,0.5959150000000001,0.059591500000000006
2025-01-20 09:45:00,113048.SH,SELL,REBUILT_RANK_EXIT,108.482,108.36809389999999,10,-5.180000000000007,-7.463561000000254,1.08741,1.08741,0.108741
2025-01-20 09:45:00,110073.SH,BUY,BUY_NEXT_OPEN,115.92,116.041716,50,0.0,0.0,2.898,2.898,0.2898
2025-01-20 09:45:00,111021.SH,BUY,BUY_NEXT_OPEN,120.472,120.5984956,10,0.0,0.0,0.60236,0.60236,0.060236
2025-01-20 09:45:00,113046.SH,BUY,BUY_NEXT_OPEN,109.041,109.15549304999999,10,0.0,0.0,0.5452049999999999,0.5452049999999999,0.0545205
2025-01-20 10:00:00,110073.SH,SELL,REBUILT_RANK_EXIT,115.875,115.75333125000002,50,-2.2500000000000853,-14.419237499999326,5.794875,5.794875,0.5794874999999999
2025-01-20 10:00:00,113056.SH,BUY,BUY_NEXT_OPEN,118.706,118.83064130000001,30,0.0,0.0,1.7805900000000001,1.7805900000000001,0.178059
2025-01-20 10:15:00,111002.SH,SELL,REBUILT_RANK_EXIT,119.894,119.76811130000002,10,7.109999999999985,4.599691500000063,1.1953850000000001,1.1953850000000001,0.1195385
2025-01-20 10:15:00,113056.SH,SELL,REBUILT_RANK_EXIT,118.8,118.67526000000001,30,2.8199999999998226,-4.661438999999973,3.56259,3.56259,0.356259
2025-01-20 10:15:00,111009.SH,BUY,BUY_NEXT_OPEN,105.05,105.1603025,10,0.0,0.0,0.52525,0.52525,0.052525
2025-01-20 10:30:00,113054.SH,BUY,BUY_NEXT_OPEN,110.0,110.11550000000001,10,0.0,0.0,0.55,0.55,0.05500000000000001
2025-01-20 10:30:00,110081.SH,BUY,BUY_NEXT_OPEN,111.816,111.9334068,150,0.0,0.0,8.3862,8.3862,0.8386200000000001
2025-01-20 10:45:00,113054.SH,SELL,REBUILT_RANK_EXIT,109.89,109.7746155,10,-1.0999999999999943,-3.408845000000156,1.09945,1.09945,0.10994500000000001
2025-01-20 11:00:00,110092.SH,BUY,BUY_NEXT_OPEN,82.968,83.0551164,80,0.0,0.0,3.31872,3.31872,0.331872
2025-01-20 11:15:00,113046.SH,SELL,REBUILT_RANK_EXIT,109.405,109.29012474999999,10,3.640000000000043,1.346316999999999,1.0922299999999998,1.0922299999999998,0.109223
2025-01-20 11:15:00,110092.SH,SELL,REBUILT_RANK_EXIT,82.818,82.7310411,80,-12.000000000000455,-25.926024000000325,6.63144,6.63144,0.663144
2025-01-20 11:30:00,110092.SH,BUY,BUY_NEXT_OPEN,83.251,83.33841355,40,0.0,0.0,1.6650200000000002,1.6650200000000002,0.166502
2025-01-20 11:30:00,110084.SH,BUY,BUY_NEXT_OPEN,118.798,118.9227379,10,0.0,0.0,0.59399,0.59399,0.05939900000000001
2025-01-20 13:15:00,111009.SH,SELL,REBUILT_TIME_EXIT,106.049,105.93764854999999,10,9.990000000000094,7.773460500000056,1.055495,1.055495,0.1055495
2025-01-20 13:15:00,110081.SH,SELL,REBUILT_TIME_EXIT,112.509,112.39086555000002,140,97.0199999999997,64.04422500000146,16.26183,16.26183,1.6261830000000002
2025-01-20 13:15:00,110092.SH,SELL,REBUILT_RANK_EXIT,83.035,82.94781325,30,-6.480000000000246,-11.718009000000166,2.910545,2.910545,0.2910545
2025-01-20 13:30:00,111015.SH,BUY,BUY_NEXT_OPEN,114.88,115.000624,60,0.0,0.0,3.4463999999999997,3.4463999999999997,0.34464
2025-01-20 13:30:00,111009.SH,BUY,BUY_NEXT_OPEN,106.46,106.571783,10,0.0,0.0,0.5323,0.5323,0.05323
2025-01-20 13:30:00,110095.SH,BUY,BUY_NEXT_OPEN,105.714,105.8249997,90,0.0,0.0,4.75713,4.75713,0.475713
2025-01-20 13:45:00,111009.SH,SELL,REBUILT_RANK_EXIT,106.007,105.89569265,10,-4.5299999999998875,-6.76090350000004,1.062335,1.062335,0.10623350000000001
2025-01-20 13:45:00,110095.SH,SELL,REBUILT_RANK_EXIT,105.601,105.49011895,90,-10.169999999999959,-30.139267500000642,9.509174999999999,9.509174999999999,0.9509175000000001
2025-01-20 14:00:00,110095.SH,BUY,BUY_NEXT_OPEN,105.95,106.06124750000001,60,0.0,0.0,3.1785,3.1785,0.31785
2025-01-20 14:15:00,110084.SH,SELL,REBUILT_RANK_EXIT,118.902,118.7771529,10,1.039999999999992,-1.4558499999998276,1.1885000000000001,1.1885000000000001,0.11885000000000001
2025-01-20 14:15:00,110095.SH,SELL,REBUILT_RANK_EXIT,105.933,105.82177035000001,60,-1.0199999999997544,-14.3686289999996,6.356490000000001,6.356490000000001,0.6356490000000001
2025-01-20 14:15:00,111018.SH,BUY,BUY_NEXT_OPEN,119.399,119.52436894999998,10,0.0,0.0,0.596995,0.596995,0.0596995
2025-01-20 14:30:00,111021.SH,SELL,REBUILT_RANK_EXIT,120.261,120.13472594999999,10,-2.109999999999985,-4.637696500000175,1.203665,1.203665,0.12036649999999999
2025-01-20 14:30:00,111015.SH,SELL,REBUILT_RANK_EXIT,115.38,115.258851,40,20.0,10.329080000000431,5.754,5.754,0.5754
2025-01-20 14:30:00,113043.SH,BUY,BUY_NEXT_OPEN,117.903,118.02679815000002,20,0.0,0.0,1.17903,1.17903,0.11790300000000002
2025-01-20 14:45:00,113043.SH,SELL,REBUILT_TIME_EXIT,117.76,117.636352,10,-1.4300000000000068,-3.904461500000025,1.76783,1.76783,0.17678300000000002
2025-01-20 14:45:00,111015.SH,BUY,BUY_NEXT_OPEN,115.741,115.86252805000001,120,0.0,0.0,6.944459999999999,6.944459999999999,0.694446
2025-01-20 14:45:00,113062.SH,BUY,BUY_NEXT_OPEN,125.03,125.16128150000002,30,0.0,0.0,1.87545,1.87545,0.18754500000000002
2025-01-21 09:30:00,111015.SH,SELL,REBUILT_RANK_EXIT,115.78,115.65843100000001,20,0.7800000000000296,-4.081940999999915,8.10226,8.10226,0.810226
2025-01-21 09:30:00,113062.SH,SELL,REBUILT_RANK_EXIT,124.964,124.83278779999999,20,-1.32000000000005,-6.569874000000709,3.12509,3.12509,0.31250900000000004
2025-01-21 09:30:00,113052.SH,BUY,BUY_NEXT_OPEN,115.008,115.12875839999998,70,0.0,0.0,4.02528,4.02528,0.402528
2025-01-21 09:45:00,111015.SH,BUY,BUY_NEXT_OPEN,115.999,116.12079894999998,30,0.0,0.0,1.739985,1.739985,0.1739985
2025-01-21 09:45:00,113042.SH,BUY,BUY_NEXT_OPEN,120.628,120.75465940000001,110,0.0,0.0,6.63454,6.63454,0.663454
2025-01-21 10:00:00,111018.SH,SELL,REBUILT_RANK_EXIT,118.611,118.48645845000001,10,-7.879999999999967,-10.379104999999754,1.19005,1.19005,0.119005
2025-01-21 10:00:00,111015.SH,SELL,REBUILT_RANK_EXIT,115.787,115.66542365,30,-6.359999999999673,-13.661258999999973,3.4767900000000003,3.4767900000000003,0.347679
2025-01-21 10:00:00,110081.SH,BUY,BUY_NEXT_OPEN,111.942,112.0595391,70,0.0,0.0,3.91797,3.91797,0.391797
2025-01-21 10:15:00,113052.SH,SELL,REBUILT_RANK_EXIT,115.307,115.18592765,70,20.93000000000046,4.001847500000622,8.061025,8.061025,0.8061025
2025-01-21 10:15:00,113062.SH,BUY,BUY_NEXT_OPEN,125.888,126.02018240000001,50,0.0,0.0,3.1471999999999998,3.1471999999999998,0.31472
2025-01-21 10:15:00,110098.SH,BUY,BUY_NEXT_OPEN,120.0,120.126,110,0.0,0.0,6.6,6.6,0.66
2025-01-21 10:30:00,110081.SH,SELL,REBUILT_RANK_EXIT,112.148,112.0302446,20,4.120000000000061,-0.585889999999381,5.03945,5.03945,0.503945
2025-01-21 10:30:00,113062.SH,SELL,REBUILT_RANK_EXIT,125.423,125.29130584999999,30,-13.950000000000102,-21.86629650000077,5.028544999999999,5.028544999999999,0.5028545
2025-01-21 10:30:00,113056.SH,BUY,BUY_NEXT_OPEN,118.111,118.23501655,60,0.0,0.0,3.54333,3.54333,0.35433300000000006
2025-01-21 10:45:00,110098.SH,SELL,REBUILT_RANK_EXIT,120.812,120.68514739999999,110,89.31999999999974,61.50621399999909,13.24466,13.24466,1.3244660000000001
2025-01-21 11:00:00,113042.SH,SELL,REBUILT_RANK_EXIT,120.911,120.78404345,80,22.6400000000001,2.350723999998081,11.47098,11.47098,1.147098
2025-01-21 11:00:00,113056.SH,SELL,REBUILT_RANK_EXIT,118.058,117.93403910000002,30,-1.5899999999999181,-9.029323499999464,5.3142000000000005,5.3142000000000005,0.5314200000000001
2025-01-21 11:00:00,110075.SH,BUY,BUY_NEXT_OPEN,126.917,127.05026285,30,0.0,0.0,1.903755,1.903755,0.1903755
2025-01-21 11:00:00,113058.SH,BUY,BUY_NEXT_OPEN,121.351,121.47841855,10,0.0,0.0,0.606755,0.606755,0.06067550000000001
2025-01-21 11:15:00,110075.SH,SELL,REBUILT_RANK_EXIT,126.788,126.65487259999999,30,-3.8700000000001467,-11.861707500000193,3.805575,3.805575,0.3805575
2025-01-21 11:15:00,113058.SH,SELL,REBUILT_RANK_EXIT,121.351,121.22358145,10,0.0,-2.548370999999861,1.21351,1.21351,0.12135100000000001
2025-01-21 11:15:00,113048.SH,BUY,BUY_NEXT_OPEN,108.21,108.3236205,100,0.0,0.0,5.4105,5.4105,0.54105
2025-01-21 13:00:00,110081.SH,BUY,BUY_NEXT_OPEN,112.882,113.00052610000002,90,0.0,0.0,5.07969,5.07969,0.5079690000000001
2025-01-21 13:00:00,113043.SH,BUY,BUY_NEXT_OPEN,117.686,117.8095703,10,0.0,0.0,0.58843,0.58843,0.058843000000000006
2025-01-21 13:00:00,110075.SH,BUY,BUY_NEXT_OPEN,126.962,127.09531009999999,10,0.0,0.0,0.6348100000000001,0.6348100000000001,0.06348100000000001
2025-01-21 13:15:00,113048.SH,SELL,REBUILT_RANK_EXIT,108.303,108.18928184999999,10,0.9300000000000352,-1.3433865000001788,5.952014999999999,5.952014999999999,0.5952015
2025-01-21 13:15:00,113043.SH,SELL,REBUILT_RANK_EXIT,117.7,117.57641499999998,10,0.13999999999995794,-2.3315530000002127,1.17693,1.17693,0.11769300000000002
2025-01-21 13:15:00,110075.SH,SELL,REBUILT_RANK_EXIT,126.9,126.766755,10,-0.6199999999999761,-3.285550999999714,1.2693100000000002,1.2693100000000002,0.12693100000000002
2025-01-21 13:15:00,113039.SH,BUY,BUY_NEXT_OPEN,125.71,125.8419955,10,0.0,0.0,0.6285499999999999,0.6285499999999999,0.06285500000000001
2025-01-21 13:30:00,110073.SH,BUY,BUY_NEXT_OPEN,116.85,116.9726925,30,0.0,0.0,1.75275,1.75275,0.175275
2025-01-21 13:30:00,113042.SH,BUY,BUY_NEXT_OPEN,120.769,120.89580745,60,0.0,0.0,3.6230700000000002,3.6230700000000002,0.36230700000000005
2025-01-21 13:45:00,110081.SH,SELL,REBUILT_RANK_EXIT,112.891,112.77246445000002,50,0.45000000000001705,-11.403082500000892,7.901965000000001,7.901965000000001,0.7901965000000002
2025-01-21 13:45:00,110073.SH,SELL,REBUILT_RANK_EXIT,116.722,116.59944189999999,20,-2.5600000000000023,-7.465012000000115,2.91997,2.91997,0.291997
2025-01-21 13:45:00,113042.SH,SELL,REBUILT_RANK_EXIT,120.748,120.62121460000002,60,-1.2600000000000477,-16.475570999999036,7.24551,7.24551,0.7245510000000002
2025-01-21 13:45:00,113062.SH,BUY,BUY_NEXT_OPEN,125.656,125.78793879999999,20,0.0,0.0,1.2565600000000001,1.2565600000000001,0.12565600000000002
2025-01-21 14:00:00,110097.SH,BUY,BUY_NEXT_OPEN,133.295,133.43495974999996,50,0.0,0.0,3.332375,3.332375,0.33323749999999996
2025-01-21 14:00:00,110098.SH,BUY,BUY_NEXT_OPEN,122.096,122.2242008,60,0.0,0.0,3.6628800000000004,3.6628800000000004,0.36628800000000006
2025-01-21 14:15:00,113039.SH,SELL,REBUILT_RANK_EXIT,125.85,125.71785749999998,10,1.4000000000000057,-1.2413799999999355,1.2578,1.2578,0.12578
2025-01-21 14:15:00,111014.SH,BUY,BUY_NEXT_OPEN,113.723,113.84240915,10,0.0,0.0,0.568615,0.568615,0.0568615
2025-01-21 14:30:00,113062.SH,SELL,REBUILT_RANK_EXIT,125.47,125.33825649999999,20,-3.720000000000141,-8.993645999999899,2.51126,2.51126,0.251126
2025-01-21 14:30:00,111014.SH,SELL,REBUILT_RANK_EXIT,113.496,113.3768292,10,-2.2700000000000387,-4.655799500000057,1.136095,1.136095,0.1136095
2025-01-21 14:45:00,110097.SH,SELL,REBUILT_TIME_EXIT,135.667,135.52454964999998,50,118.6000000000007,104.4794950000014,6.72405,6.72405,0.6724049999999999
2025-01-21 14:45:00,110098.SH,SELL,REBUILT_RANK_EXIT,122.55,122.4213225,60,27.23999999999961,11.82730199999969,7.33938,7.33938,0.7339380000000001
2025-01-21 14:45:00,113056.SH,BUY,BUY_NEXT_OPEN,118.269,118.39318245,30,0.0,0.0,1.7740350000000003,1.7740350000000003,0.17740350000000002
2025-01-21 14:45:00,113043.SH,BUY,BUY_NEXT_OPEN,118.114,118.2380197,20,0.0,0.0,1.18114,1.18114,0.11811400000000001
2025-01-21 15:00:00,113056.SH,SELL,REBUILT_RANK_EXIT,118.3,118.17578499999999,20,0.619999999999834,-4.347948999999971,2.9570350000000003,2.9570350000000003,0.2957035
2025-01-22 09:30:00,113056.SH,BUY,BUY_NEXT_OPEN,118.374,118.49829269999998,50,0.0,0.0,2.9593499999999997,2.9593499999999997,0.295935
2025-01-22 09:30:00,113042.SH,BUY,BUY_NEXT_OPEN,120.701,120.82773604999998,40,0.0,0.0,2.41402,2.41402,0.241402
2025-01-22 09:30:00,113039.SH,BUY,BUY_NEXT_OPEN,126.803,126.93614314999999,10,0.0,0.0,0.634015,0.634015,0.0634015
2025-01-22 09:45:00,113056.SH,SELL,REBUILT_RANK_EXIT,118.196,118.07189419999999,50,-8.899999999999864,-21.319924999999785,5.914249999999999,5.914249999999999,0.591425
2025-01-22 09:45:00,113042.SH,SELL,REBUILT_RANK_EXIT,120.808,120.68115159999999,40,4.280000000000541,-5.863377999999102,4.83018,4.83018,0.48301800000000006
2025-01-22 09:45:00,113039.SH,SELL,REBUILT_RANK_EXIT,126.465,126.33221175000001,10,-3.3799999999999386,-6.039313999999877,1.26634,1.26634,0.12663400000000002
2025-01-22 10:00:00,113043.SH,SELL,REBUILT_RANK_EXIT,118.08,117.956016,20,-0.6800000000001205,-5.640073999999913,2.36194,2.36194,0.23619400000000002
2025-01-22 10:00:00,113056.SH,BUY,BUY_NEXT_OPEN,118.398,118.5223179,60,0.0,0.0,3.55194,3.55194,0.355194
2025-01-22 10:00:00,111021.SH,BUY,BUY_NEXT_OPEN,120.421,120.54744205,10,0.0,0.0,0.6021050000000001,0.6021050000000001,0.06021050000000001
2025-01-22 10:15:00,113056.SH,SELL,REBUILT_RANK_EXIT,117.999,117.87510105,40,-15.960000000000036,-25.88867400000072,5.91192,5.91192,0.591192
2025-01-22 10:15:00,110093.SH,BUY,BUY_NEXT_OPEN,119.2,119.32516000000001,60,0.0,0.0,3.576,3.576,0.35760000000000003
2025-01-22 10:15:00,110075.SH,BUY,BUY_NEXT_OPEN,126.686,126.81902030000002,60,0.0,0.0,3.8005800000000005,3.8005800000000005,0.38005800000000006
2025-01-22 10:15:00,110087.SH,BUY,BUY_NEXT_OPEN,108.198,108.31160789999998,10,0.0,0.0,0.54099,0.54099,0.054098999999999994
2025-01-22 10:30:00,110075.SH,SELL,REBUILT_RANK_EXIT,126.514,126.3811603,30,-5.160000000000338,-13.135800000000472,5.69829,5.69829,0.569829
2025-01-22 10:30:00,110087.SH,SELL,REBUILT_RANK_EXIT,107.928,107.81467560000002,10,-2.69999999999996,-4.969322999999804,1.08063,1.08063,0.10806299999999999
2025-01-22 10:30:00,113046.SH,BUY,BUY_NEXT_OPEN,108.749,108.86318644999999,10,0.0,0.0,0.543745,0.543745,0.0543745
2025-01-22 10:45:00,110093.SH,SELL,REBUILT_RANK_EXIT,119.087,118.96195865,10,-1.1299999999999955,-3.6320135000000846,4.171435,4.171435,0.41714350000000006
2025-01-22 10:45:00,113046.SH,SELL,REBUILT_RANK_EXIT,108.566,108.4520057,10,-1.8299999999999272,-4.111807499999941,1.086575,1.086575,0.1086575
2025-01-22 10:45:00,113043.SH,BUY,BUY_NEXT_OPEN,117.973,118.09687165000001,50,0.0,0.0,2.949325,2.949325,0.2949325
2025-01-22 10:45:00,110075.SH,BUY,BUY_NEXT_OPEN,126.868,127.0012114,50,0.0,0.0,3.1717000000000004,3.1717000000000004,0.31717
2025-01-22 11:00:00,111015.SH,BUY,BUY_NEXT_OPEN,116.508,116.63033340000001,10,0.0,0.0,0.5825400000000001,0.5825400000000001,0.058254
2025-01-22 11:00:00,111014.SH,BUY,BUY_NEXT_OPEN,113.748,113.86743539999999,10,0.0,0.0,0.56874,0.56874,0.05687400000000001
2025-01-22 11:15:00,113043.SH,SELL,REBUILT_RANK_EXIT,117.986,117.8621147,10,0.1300000000000523,-2.3475694999999632,3.539255,3.539255,0.3539255
2025-01-22 11:15:00,110075.SH,SELL,REBUILT_RANK_EXIT,126.835,126.70182324999999,50,-1.6500000000000625,-14.96940750000067,6.342575,6.342575,0.6342575
2025-01-22 11:15:00,111014.SH,SELL,REBUILT_RANK_EXIT,113.435,113.31589324999999,10,-3.130000000000024,-5.515421500000002,1.135915,1.135915,0.11359150000000001
2025-01-22 11:30:00,111014.SH,BUY,BUY_NEXT_OPEN,113.721,113.84040705,10,0.0,0.0,0.568605,0.568605,0.05686050000000001
2025-01-22 11:30:00,110075.SH,BUY,BUY_NEXT_OPEN,126.983,127.11633215,20,0.0,0.0,1.2698300000000002,1.2698300000000002,0.126983
2025-01-22 13:15:00,111015.SH,SELL,REBUILT_RANK_EXIT,116.452,116.32972539999999,10,-0.5599999999999739,-3.0060800000003383,1.1648,1.1648,0.11648
2025-01-22 13:15:00,110075.SH,SELL,REBUILT_RANK_EXIT,126.638,126.50503009999998,20,-6.899999999999977,-12.226041000000805,2.5362100000000005,2.5362100000000005,0.253621
2025-01-22 13:30:00,113053.SH,BUY,BUY_NEXT_OPEN,106.16,106.27146799999998,30,0.0,0.0,1.5924,1.5924,0.15924
2025-01-22 13:30:00,113048.SH,BUY,BUY_NEXT_OPEN,109.128,109.2425844,30,0.0,0.0,1.63692,1.63692,0.163692
2025-01-22 13:45:00,110095.SH,BUY,BUY_NEXT_OPEN,105.315,105.42558075,40,0.0,0.0,2.1063,2.1063,0.21063
2025-01-22 14:00:00,113048.SH,SELL,REBUILT_RANK_EXIT,108.899,108.78465605,30,-6.869999999999976,-13.73785050000015,3.2704050000000002,3.2704050000000002,0.3270405
2025-01-22 14:00:00,110095.SH,SELL,REBUILT_RANK_EXIT,105.118,105.0076261,20,-3.9400000000000546,-8.35909300000003,3.15748,3.15748,0.31574800000000003
2025-01-22 14:15:00,110097.SH,BUY,BUY_NEXT_OPEN,134.806,134.94754630000003,20,0.0,0.0,1.34806,1.34806,0.13480600000000004
2025-01-22 14:15:00,113067.SH,BUY,BUY_NEXT_OPEN,119.872,119.99786559999998,20,0.0,0.0,1.19872,1.19872,0.119872
2025-01-22 14:30:00,111014.SH,SELL,REBUILT_RANK_EXIT,113.175,113.05616624999999,10,-5.460000000000065,-7.842408000000205,1.13448,1.13448,0.11344800000000001
2025-01-22 14:30:00,113053.SH,SELL,REBUILT_RANK_EXIT,106.09,105.97860550000001,10,-0.6999999999999318,-2.9286249999997835,2.12285,2.12285,0.212285
2025-01-22 14:30:00,110097.SH,SELL,REBUILT_RANK_EXIT,134.292,134.15099339999998,20,-10.2800000000002,-15.93105800000103,2.6909799999999997,2.6909799999999997,0.26909800000000006
2025-01-22 14:45:00,113067.SH,SELL,REBUILT_TIME_EXIT,120.058,119.93193910000001,10,1.8600000000000705,-0.6592649999997775,1.79901,1.79901,0.179901
2025-01-22 14:45:00,110075.SH,BUY,BUY_NEXT_OPEN,127.3,127.43366499999999,20,0.0,0.0,1.273,1.273,0.1273
2025-01-22 14:45:00,111017.SH,BUY,BUY_NEXT_OPEN,135.546,135.68832329999998,20,0.0,0.0,1.3554599999999999,1.3554599999999999,0.135546
2025-01-22 14:45:00,113054.SH,BUY,BUY_NEXT_OPEN,109.911,110.02640655000002,10,0.0,0.0,0.549555,0.549555,0.054955500000000004
2025-01-22 15:00:00,111017.SH,SELL,REBUILT_TIME_EXIT,135.797,135.65441314999998,10,2.5100000000000477,-0.33910149999996975,2.034445,2.034445,0.2034445
2025-01-22 15:00:00,113054.SH,SELL,REBUILT_TIME_EXIT,109.953,109.83754935000002,10,0.4200000000000159,-1.8885720000000674,1.09932,1.09932,0.109932
2025-01-23 09:30:00,111021.SH,SELL,REBUILT_TIME_EXIT,120.77,120.6431915,10,3.4899999999998954,0.9574945000001662,1.205955,1.205955,0.12059550000000002
2025-01-23 09:30:00,110075.SH,SELL,REBUILT_RANK_EXIT,127.07,126.93657649999999,20,-4.60000000000008,-9.94177000000036,2.5437,2.5437,0.25437
2025-01-23 09:30:00,111017.SH,BUY,BUY_NEXT_OPEN,136.2,136.34300999999996,20,0.0,0.0,1.3619999999999999,1.3619999999999999,0.1362
2025-01-23 09:30:00,113062.SH,BUY,BUY_NEXT_OPEN,125.1,125.231355,20,0.0,0.0,1.251,1.251,0.1251
2025-01-23 09:30:00,113049.SH,BUY,BUY_NEXT_OPEN,112.3,112.41791500000001,20,0.0,0.0,1.123,1.123,0.11230000000000001
2025-01-23 09:45:00,113049.SH,SELL,REBUILT_RANK_EXIT,112.777,112.65858415000001,10,4.770000000000039,2.4066914999998517,1.686885,1.686885,0.16868850000000002
2025-01-23 10:00:00,111017.SH,SELL,REBUILT_RANK_EXIT,137.005,136.86114475,20,16.100000000000136,10.362695000000713,2.73205,2.73205,0.27320500000000003
2025-01-23 10:15:00,113044.SH,BUY,BUY_NEXT_OPEN,111.542,111.65911909999998,20,0.0,0.0,1.11542,1.11542,0.11154200000000002
2025-01-23 10:15:00,110081.SH,BUY,BUY_NEXT_OPEN,113.936,114.0556328,20,0.0,0.0,1.1393600000000002,1.1393600000000002,0.11393600000000002
2025-01-23 10:15:00,110095.SH,BUY,BUY_NEXT_OPEN,105.564,105.67484219999999,20,0.0,0.0,1.05564,1.05564,0.105564
2025-01-23 10:30:00,110081.SH,SELL,REBUILT_RANK_EXIT,113.844,113.7244638,20,-1.8400000000002592,-6.623379999999997,2.2778,2.2778,0.22778000000000004
2025-01-23 10:30:00,110095.SH,SELL,REBUILT_RANK_EXIT,105.269,105.15846755000001,20,-5.89999999999975,-10.327492999999322,2.10833,2.10833,0.210833
2025-01-23 10:45:00,113062.SH,SELL,REBUILT_RANK_EXIT,125.34,125.20839300000002,20,4.800000000000182,-0.4592399999992267,2.5044,2.5044,0.25044
2025-01-23 11:00:00,113044.SH,SELL,REBUILT_RANK_EXIT,111.591,111.47382945,20,0.9799999999998477,-3.7057929999996304,2.23133,2.23133,0.22313300000000003
2025-01-23 11:00:00,111021.SH,BUY,BUY_NEXT_OPEN,120.996,121.12304579999999,10,0.0,0.0,0.60498,0.60498,0.060498
2025-01-23 11:00:00,113043.SH,BUY,BUY_NEXT_OPEN,118.007,118.13090735000002,10,0.0,0.0,0.590035,0.590035,0.0590035
2025-01-23 11:00:00,113055.SH,BUY,BUY_NEXT_OPEN,136.698,136.84153290000003,10,0.0,0.0,0.68349,0.68349,0.06834900000000001
2025-01-23 11:00:00,113054.SH,BUY,BUY_NEXT_OPEN,109.917,110.03241285,10,0.0,0.0,0.549585,0.549585,0.0549585
2025-01-23 11:15:00,113043.SH,SELL,REBUILT_RANK_EXIT,117.996,117.8721042,10,-0.11000000000009891,-2.58803150000017,1.180015,1.180015,0.11800150000000001
2025-01-23 11:15:00,113055.SH,SELL,REBUILT_RANK_EXIT,136.816,136.6723432,10,1.17999999999995,-1.691897000000381,1.3675700000000002,1.3675700000000002,0.13675700000000002
2025-01-23 11:30:00,113048.SH,BUY,BUY_NEXT_OPEN,109.173,109.28763165,10,0.0,0.0,0.545865,0.545865,0.05458650000000001
2025-01-23 13:00:00,113052.SH,BUY,BUY_NEXT_OPEN,115.404,115.52517420000001,20,0.0,0.0,1.15404,1.15404,0.115404
2025-01-23 13:15:00,113054.SH,SELL,REBUILT_RANK_EXIT,109.885,109.76962075000002,10,-0.31999999999996476,-2.6279209999997875,1.09901,1.09901,0.109901
2025-01-23 13:15:00,113048.SH,SELL,REBUILT_RANK_EXIT,109.115,109.00042925,10,-0.5800000000000693,-2.8720240000000103,1.09144,1.09144,0.109144
2025-01-23 13:15:00,113052.SH,SELL,REBUILT_RANK_EXIT,115.23,115.1090085,20,-3.4799999999998477,-8.32331400000021,2.30634,2.30634,0.230634
2025-01-23 13:30:00,113066.SH,BUY,BUY_NEXT_OPEN,132.559,132.69818695,20,0.0,0.0,1.32559,1.32559,0.132559
2025-01-23 13:30:00,113052.SH,BUY,BUY_NEXT_OPEN,115.258,115.3790209,20,0.0,0.0,1.15258,1.15258,0.11525800000000001
2025-01-23 13:45:00,113066.SH,SELL,REBUILT_RANK_EXIT,132.136,131.9972572,20,-8.460000000000036,-14.018595000000005,2.6469500000000004,2.6469500000000004,0.264695
2025-01-23 13:45:00,113052.SH,SELL,REBUILT_RANK_EXIT,115.149,115.02809355,20,-2.179999999999893,-7.018547000000126,2.30407,2.30407,0.23040700000000003
2025-01-23 14:00:00,110086.SH,BUY,BUY_NEXT_OPEN,104.4,104.50962,10,0.0,0.0,0.522,0.522,0.05220000000000001
2025-01-23 14:00:00,111020.SH,BUY,BUY_NEXT_OPEN,133.768,133.90845639999998,20,0.0,0.0,1.33768,1.33768,0.133768
2025-01-23 14:00:00,113021.SH,BUY,BUY_NEXT_OPEN,118.046,118.1699483,20,0.0,0.0,1.18046,1.18046,0.11804600000000001
2025-01-23 14:15:00,113021.SH,SELL,REBUILT_RANK_EXIT,117.86,117.73624699999999,20,-3.720000000000141,-8.67402600000014,2.3590600000000004,2.3590600000000004,0.23590600000000003
2025-01-23 14:30:00,110086.SH,SELL,REBUILT_RANK_EXIT,104.2,104.09059,10,-2.0000000000000284,-4.190299999999979,1.0430000000000001,1.0430000000000001,0.1043
2025-01-23 14:45:00,111021.SH,SELL,REBUILT_RANK_EXIT,121.012,120.8849374,10,0.16000000000005343,-2.3810839999998734,1.21004,1.21004,0.121004
2025-01-23 14:45:00,111020.SH,SELL,REBUILT_TIME_EXIT,134.406,134.26487369999998,20,12.760000000000105,7.128345999999965,2.68174,2.68174,0.268174
2025-01-24 09:30:00,110092.SH,BUY,BUY_NEXT_OPEN,82.1,82.18620499999999,30,0.0,0.0,1.2314999999999998,1.2314999999999998,0.12315000000000001
2025-01-24 09:45:00,110092.SH,SELL,REBUILT_RANK_EXIT,82.198,82.11169209999998,30,2.9399999999999693,-2.2353870000001734,2.4644699999999995,2.4644699999999995,0.246447
2025-01-24 09:45:00,110095.SH,BUY,BUY_NEXT_OPEN,106.043,106.15434515000001,20,0.0,0.0,1.0604300000000002,1.0604300000000002,0.106043
2025-01-24 09:45:00,110085.SH,BUY,BUY_NEXT_OPEN,111.985,112.10258425,20,0.0,0.0,1.11985,1.11985,0.111985
2025-01-24 09:45:00,113056.SH,BUY,BUY_NEXT_OPEN,118.129,118.25303545000001,20,0.0,0.0,1.1812900000000002,1.1812900000000002,0.11812900000000001
2025-01-24 09:45:00,111002.SH,BUY,BUY_NEXT_OPEN,120.518,120.6445439,10,0.0,0.0,0.60259,0.60259,0.06025900000000001
2025-01-24 10:00:00,110085.SH,SELL,REBUILT_RANK_EXIT,111.524,111.4068998,20,-9.21999999999997,-13.913689000000431,2.23509,2.23509,0.223509
2025-01-24 10:00:00,113056.SH,SELL,REBUILT_RANK_EXIT,117.767,117.64334465,20,-7.24000000000018,-12.193816000000425,2.35896,2.35896,0.235896
2025-01-24 10:00:00,111002.SH,SELL,REBUILT_RANK_EXIT,120.14,120.01385300000001,10,-3.780000000000001,-6.306908999999905,1.20329,1.20329,0.120329
2025-01-24 10:15:00,113059.SH,BUY,BUY_NEXT_OPEN,112.31,112.42792550000001,20,0.0,0.0,1.1231,1.1231,0.11231000000000002
2025-01-24 10:15:00,111004.SH,BUY,BUY_NEXT_OPEN,108.655,108.76908775,20,0.0,0.0,1.08655,1.08655,0.108655
2025-01-24 10:15:00,113044.SH,BUY,BUY_NEXT_OPEN,111.958,112.07555589999998,20,0.0,0.0,1.11958,1.11958,0.111958
2025-01-24 10:30:00,111004.SH,SELL,REBUILT_RANK_EXIT,108.124,108.0104698,20,-10.620000000000118,-15.172359000000142,2.16779,2.16779,0.216779
2025-01-24 10:45:00,113059.SH,SELL,REBUILT_RANK_EXIT,112.13,112.01226349999999,20,-3.6000000000001364,-8.313240000000405,2.2443999999999997,2.2443999999999997,0.22444000000000003
2025-01-24 10:45:00,113044.SH,SELL,REBUILT_RANK_EXIT,112.06,111.942337,20,2.0400000000000773,-2.6643779999994877,2.24018,2.24018,0.224018
2025-01-24 11:00:00,110090.SH,BUY,BUY_NEXT_OPEN,129.245,129.38070725000003,20,0.0,0.0,1.29245,1.29245,0.129245
2025-01-24 11:00:00,110086.SH,BUY,BUY_NEXT_OPEN,105.092,105.20234660000001,20,0.0,0.0,1.05092,1.05092,0.10509199999999999
2025-01-24 11:00:00,110098.SH,BUY,BUY_NEXT_OPEN,122.75,122.87888749999999,20,0.0,0.0,1.2275,1.2275,0.12275000000000001
2025-01-24 11:00:00,110081.SH,BUY,BUY_NEXT_OPEN,114.367,114.48708534999999,20,0.0,0.0,1.1436700000000002,1.1436700000000002,0.11436700000000001
2025-01-24 11:15:00,110095.SH,SELL,REBUILT_RANK_EXIT,106.355,106.24332725,20,6.239999999999952,1.7796419999995123,2.1239800000000004,2.1239800000000004,0.212398
2025-01-24 11:30:00,110098.SH,SELL,REBUILT_RANK_EXIT,122.884,122.7549718,10,1.3400000000000034,-1.2391569999999774,1.84192,1.84192,0.18419200000000002
2025-01-24 13:15:00,110090.SH,SELL,REBUILT_RANK_EXIT,129.747,129.61076565000002,20,10.040000000000191,4.601168000000143,2.58992,2.58992,0.258992
2025-01-24 13:30:00,110086.SH,SELL,REBUILT_RANK_EXIT,105.85,105.7388575,20,15.159999999999911,10.730217999999695,2.10942,2.10942,0.210942
2025-01-24 13:30:00,110081.SH,SELL,REBUILT_RANK_EXIT,115.874,115.7523323,20,30.139999999999816,25.30493900000056,2.30241,2.30241,0.230241
2025-01-24 13:45:00,113546.SH,BUY,BUY_NEXT_OPEN,137.661,137.80554404999998,10,0.0,0.0,0.6883050000000001,0.6883050000000001,0.0688305
2025-01-24 13:45:00,110087.SH,BUY,BUY_NEXT_OPEN,107.999,108.11239895,10,0.0,0.0,0.539995,0.539995,0.0539995
2025-01-24 13:45:00,113054.SH,BUY,BUY_NEXT_OPEN,109.981,110.09648005,10,0.0,0.0,0.549905,0.549905,0.0549905
2025-01-24 14:00:00,113546.SH,SELL,REBUILT_RANK_EXIT,137.386,137.2417447,10,-2.750000000000057,-5.637993499999766,1.375235,1.375235,0.13752350000000002
2025-01-24 14:15:00,113067.SH,BUY,BUY_NEXT_OPEN,120.608,120.73463840000001,20,0.0,0.0,1.20608,1.20608,0.12060800000000002
2025-01-24 14:15:00,113546.SH,BUY,BUY_NEXT_OPEN,138.777,138.92271585,10,0.0,0.0,0.6938849999999999,0.6938849999999999,0.06938849999999999
2025-01-24 14:45:00,110087.SH,SELL,REBUILT_TIME_EXIT,108.001,107.88759895,10,0.020000000000095497,-2.24799999999982,1.08,1.08,0.10800000000000001
2025-01-24 14:45:00,113054.SH,SELL,REBUILT_RANK_EXIT,109.981,109.86551994999999,10,0.0,-2.3096009999999296,1.09981,1.09981,0.109981
2025-01-24 14:45:00,113546.SH,SELL,REBUILT_RANK_EXIT,138.804,138.6582558,10,0.27000000000015234,-2.644600500000024,1.387905,1.387905,0.13879049999999998
2025-01-27 09:30:00,113067.SH,SELL,REBUILT_RANK_EXIT,120.338,120.21164509999998,10,-2.7000000000001023,-5.229933000000301,1.80777,1.80777,0.18077700000000002
2025-01-27 09:45:00,110092.SH,BUY,BUY_NEXT_OPEN,83.65,83.73783250000001,20,0.0,0.0,0.8365,0.8365,0.08365
2025-01-27 09:45:00,111017.SH,BUY,BUY_NEXT_OPEN,138.251,138.39616355000004,10,0.0,0.0,0.6912550000000001,0.6912550000000001,0.0691255
2025-01-27 09:45:00,111004.SH,BUY,BUY_NEXT_OPEN,109.404,109.51887420000001,10,0.0,0.0,0.5470200000000001,0.5470200000000001,0.054702
2025-01-27 10:00:00,110092.SH,SELL,REBUILT_STOP_LOSS_-1%,82.694,82.6071713,20,-19.12000000000006,-22.613224000000173,1.66344,1.66344,0.16634400000000002
2025-01-27 10:00:00,111004.SH,SELL,REBUILT_RANK_EXIT,108.699,108.58486605,10,-7.049999999999983,-9.340081499999997,1.0905150000000001,1.0905150000000001,0.1090515
2025-01-27 11:15:00,111017.SH,SELL,REBUILT_RANK_EXIT,138.211,138.06587845,10,-0.3999999999999204,-3.302851000000146,1.3823100000000004,1.3823100000000004,0.138231
2025-01-27 11:30:00,110086.SH,BUY,BUY_NEXT_OPEN,106.556,106.66788380000001,10,0.0,0.0,0.53278,0.53278,0.053278
2025-01-27 11:30:00,113044.SH,BUY,BUY_NEXT_OPEN,116.613,116.73544365,10,0.0,0.0,0.583065,0.583065,0.058306500000000004
2025-01-27 11:30:00,110075.SH,BUY,BUY_NEXT_OPEN,126.718,126.85105390000001,10,0.0,0.0,0.63359,0.63359,0.063359
2025-01-27 13:00:00,113044.SH,SELL,REBUILT_RANK_EXIT,116.476,116.35370019999999,10,-1.3700000000000045,-3.8174344999999903,1.165445,1.165445,0.11654450000000001
2025-01-27 13:15:00,110086.SH,SELL,REBUILT_RANK_EXIT,105.766,105.65494570000001,10,-7.89999999999992,-10.129380999999967,1.06161,1.06161,0.106161
2025-01-27 13:15:00,110075.SH,SELL,REBUILT_RANK_EXIT,126.835,126.70182324999999,10,1.1699999999999022,-1.492306500000268,1.267765,1.267765,0.12677650000000001
2025-01-27 13:30:00,113067.SH,BUY,BUY_NEXT_OPEN,120.989,121.11603845000002,10,0.0,0.0,0.6049450000000001,0.6049450000000001,0.06049450000000001
2025-01-27 14:45:00,113067.SH,SELL,REBUILT_TIME_EXIT,121.8,121.67210999999999,10,8.109999999999928,5.560715499999787,1.213945,1.213945,0.1213945
2025-01-27 15:00:00,113052.SH,BUY,BUY_NEXT_OPEN,115.573,115.69435165,10,0.0,0.0,0.577865,0.577865,0.0577865
2025-02-05 09:30:00,113052.SH,SELL,REBUILT_TIME_EXIT,115.798,115.6764121,10,2.2500000000000853,-0.1793955000000551,1.156855,1.156855,0.1156855
2025-02-05 09:45:00,110095.SH,BUY,BUY_NEXT_OPEN,105.904,106.01519920000001,20,0.0,0.0,1.05904,1.05904,0.105904
2025-02-05 09:45:00,110098.SH,BUY,BUY_NEXT_OPEN,123.159,123.28831695,10,0.0,0.0,0.615795,0.615795,0.06157950000000001
2025-02-05 09:45:00,110085.SH,BUY,BUY_NEXT_OPEN,111.664,111.7812472,10,0.0,0.0,0.55832,0.55832,0.055832
2025-02-05 09:45:00,110073.SH,BUY,BUY_NEXT_OPEN,116.111,116.23291655,10,0.0,0.0,0.580555,0.580555,0.0580555
2025-02-05 10:00:00,110095.SH,SELL,REBUILT_RANK_EXIT,105.872,105.7608344,20,-0.6399999999999295,-5.087296000000151,2.11776,2.11776,0.211776
2025-02-05 10:00:00,110098.SH,SELL,REBUILT_RANK_EXIT,122.846,122.7170117,10,-3.130000000000024,-5.713052499999776,1.230025,1.230025,0.12300250000000001
2025-02-05 10:00:00,110085.SH,SELL,REBUILT_RANK_EXIT,111.469,111.35195755,10,-1.950000000000074,-4.292896500000097,1.115665,1.115665,0.1115665
2025-02-05 10:00:00,110073.SH,SELL,REBUILT_RANK_EXIT,115.989,115.86721155,10,-1.2199999999999989,-3.6570500000000266,1.1605,1.1605,0.11605000000000001
2025-02-05 10:15:00,113058.SH,BUY,BUY_NEXT_OPEN,122.115,122.24322075,10,0.0,0.0,0.610575,0.610575,0.0610575
2025-02-05 10:15:00,113048.SH,BUY,BUY_NEXT_OPEN,109.731,109.84621755,10,0.0,0.0,0.548655,0.548655,0.0548655
2025-02-05 10:15:00,113046.SH,BUY,BUY_NEXT_OPEN,108.761,108.87519904999998,10,0.0,0.0,0.543805,0.543805,0.0543805
2025-02-05 10:15:00,110097.SH,BUY,BUY_NEXT_OPEN,132.568,132.70719640000002,10,0.0,0.0,0.6628400000000001,0.6628400000000001,0.06628400000000001
2025-02-05 10:30:00,113048.SH,SELL,REBUILT_RANK_EXIT,109.5,109.385025,10,-2.3099999999999454,-4.611925500000098,1.096155,1.096155,0.1096155
2025-02-05 10:45:00,110097.SH,SELL,REBUILT_RANK_EXIT,131.881,131.74252495,10,-6.870000000000118,-9.646714500000371,1.3222450000000001,1.3222450000000001,0.13222450000000002
2025-02-05 11:15:00,113058.SH,SELL,REBUILT_RANK_EXIT,122.465,122.33641175,10,3.5000000000000853,0.9319100000000162,1.2229,1.2229,0.12229000000000001
2025-02-05 13:30:00,113046.SH,SELL,REBUILT_RANK_EXIT,108.872,108.7576844,10,1.110000000000042,-1.1751464999997552,1.088165,1.088165,0.1088165
2025-02-05 13:45:00,113058.SH,BUY,BUY_NEXT_OPEN,123.189,123.31834844999999,10,0.0,0.0,0.615945,0.615945,0.0615945
2025-02-05 13:45:00,110086.SH,BUY,BUY_NEXT_OPEN,106.393,106.50471265,20,0.0,0.0,1.06393,1.06393,0.10639300000000002
2025-02-05 13:45:00,113052.SH,BUY,BUY_NEXT_OPEN,115.683,115.80446715,10,0.0,0.0,0.578415,0.578415,0.05784150000000001
2025-02-05 13:45:00,110085.SH,BUY,BUY_NEXT_OPEN,112.0,112.1176,10,0.0,0.0,0.56,0.56,0.056
2025-02-05 14:00:00,110086.SH,SELL,REBUILT_RANK_EXIT,106.345,106.23333774999999,20,-0.9600000000000364,-5.427498000000469,2.12738,2.12738,0.212738
2025-02-05 14:00:00,110085.SH,SELL,REBUILT_RANK_EXIT,111.977,111.85942415000001,10,-0.22999999999996135,-2.5817584999997507,1.119885,1.119885,0.11198850000000002
2025-02-05 14:15:00,113058.SH,SELL,REBUILT_RANK_EXIT,122.953,122.82389935,10,-2.3599999999999,-4.9444909999997435,1.23071,1.23071,0.12307100000000001
2025-02-05 14:30:00,113052.SH,SELL,REBUILT_RANK_EXIT,115.894,115.77231130000001,10,2.109999999999985,-0.32155849999981,1.157885,1.157885,0.11578850000000002
2025-02-05 14:45:00,113052.SH,BUY,BUY_NEXT_OPEN,115.979,116.10077795000001,10,0.0,0.0,0.579895,0.579895,0.057989500000000006
2025-02-05 14:45:00,111000.SH,BUY,BUY_NEXT_OPEN,118.393,118.51731265,10,0.0,0.0,0.591965,0.591965,0.0591965
2025-02-05 14:45:00,110076.SH,BUY,BUY_NEXT_OPEN,112.971,113.08961955,10,0.0,0.0,0.564855,0.564855,0.05648550000000001
2025-02-05 14:45:00,110081.SH,BUY,BUY_NEXT_OPEN,115.509,115.63028445,10,0.0,0.0,0.577545,0.577545,0.05775450000000001
2025-02-06 09:30:00,113052.SH,SELL,REBUILT_RANK_EXIT,115.925,115.80327874999999,10,-0.5400000000000205,-2.974992000000384,1.15952,1.15952,0.115952
2025-02-06 09:30:00,110081.SH,SELL,REBUILT_RANK_EXIT,114.94,114.81931300000001,10,-5.690000000000026,-8.109714499999882,1.152245,1.152245,0.11522450000000001
2025-02-06 10:00:00,110076.SH,SELL,REBUILT_RANK_EXIT,112.915,112.79643925000002,10,-0.5599999999999739,-2.931802999999718,1.1294300000000002,1.1294300000000002,0.11294300000000002
2025-02-06 11:00:00,111000.SH,SELL,REBUILT_RANK_EXIT,118.846,118.72121170000001,10,4.53000000000003,2.038990500000182,1.186195,1.186195,0.1186195
2025-02-06 11:15:00,113066.SH,BUY,BUY_NEXT_OPEN,133.55,133.69022750000002,10,0.0,0.0,0.6677500000000001,0.6677500000000001,0.06677500000000001
2025-02-06 11:15:00,113043.SH,BUY,BUY_NEXT_OPEN,116.953,117.07580065,10,0.0,0.0,0.584765,0.584765,0.0584765
2025-02-06 11:15:00,113042.SH,BUY,BUY_NEXT_OPEN,120.856,120.9828988,10,0.0,0.0,0.6042799999999999,0.6042799999999999,0.060428
2025-02-06 11:30:00,113042.SH,SELL,REBUILT_RANK_EXIT,120.649,120.52231855000001,10,-2.0699999999999363,-4.605802499999982,1.207525,1.207525,0.12075250000000001
2025-02-06 13:30:00,113066.SH,SELL,REBUILT_RANK_EXIT,133.2,133.06014,10,-3.5000000000002274,-6.300875000000133,1.33375,1.33375,0.13337500000000002
2025-02-06 13:45:00,113043.SH,SELL,REBUILT_RANK_EXIT,116.961,116.83819095,10,0.07999999999995566,-2.3760970000000725,1.16957,1.16957,0.116957
2025-02-06 14:00:00,110085.SH,BUY,BUY_NEXT_OPEN,112.485,112.60310924999999,10,0.0,0.0,0.562425,0.562425,0.0562425
2025-02-06 14:00:00,110097.SH,BUY,BUY_NEXT_OPEN,133.28,133.41994400000002,10,0.0,0.0,0.6664000000000001,0.6664000000000001,0.06664
2025-02-06 14:00:00,113058.SH,BUY,BUY_NEXT_OPEN,123.52,123.649696,10,0.0,0.0,0.6176,0.6176,0.06176
2025-02-06 14:15:00,110085.SH,SELL,REBUILT_RANK_EXIT,112.459,112.34091805,10,-0.2599999999999625,-2.6219119999998384,1.12472,1.12472,0.11247200000000002
2025-02-06 14:30:00,110097.SH,SELL,REBUILT_RANK_EXIT,133.199,133.05914105000002,10,-0.8099999999998886,-3.6080294999999296,1.3323950000000002,1.3323950000000002,0.1332395
2025-02-06 14:45:00,113058.SH,SELL,REBUILT_TIME_EXIT,124.254,124.12353329999999,10,7.340000000000089,4.7383729999999105,1.23887,1.23887,0.12388700000000001
2025-02-07 09:30:00,113546.SH,BUY,BUY_NEXT_OPEN,140.06,140.207063,10,0.0,0.0,0.7003000000000001,0.7003000000000001,0.07003000000000001
2025-02-07 09:30:00,110081.SH,BUY,BUY_NEXT_OPEN,116.4,116.52222,10,0.0,0.0,0.5820000000000001,0.5820000000000001,0.0582
2025-02-07 09:30:00,110098.SH,BUY,BUY_NEXT_OPEN,123.1,123.229255,10,0.0,0.0,0.6155,0.6155,0.06155
2025-02-07 09:30:00,110073.SH,BUY,BUY_NEXT_OPEN,116.611,116.73344155000001,10,0.0,0.0,0.583055,0.583055,0.0583055
2025-02-07 09:45:00,113546.SH,SELL,REBUILT_RANK_EXIT,140.823,140.67513585,10,7.630000000000052,4.6807284999999865,1.4044150000000002,1.4044150000000002,0.1404415
2025-02-07 09:45:00,110098.SH,SELL,REBUILT_RANK_EXIT,123.32,123.190514,10,2.1999999999999886,-0.38741000000004533,1.2321,1.2321,0.12320999999999999
2025-02-07 09:45:00,110073.SH,SELL,REBUILT_RANK_EXIT,116.823,116.70033584999999,10,2.119999999999891,-0.33105700000010074,1.16717,1.16717,0.116717
2025-02-07 10:00:00,110081.SH,SELL,REBUILT_RANK_EXIT,116.61,116.48755949999999,10,2.0999999999999375,-0.34660500000018146,1.1650500000000001,1.1650500000000001,0.11650500000000001
2025-02-07 10:15:00,111018.SH,BUY,BUY_NEXT_OPEN,120.06,120.186063,10,0.0,0.0,0.6003000000000001,0.6003000000000001,0.06003000000000001
2025-02-07 10:15:00,110081.SH,BUY,BUY_NEXT_OPEN,117.502,117.6253771,10,0.0,0.0,0.58751,0.58751,0.058751000000000005
2025-02-07 10:15:00,110090.SH,BUY,BUY_NEXT_OPEN,133.685,133.82536925000002,10,0.0,0.0,0.668425,0.668425,0.0668425
2025-02-07 10:15:00,113048.SH,BUY,BUY_NEXT_OPEN,110.174,110.2896827,10,0.0,0.0,0.5508700000000001,0.5508700000000001,0.05508700000000001
2025-02-07 10:30:00,110081.SH,SELL,REBUILT_RANK_EXIT,117.522,117.3986019,10,0.20000000000010232,-2.267751999999973,1.17512,1.17512,0.117512
2025-02-07 10:30:00,110090.SH,SELL,REBUILT_RANK_EXIT,133.631,133.49068745000002,10,-0.5400000000000205,-3.3468179999999847,1.33658,1.33658,0.133658
2025-02-07 10:30:00,113048.SH,SELL,REBUILT_RANK_EXIT,109.996,109.8805042,10,-1.7800000000001148,-4.091785000000073,1.10085,1.10085,0.11008500000000002
2025-02-07 11:00:00,111018.SH,SELL,REBUILT_RANK_EXIT,119.989,119.86301155,10,-0.7099999999999795,-3.230514500000254,1.2002450000000002,1.2002450000000002,0.1200245
2025-02-07 11:15:00,110098.SH,BUY,BUY_NEXT_OPEN,126.08,126.212384,10,0.0,0.0,0.6304,0.6304,0.06304000000000001
2025-02-07 11:15:00,113048.SH,BUY,BUY_NEXT_OPEN,110.78,110.896319,10,0.0,0.0,0.5539000000000001,0.5539000000000001,0.05539000000000001
2025-02-07 11:15:00,111021.SH,BUY,BUY_NEXT_OPEN,121.6,121.72767999999999,10,0.0,0.0,0.608,0.608,0.06080000000000001
2025-02-07 11:15:00,111000.SH,BUY,BUY_NEXT_OPEN,120.108,120.2341134,10,0.0,0.0,0.6005400000000001,0.6005400000000001,0.060054
2025-02-07 11:15:00,111015.SH,BUY,BUY_NEXT_OPEN,117.018,117.1408689,10,0.0,0.0,0.58509,0.58509,0.058509
2025-02-07 13:15:00,110098.SH,SELL,REBUILT_RANK_EXIT,126.46,126.32721699999999,10,3.7999999999999545,1.1483299999999872,1.2627,1.2627,0.12627
2025-02-07 13:30:00,111015.SH,SELL,REBUILT_RANK_EXIT,117.0,116.87715000000001,10,-0.18000000000000682,-2.637189000000035,1.17009,1.17009,0.117009
2025-02-07 13:45:00,111021.SH,SELL,REBUILT_RANK_EXIT,121.599,121.47132105,10,-0.00999999999990564,-2.5635894999998072,1.215995,1.215995,0.12159950000000001
2025-02-07 13:45:00,111000.SH,SELL,REBUILT_RANK_EXIT,120.118,119.9918761,10,0.09999999999990905,-2.422373000000107,1.20113,1.20113,0.120113
2025-02-07 14:00:00,113048.SH,SELL,REBUILT_TIME_EXIT,111.36,111.24307200000001,10,5.799999999999983,3.4675300000001243,1.1107,1.1107,0.11107
2025-02-07 14:15:00,110087.SH,BUY,BUY_NEXT_OPEN,108.596,108.71002580000001,10,0.0,0.0,0.54298,0.54298,0.054298
2025-02-07 14:15:00,113059.SH,BUY,BUY_NEXT_OPEN,113.717,113.83640285000001,10,0.0,0.0,0.568585,0.568585,0.0568585
2025-02-07 14:15:00,113056.SH,BUY,BUY_NEXT_OPEN,119.558,119.68353590000002,10,0.0,0.0,0.59779,0.59779,0.059779000000000006
2025-02-07 14:15:00,113049.SH,BUY,BUY_NEXT_OPEN,114.62,114.740351,10,0.0,0.0,0.5731,0.5731,0.05731000000000001
2025-02-07 14:15:00,111004.SH,BUY,BUY_NEXT_OPEN,109.88,109.995374,10,0.0,0.0,0.5494,0.5494,0.054939999999999996
2025-02-07 14:30:00,113049.SH,SELL,REBUILT_RANK_EXIT,114.201,114.08108894999998,10,-4.190000000000111,-6.592620500000294,1.1441050000000001,1.1441050000000001,0.11441050000000001
2025-02-07 14:30:00,111004.SH,SELL,REBUILT_RANK_EXIT,109.216,109.1013232,10,-6.640000000000015,-8.940507999999909,1.09548,1.09548,0.109548
2025-02-07 14:45:00,110087.SH,SELL,REBUILT_RANK_EXIT,108.581,108.46698995000001,10,-0.15000000000000568,-2.430358500000011,1.0858850000000002,1.0858850000000002,0.1085885
2025-02-07 14:45:00,113059.SH,SELL,REBUILT_TIME_EXIT,113.718,113.5985961,10,0.010000000000047748,-2.3780675000002702,1.137175,1.137175,0.1137175
2025-02-07 14:45:00,113056.SH,SELL,REBUILT_TIME_EXIT,119.544,119.4184788,10,-0.14000000000010004,-2.6505710000001272,1.19551,1.19551,0.11955100000000002
2025-02-10 09:30:00,111020.SH,BUY,BUY_NEXT_OPEN,132.11,132.24871550000003,10,0.0,0.0,0.66055,0.66055,0.06605500000000002
2025-02-10 09:30:00,113059.SH,BUY,BUY_NEXT_OPEN,114.018,114.13771889999998,10,0.0,0.0,0.57009,0.57009,0.057009000000000004
2025-02-10 09:30:00,113052.SH,BUY,BUY_NEXT_OPEN,116.906,117.02875130000001,10,0.0,0.0,0.58453,0.58453,0.058453000000000005
2025-02-10 09:30:00,111021.SH,BUY,BUY_NEXT_OPEN,121.597,121.72467685000001,10,0.0,0.0,0.607985,0.607985,0.060798500000000005
2025-02-10 09:45:00,111020.SH,SELL,REBUILT_STOP_LOSS_-1%,130.4,130.26308,10,-17.10000000000008,-19.85635500000035,1.31255,1.31255,0.131255
2025-02-10 09:45:00,113059.SH,SELL,REBUILT_RANK_EXIT,113.1,112.98124499999999,10,-9.180000000000064,-11.564738999999918,1.13559,1.13559,0.11355900000000001
2025-02-10 09:45:00,113052.SH,SELL,REBUILT_RANK_EXIT,116.75,116.6274125,10,-1.5600000000000591,-4.013388000000077,1.16828,1.16828,0.11682800000000002
2025-02-10 11:15:00,111021.SH,SELL,REBUILT_RANK_EXIT,121.186,121.05875470000001,10,-4.1099999999998715,-6.659221500000058,1.213915,1.213915,0.12139150000000001
2025-02-10 11:30:00,111004.SH,BUY,BUY_NEXT_OPEN,110.419,110.53493995000001,10,0.0,0.0,0.552095,0.552095,0.0552095
2025-02-10 11:30:00,110095.SH,BUY,BUY_NEXT_OPEN,110.302,110.4178171,10,0.0,0.0,0.5515100000000001,0.5515100000000001,0.055151000000000006
2025-02-10 11:30:00,113052.SH,BUY,BUY_NEXT_OPEN,117.038,117.1608899,10,0.0,0.0,0.58519,0.58519,0.058519
2025-02-10 13:00:00,111004.SH,SELL,REBUILT_RANK_EXIT,110.021,109.90547795,10,-3.9799999999999613,-6.294620000000123,1.1022,1.1022,0.11022000000000001
2025-02-10 13:00:00,113052.SH,SELL,REBUILT_RANK_EXIT,116.972,116.8491794,10,-0.660000000000025,-3.1171050000000378,1.1700499999999998,1.1700499999999998,0.117005
2025-02-10 13:45:00,110095.SH,SELL,REBUILT_RANK_EXIT,111.107,110.99033765,10,8.049999999999926,5.725205499999902,1.107045,1.107045,0.11070450000000001
2025-02-10 14:00:00,110052.SH,BUY,BUY_NEXT_OPEN,136.989,137.13283845000004,10,0.0,0.0,0.684945,0.684945,0.06849450000000001
2025-02-10 14:00:00,110097.SH,BUY,BUY_NEXT_OPEN,133.114,133.2537697,10,0.0,0.0,0.66557,0.66557,0.066557
2025-02-10 14:00:00,113054.SH,BUY,BUY_NEXT_OPEN,109.997,110.11249685,10,0.0,0.0,0.549985,0.549985,0.054998500000000006
2025-02-10 14:00:00,113042.SH,BUY,BUY_NEXT_OPEN,121.2,121.32726,10,0.0,0.0,0.606,0.606,0.0606
2025-02-10 14:00:00,110076.SH,BUY,BUY_NEXT_OPEN,113.8,113.91949,10,0.0,0.0,0.569,0.569,0.0569
2025-02-10 14:15:00,110052.SH,SELL,REBUILT_RANK_EXIT,135.69,135.54752549999998,10,-12.990000000000066,-15.853129500000477,1.3633950000000001,1.3633950000000001,0.1363395
2025-02-10 14:30:00,113054.SH,SELL,REBUILT_RANK_EXIT,110.062,109.9464349,10,0.6499999999999773,-1.6606194999999389,1.100295,1.100295,0.1100295
2025-02-10 14:30:00,113042.SH,SELL,REBUILT_RANK_EXIT,121.277,121.14965915,10,0.7699999999999818,-1.776008499999989,1.212385,1.212385,0.1212385
2025-02-10 14:30:00,110076.SH,SELL,REBUILT_RANK_EXIT,113.757,113.63755515000001,10,-0.42999999999992156,-2.8193484999999328,1.137785,1.137785,0.1137785
2025-02-10 14:45:00,110097.SH,SELL,REBUILT_RANK_EXIT,134.749,134.60751355,10,16.34999999999991,13.537438500000007,1.339315,1.339315,0.1339315
2025-02-10 15:00:00,110092.SH,BUY,BUY_NEXT_OPEN,84.98,85.069229,10,0.0,0.0,0.4249,0.4249,0.04249
2025-02-10 15:00:00,111015.SH,BUY,BUY_NEXT_OPEN,117.827,117.95071835,10,0.0,0.0,0.589135,0.589135,0.0589135
2025-02-11 09:30:00,110092.SH,SELL,REBUILT_TIME_EXIT,84.98,84.890771,10,0.0,-1.784580000000119,0.8498,0.8498,0.08498
2025-02-12 09:30:00,111015.SH,SELL,REBUILT_TIME_EXIT,117.11,116.98703450000001,10,-7.1699999999999875,-9.636838500000067,1.174685,1.174685,0.1174685
2025-02-12 09:45:00,110052.SH,BUY,BUY_NEXT_OPEN,139.145,139.29110225,10,0.0,0.0,0.6957250000000001,0.6957250000000001,0.06957250000000001
2025-02-12 09:45:00,111018.SH,BUY,BUY_NEXT_OPEN,119.794,119.91978370000001,10,0.0,0.0,0.59897,0.59897,0.059897
2025-02-12 09:45:00,113042.SH,BUY,BUY_NEXT_OPEN,121.326,121.4533923,10,0.0,0.0,0.60663,0.60663,0.060663
2025-02-12 09:45:00,110092.SH,BUY,BUY_NEXT_OPEN,84.787,84.87602635000002,20,0.0,0.0,0.84787,0.84787,0.084787
2025-02-12 10:00:00,110092.SH,SELL,REBUILT_RANK_EXIT,84.551,84.46222145,20,-4.720000000000084,-8.276098000000275,1.6933799999999999,1.6933799999999999,0.169338
2025-02-12 10:15:00,113042.SH,SELL,REBUILT_RANK_EXIT,121.631,121.50328744999999,10,3.050000000000068,0.49895149999997557,1.214785,1.214785,0.12147850000000002
2025-02-12 10:30:00,111018.SH,SELL,REBUILT_RANK_EXIT,119.566,119.44045570000002,10,-2.2799999999999443,-4.793280000000095,1.1968,1.1968,0.11968000000000001
2025-02-12 10:45:00,110052.SH,SELL,REBUILT_RANK_EXIT,141.848,141.69905960000003,10,27.03000000000003,24.07957350000038,1.4049650000000002,1.4049650000000002,0.14049650000000002
2025-02-12 11:00:00,110076.SH,BUY,BUY_NEXT_OPEN,113.908,114.0276034,10,0.0,0.0,0.56954,0.56954,0.056954000000000005
2025-02-12 11:00:00,111000.SH,BUY,BUY_NEXT_OPEN,119.85,119.97584250000001,10,0.0,0.0,0.59925,0.59925,0.059925000000000006
2025-02-12 11:00:00,110093.SH,BUY,BUY_NEXT_OPEN,119.604,119.7295842,10,0.0,0.0,0.59802,0.59802,0.05980200000000001
2025-02-12 11:00:00,111021.SH,BUY,BUY_NEXT_OPEN,120.734,120.86077069999999,10,0.0,0.0,0.6036699999999999,0.6036699999999999,0.060367
2025-02-12 11:00:00,113049.SH,BUY,BUY_NEXT_OPEN,114.271,114.39098455,10,0.0,0.0,0.571355,0.571355,0.057135500000000006
2025-02-12 11:15:00,111021.SH,SELL,REBUILT_RANK_EXIT,120.524,120.39744980000002,10,-2.0999999999999375,-4.633208999999624,1.20629,1.20629,0.12062900000000001
2025-02-12 11:30:00,110093.SH,SELL,REBUILT_RANK_EXIT,119.15,119.02489250000002,10,-4.539999999999935,-7.046916999999667,1.19377,1.19377,0.11937700000000001
2025-02-12 13:00:00,110076.SH,SELL,REBUILT_RANK_EXIT,113.807,113.68750265,10,-1.009999999999991,-3.401007500000105,1.1385750000000001,1.1385750000000001,0.1138575
2025-02-12 13:45:00,111000.SH,SELL,REBUILT_TIME_EXIT,119.969,119.84303254999999,10,1.1899999999999977,-1.328099500000235,1.1990949999999998,1.1990949999999998,0.1199095
2025-02-12 14:00:00,113049.SH,SELL,REBUILT_TIME_EXIT,114.66,114.539607,10,3.889999999999958,1.4862244999999348,1.144655,1.144655,0.11446550000000001
2025-02-12 14:15:00,110097.SH,BUY,BUY_NEXT_OPEN,132.933,133.07257964999997,10,0.0,0.0,0.664665,0.664665,0.0664665
2025-02-12 14:15:00,113062.SH,BUY,BUY_NEXT_OPEN,126.2,126.33251000000001,10,0.0,0.0,0.631,0.631,0.0631
2025-02-12 14:15:00,110081.SH,BUY,BUY_NEXT_OPEN,117.148,117.27100539999998,10,0.0,0.0,0.58574,0.58574,0.058574
2025-02-12 14:15:00,111015.SH,BUY,BUY_NEXT_OPEN,118.436,118.5603578,10,0.0,0.0,0.59218,0.59218,0.05921800000000001
2025-02-12 14:30:00,113062.SH,SELL,REBUILT_RANK_EXIT,126.2,126.06748999999999,10,0.0,-2.6502000000000407,1.262,1.262,0.1262
2025-02-12 14:30:00,110081.SH,SELL,REBUILT_RANK_EXIT,116.841,116.71831695,10,-3.0700000000000216,-5.526884499999596,1.169945,1.169945,0.1169945
2025-02-12 14:45:00,110097.SH,SELL,REBUILT_TIME_EXIT,133.273,133.13306335000001,10,3.400000000000034,0.6048370000005434,1.33103,1.33103,0.133103
2025-02-12 14:45:00,111015.SH,SELL,REBUILT_RANK_EXIT,118.515,118.39055925,10,0.7899999999999352,-1.6979854999999588,1.184755,1.184755,0.11847550000000001
2025-02-12 15:00:00,110073.SH,BUY,BUY_NEXT_OPEN,117.18,117.303039,10,0.0,0.0,0.5859000000000001,0.5859000000000001,0.05859
2025-02-12 15:00:00,110086.SH,BUY,BUY_NEXT_OPEN,107.701,107.81408604999999,10,0.0,0.0,0.538505,0.538505,0.053850499999999996
2025-02-12 15:00:00,110081.SH,BUY,BUY_NEXT_OPEN,117.0,117.12284999999999,10,0.0,0.0,0.5850000000000001,0.5850000000000001,0.0585
2025-02-13 09:30:00,110073.SH,SELL,REBUILT_TIME_EXIT,117.266,117.1428707,10,0.8599999999999852,-1.6016829999998663,1.17223,1.17223,0.11722300000000002
2025-02-13 09:30:00,110086.SH,SELL,REBUILT_TIME_EXIT,107.6,107.48702,10,-1.009999999999991,-3.270660499999849,1.076505,1.076505,0.1076505
2025-02-13 09:30:00,110081.SH,SELL,REBUILT_RANK_EXIT,117.4,117.27673,10,4.000000000000057,1.5388000000000375,1.1720000000000002,1.1720000000000002,0.1172
2025-02-13 09:45:00,110092.SH,BUY,BUY_NEXT_OPEN,85.054,85.14330670000001,20,0.0,0.0,0.8505400000000001,0.8505400000000001,0.08505399999999999
2025-02-13 09:45:00,110076.SH,BUY,BUY_NEXT_OPEN,114.998,115.11874790000002,10,0.0,0.0,0.57499,0.57499,0.05749900000000001
2025-02-13 09:45:00,110055.SH,BUY,BUY_NEXT_OPEN,113.2,113.31886000000002,10,0.0,0.0,0.5660000000000001,0.5660000000000001,0.0566
2025-02-13 09:45:00,111021.SH,BUY,BUY_NEXT_OPEN,120.625,120.75165625,10,0.0,0.0,0.603125,0.603125,0.060312500000000005
2025-02-13 10:15:00,110092.SH,SELL,REBUILT_RANK_EXIT,84.9,84.810855,20,-3.0799999999999272,-6.649034000000256,1.69954,1.69954,0.169954
2025-02-13 10:15:00,110055.SH,SELL,REBUILT_RANK_EXIT,113.27,113.1510665,10,0.6999999999999318,-1.6779350000001614,1.1323500000000002,1.1323500000000002,0.113235
2025-02-13 10:30:00,110076.SH,SELL,REBUILT_RANK_EXIT,115.273,115.15196334999999,10,2.7499999999999147,0.3321544999996604,1.1513550000000001,1.1513550000000001,0.11513550000000002
2025-02-13 11:00:00,111021.SH,SELL,REBUILT_RANK_EXIT,119.93,119.8040735,10,-6.949999999999932,-9.475827499999923,1.202775,1.202775,0.12027750000000001
2025-02-13 11:15:00,113052.SH,BUY,BUY_NEXT_OPEN,117.807,117.93069735,10,0.0,0.0,0.5890350000000001,0.5890350000000001,0.05890350000000001
2025-02-13 11:15:00,113067.SH,BUY,BUY_NEXT_OPEN,121.0,121.12705000000001,10,0.0,0.0,0.605,0.605,0.060500000000000005
2025-02-13 11:15:00,110085.SH,BUY,BUY_NEXT_OPEN,114.815,114.93555574999999,10,0.0,0.0,0.574075,0.574075,0.0574075
2025-02-13 11:30:00,110085.SH,SELL,REBUILT_RANK_EXIT,114.579,114.45869205,10,-2.360000000000042,-4.768637000000126,1.14697,1.14697,0.114697
2025-02-13 13:30:00,113052.SH,SELL,REBUILT_RANK_EXIT,117.735,117.61137824999999,10,-0.7200000000000273,-3.19319100000007,1.1777100000000003,1.1777100000000003,0.11777100000000001
2025-02-13 13:30:00,113067.SH,SELL,REBUILT_RANK_EXIT,120.969,120.84198255,10,-0.3100000000000591,-2.8506745000001956,1.209845,1.209845,0.12098450000000001
2025-02-13 13:45:00,110086.SH,BUY,BUY_NEXT_OPEN,108.615,108.72904574999998,10,0.0,0.0,0.543075,0.543075,0.054307499999999995
2025-02-13 13:45:00,110075.SH,BUY,BUY_NEXT_OPEN,124.536,124.6667628,10,0.0,0.0,0.62268,0.62268,0.062268000000000004
2025-02-13 13:45:00,110098.SH,BUY,BUY_NEXT_OPEN,123.594,123.7237737,10,0.0,0.0,0.61797,0.61797,0.061797
2025-02-13 13:45:00,110093.SH,BUY,BUY_NEXT_OPEN,119.918,120.04391390000002,10,0.0,0.0,0.5995900000000001,0.5995900000000001,0.059959
2025-02-13 14:15:00,110093.SH,SELL,REBUILT_RANK_EXIT,119.994,119.8680063,10,0.7599999999999341,-1.7590760000002774,1.19956,1.19956,0.11995600000000001
2025-02-13 14:30:00,110086.SH,SELL,REBUILT_RANK_EXIT,108.466,108.3521107,10,-1.490000000000009,-3.769350499999746,1.085405,1.085405,0.10854049999999998
2025-02-13 14:30:00,110098.SH,SELL,REBUILT_RANK_EXIT,123.454,123.32437329999999,10,-1.4000000000000057,-3.994004000000132,1.2352400000000001,1.2352400000000001,0.123524
2025-02-13 14:45:00,110075.SH,SELL,REBUILT_RANK_EXIT,124.423,124.29235584999999,10,-1.1299999999999955,-3.7440695000000233,1.2447949999999999,1.2447949999999999,0.12447950000000002
2025-02-14 09:30:00,110076.SH,BUY,BUY_NEXT_OPEN,114.997,115.11774684999999,10,0.0,0.0,0.574985,0.574985,0.0574985
2025-02-14 09:30:00,110095.SH,BUY,BUY_NEXT_OPEN,111.75,111.8673375,10,0.0,0.0,0.55875,0.55875,0.05587500000000001
2025-02-14 09:30:00,110052.SH,BUY,BUY_NEXT_OPEN,137.9,138.044795,10,0.0,0.0,0.6895,0.6895,0.06895000000000001
2025-02-14 09:30:00,113021.SH,BUY,BUY_NEXT_OPEN,115.155,115.27591274999999,10,0.0,0.0,0.575775,0.575775,0.057577500000000004
2025-02-14 09:45:00,110076.SH,SELL,REBUILT_RANK_EXIT,114.651,114.53061644999998,10,-3.4600000000000364,-5.871304000000009,1.14824,1.14824,0.11482400000000001
2025-02-14 09:45:00,110052.SH,SELL,REBUILT_STOP_LOSS_-1%,133.134,132.9942093,10,-47.660000000000196,-50.505857000000105,1.35517,1.35517,0.135517
2025-02-14 09:45:00,113021.SH,SELL,REBUILT_RANK_EXIT,115.361,115.23987095,10,2.0600000000000307,-0.3604179999999815,1.15258,1.15258,0.115258
2025-02-14 10:15:00,110095.SH,SELL,REBUILT_RANK_EXIT,112.3,112.18208499999999,10,5.499999999999972,3.1474749999997584,1.12025,1.12025,0.11202500000000001
2025-02-14 10:30:00,111003.SH,BUY,BUY_NEXT_OPEN,127.956,128.0903538,10,0.0,0.0,0.63978,0.63978,0.06397800000000001
2025-02-14 10:30:00,110093.SH,BUY,BUY_NEXT_OPEN,119.626,119.75160730000002,10,0.0,0.0,0.59813,0.59813,0.059813000000000005
2025-02-14 10:30:00,110090.SH,BUY,BUY_NEXT_OPEN,128.086,128.22049030000002,10,0.0,0.0,0.64043,0.64043,0.064043
2025-02-14 10:45:00,110093.SH,SELL,REBUILT_RANK_EXIT,119.398,119.27263210000001,10,-2.2800000000000864,-4.789752000000135,1.1951200000000002,1.1951200000000002,0.11951200000000001
2025-02-14 10:45:00,110090.SH,SELL,REBUILT_RANK_EXIT,127.77,127.6358415,10,-3.160000000000167,-5.846488000000363,1.27928,1.27928,0.127928
2025-02-14 11:00:00,111003.SH,SELL,REBUILT_RANK_EXIT,128.014,127.8795853,10,0.5800000000000693,-2.1076849999999467,1.2798500000000002,1.2798500000000002,0.12798500000000002
2025-02-14 11:15:00,113061.SH,BUY,BUY_NEXT_OPEN,142.903,143.05304815,10,0.0,0.0,0.714515,0.714515,0.0714515
2025-02-14 11:15:00,113070.SH,BUY,BUY_NEXT_OPEN,123.268,123.3974314,10,0.0,0.0,0.61634,0.61634,0.061634
2025-02-14 11:15:00,110081.SH,BUY,BUY_NEXT_OPEN,116.145,116.26695224999999,10,0.0,0.0,0.5807249999999999,0.5807249999999999,0.0580725
2025-02-14 11:30:00,113061.SH,SELL,REBUILT_RANK_EXIT,142.473,142.32340335,10,-4.299999999999784,-7.2964479999998275,1.4268800000000001,1.4268800000000001,0.142688
2025-02-14 11:30:00,113070.SH,SELL,REBUILT_RANK_EXIT,122.929,122.79992455,10,-3.3899999999999864,-5.975068500000134,1.230985,1.230985,0.1230985
2025-02-14 11:30:00,110081.SH,SELL,REBUILT_RANK_EXIT,115.902,115.7803029,10,-2.42999999999995,-4.866493499999933,1.160235,1.160235,0.1160235
2025-02-14 13:00:00,110085.SH,BUY,BUY_NEXT_OPEN,114.576,114.6963048,10,0.0,0.0,0.57288,0.57288,0.057288
2025-02-14 13:00:00,110073.SH,BUY,BUY_NEXT_OPEN,117.022,117.1448731,10,0.0,0.0,0.58511,0.58511,0.05851100000000001
2025-02-14 13:00:00,110081.SH,BUY,BUY_NEXT_OPEN,116.095,116.21689975,10,0.0,0.0,0.5804750000000001,0.5804750000000001,0.0580475
2025-02-14 13:00:00,113053.SH,BUY,BUY_NEXT_OPEN,107.826,107.93921729999998,10,0.0,0.0,0.53913,0.53913,0.053913
2025-02-14 13:15:00,110085.SH,SELL,REBUILT_RANK_EXIT,114.212,114.0920774,10,-3.639999999999901,-6.042273999999907,1.14394,1.14394,0.114394
2025-02-14 13:15:00,110073.SH,SELL,REBUILT_RANK_EXIT,116.929,116.80622455,10,-0.9300000000000352,-3.386485499999935,1.169755,1.169755,0.11697550000000001
2025-02-14 13:15:00,113053.SH,SELL,REBUILT_RANK_EXIT,107.822,107.7087869,10,-0.03999999999990678,-2.3043039999997745,1.07824,1.07824,0.107824
2025-02-14 14:00:00,110081.SH,SELL,REBUILT_RANK_EXIT,115.995,115.87320525000001,10,-0.9999999999999432,-3.4369449999999233,1.16045,1.16045,0.11604500000000001
2025-02-14 14:15:00,110087.SH,BUY,BUY_NEXT_OPEN,108.529,108.64295545,10,0.0,0.0,0.542645,0.542645,0.0542645
2025-02-14 14:15:00,110055.SH,BUY,BUY_NEXT_OPEN,113.64,113.759322,10,0.0,0.0,0.5682,0.5682,0.05682
2025-02-14 14:15:00,111021.SH,BUY,BUY_NEXT_OPEN,120.335,120.46135175,10,0.0,0.0,0.601675,0.601675,0.060167500000000006
2025-02-14 14:15:00,110076.SH,BUY,BUY_NEXT_OPEN,114.929,115.04967545,10,0.0,0.0,0.5746450000000001,0.5746450000000001,0.0574645
2025-02-14 14:30:00,110087.SH,SELL,REBUILT_RANK_EXIT,108.44,108.326138,10,-0.8899999999999864,-3.1681745000000774,1.084845,1.084845,0.1084845
2025-02-14 14:30:00,110076.SH,SELL,REBUILT_RANK_EXIT,114.949,114.82830355,10,0.1999999999999602,-2.2137189999998554,1.14939,1.14939,0.11493900000000001
2025-02-14 14:45:00,110055.SH,SELL,REBUILT_TIME_EXIT,114.337,114.21694615,10,6.970000000000027,4.576241499999924,1.139885,1.139885,0.11398850000000002
2025-02-14 14:45:00,111021.SH,SELL,REBUILT_RANK_EXIT,120.365,120.23861675,10,0.30000000000001137,-2.2273499999998876,1.2035,1.2035,0.12035000000000001
2025-02-17 09:30:00,110075.SH,BUY,BUY_NEXT_OPEN,124.201,124.33141105,10,0.0,0.0,0.6210049999999999,0.6210049999999999,0.0621005
2025-02-17 09:30:00,110086.SH,BUY,BUY_NEXT_OPEN,107.657,107.77003984999999,10,0.0,0.0,0.538285,0.538285,0.0538285
2025-02-17 09:30:00,113042.SH,BUY,BUY_NEXT_OPEN,121.701,121.82878604999999,10,0.0,0.0,0.608505,0.608505,0.0608505
2025-02-17 09:30:00,111015.SH,BUY,BUY_NEXT_OPEN,117.318,117.44118390000001,10,0.0,0.0,0.5865900000000001,0.5865900000000001,0.058659
2025-02-17 09:30:00,113053.SH,BUY,BUY_NEXT_OPEN,107.75,107.86313750000001,10,0.0,0.0,0.53875,0.53875,0.053875
2025-02-17 09:45:00,110075.SH,SELL,REBUILT_RANK_EXIT,124.279,124.14850704999999,10,0.7800000000000296,-1.8290400000000773,1.2424,1.2424,0.12424
2025-02-17 09:45:00,110086.SH,SELL,REBUILT_RANK_EXIT,107.239,107.12639905000002,10,-4.179999999999922,-6.436407999999801,1.0744799999999999,1.0744799999999999,0.10744800000000002
2025-02-17 09:45:00,113042.SH,SELL,REBUILT_RANK_EXIT,121.541,121.41338194999999,10,-1.599999999999966,-4.1540410000000065,1.2162099999999998,1.2162099999999998,0.121621
2025-02-17 10:00:00,111015.SH,SELL,REBUILT_RANK_EXIT,117.574,117.45054730000001,10,2.5600000000000023,0.0936340000000655,1.17446,1.17446,0.11744600000000001
2025-02-17 10:30:00,113053.SH,SELL,REBUILT_RANK_EXIT,107.792,107.67881840000001,10,0.4200000000000159,-1.8431910000001608,1.07771,1.07771,0.107771
2025-02-17 10:45:00,113054.SH,BUY,BUY_NEXT_OPEN,110.084,110.19958820000001,10,0.0,0.0,0.55042,0.55042,0.05504200000000001
2025-02-17 10:45:00,110093.SH,BUY,BUY_NEXT_OPEN,119.2,119.32516000000001,10,0.0,0.0,0.596,0.596,0.0596
2025-02-17 10:45:00,110092.SH,BUY,BUY_NEXT_OPEN,84.244,84.33245620000001,20,0.0,0.0,0.84244,0.84244,0.084244
2025-02-17 10:45:00,110097.SH,BUY,BUY_NEXT_OPEN,131.673,131.81125665,10,0.0,0.0,0.6583650000000001,0.6583650000000001,0.0658365
2025-02-17 11:00:00,110093.SH,SELL,REBUILT_RANK_EXIT,119.117,118.99192715000001,10,-0.8299999999999841,-3.332328499999903,1.191585,1.191585,0.1191585
2025-02-17 11:00:00,110097.SH,SELL,REBUILT_RANK_EXIT,131.846,131.7075617,10,1.7300000000000182,-1.0369494999997642,1.3175950000000003,1.3175950000000003,0.13175950000000003
2025-02-17 11:15:00,110092.SH,SELL,REBUILT_RANK_EXIT,84.14,84.05165300000002,20,-2.079999999999984,-5.616064000000051,1.68384,1.68384,0.16838399999999998
2025-02-17 13:30:00,113054.SH,SELL,REBUILT_TIME_EXIT,110.241,110.12524695,10,1.5699999999999648,-0.7434125000002041,1.101625,1.101625,0.11016250000000001
2025-02-17 13:45:00,113043.SH,BUY,BUY_NEXT_OPEN,118.7,118.82463499999999,10,0.0,0.0,0.5935,0.5935,0.05935
2025-02-17 13:45:00,113062.SH,BUY,BUY_NEXT_OPEN,123.834,123.9640257,10,0.0,0.0,0.61917,0.61917,0.06191700000000001
2025-02-17 13:45:00,113059.SH,BUY,BUY_NEXT_OPEN,113.3,113.418965,10,0.0,0.0,0.5665,0.5665,0.05665
2025-02-17 14:15:00,113043.SH,SELL,REBUILT_RANK_EXIT,118.44,118.315638,10,-2.600000000000051,-5.0899699999997665,1.1857000000000002,1.1857000000000002,0.11857000000000001
2025-02-17 14:15:00,113062.SH,SELL,REBUILT_RANK_EXIT,123.8,123.67001,10,-0.34000000000006025,-2.9401569999999992,1.23817,1.23817,0.12381700000000001
2025-02-17 14:15:00,113059.SH,SELL,REBUILT_RANK_EXIT,113.301,113.18203394999999,10,0.010000000000047748,-2.3693105000002106,1.133005,1.133005,0.1133005
2025-02-17 14:30:00,113053.SH,BUY,BUY_NEXT_OPEN,107.95,108.06334749999999,10,0.0,0.0,0.5397500000000001,0.5397500000000001,0.053975
2025-02-17 14:30:00,110090.SH,BUY,BUY_NEXT_OPEN,128.483,128.61790715,10,0.0,0.0,0.6424150000000001,0.6424150000000001,0.0642415
2025-02-17 14:30:00,111004.SH,BUY,BUY_NEXT_OPEN,110.823,110.93936415,10,0.0,0.0,0.5541149999999999,0.5541149999999999,0.0554115
2025-02-17 14:45:00,113053.SH,SELL,REBUILT_RANK_EXIT,107.754,107.6408583,10,-1.9599999999999795,-4.224891999999727,1.0785200000000001,1.0785200000000001,0.107852
2025-02-17 14:45:00,110090.SH,SELL,REBUILT_TIME_EXIT,128.643,128.50792485,10,1.599999999999966,-1.0998230000002422,1.2856300000000003,1.2856300000000003,0.128563
2025-02-17 14:45:00,111004.SH,SELL,REBUILT_TIME_EXIT,111.698,111.5807171,10,8.75,6.413529499999868,1.1126049999999998,1.1126049999999998,0.11126050000000001
2025-02-17 15:00:00,113061.SH,BUY,BUY_NEXT_OPEN,146.931,147.08527755,10,0.0,0.0,0.7346550000000001,0.7346550000000001,0.07346550000000002
2025-02-17 15:00:00,113052.SH,BUY,BUY_NEXT_OPEN,117.2,117.32306,10,0.0,0.0,0.586,0.586,0.058600000000000006
2025-02-18 09:30:00,113061.SH,SELL,REBUILT_TIME_EXIT,147.395,147.24023524999998,10,4.639999999999986,1.549576999999772,1.4716300000000002,1.4716300000000002,0.14716300000000002
2025-02-18 09:30:00,113052.SH,SELL,REBUILT_TIME_EXIT,117.1,116.977045,10,-1.0000000000000853,-3.460149999999885,1.1715,1.1715,0.11715
2025-02-18 09:45:00,110092.SH,BUY,BUY_NEXT_OPEN,83.953,84.04115065,20,0.0,0.0,0.83953,0.83953,0.08395300000000001
2025-02-18 09:45:00,113056.SH,BUY,BUY_NEXT_OPEN,118.886,119.0108303,10,0.0,0.0,0.59443,0.59443,0.059443
2025-02-18 10:00:00,110092.SH,SELL,REBUILT_RANK_EXIT,83.743,83.65506984999999,20,-4.200000000000159,-7.721616000000267,1.67696,1.67696,0.167696
2025-02-18 10:00:00,113056.SH,SELL,REBUILT_RANK_EXIT,118.6,118.47547,10,-2.8600000000000136,-5.353603000000021,1.18743,1.18743,0.11874300000000002
2025-02-18 10:15:00,110095.SH,BUY,BUY_NEXT_OPEN,112.0,112.1176,10,0.0,0.0,0.56,0.56,0.056
2025-02-18 10:15:00,113042.SH,BUY,BUY_NEXT_OPEN,121.276,121.4033398,10,0.0,0.0,0.6063799999999999,0.6063799999999999,0.060638000000000004
2025-02-18 10:15:00,113021.SH,BUY,BUY_NEXT_OPEN,118.552,118.67647960000001,10,0.0,0.0,0.5927600000000001,0.5927600000000001,0.05927600000000001
2025-02-18 10:15:00,113053.SH,BUY,BUY_NEXT_OPEN,107.976,108.0893748,10,0.0,0.0,0.53988,0.53988,0.05398800000000001
2025-02-18 10:15:00,113052.SH,BUY,BUY_NEXT_OPEN,117.408,117.53127840000002,10,0.0,0.0,0.58704,0.58704,0.058704000000000006
2025-02-18 10:30:00,110095.SH,SELL,REBUILT_RANK_EXIT,111.913,111.79549135,10,-0.870000000000033,-3.2210864999999558,1.1195650000000001,1.1195650000000001,0.1119565
2025-02-18 10:30:00,113042.SH,SELL,REBUILT_RANK_EXIT,121.17,121.0427715,10,-1.0599999999999454,-3.605682999999999,1.21223,1.21223,0.12122300000000001
2025-02-18 10:30:00,113052.SH,SELL,REBUILT_RANK_EXIT,117.43,117.3066985,10,0.2200000000000557,-2.245799000000261,1.17419,1.17419,0.11741900000000002
2025-02-18 10:45:00,113053.SH,SELL,REBUILT_RANK_EXIT,108.041,107.92755695000001,10,0.6499999999999773,-1.6181784999998854,1.080085,1.080085,0.10800850000000001
2025-02-18 13:00:00,113021.SH,SELL,REBUILT_TIME_EXIT,120.451,120.32452645,10,18.989999999999867,16.480468499999688,1.1950150000000002,1.1950150000000002,0.11950150000000001
2025-02-18 13:15:00,110085.SH,BUY,BUY_NEXT_OPEN,113.112,113.2307676,10,0.0,0.0,0.56556,0.56556,0.056556
2025-02-18 13:15:00,111009.SH,BUY,BUY_NEXT_OPEN,106.464,106.5757872,10,0.0,0.0,0.53232,0.53232,0.053232
2025-02-18 13:15:00,113067.SH,BUY,BUY_NEXT_OPEN,120.805,120.93184525,10,0.0,0.0,0.604025,0.604025,0.060402500000000005
2025-02-18 13:30:00,110085.SH,SELL,REBUILT_RANK_EXIT,113.031,112.91231745,10,-0.8099999999998886,-3.1845014999998966,1.130715,1.130715,0.11307150000000002
2025-02-18 13:45:00,113067.SH,SELL,REBUILT_RANK_EXIT,120.621,120.49434794999999,10,-1.840000000000117,-4.3749729999999545,1.20713,1.20713,0.12071300000000001
2025-02-18 14:45:00,111009.SH,SELL,REBUILT_TIME_EXIT,106.581,106.46908995,10,1.1700000000000443,-1.0669725000000199,1.065225,1.065225,0.1065225
2025-02-18 15:00:00,110085.SH,BUY,BUY_NEXT_OPEN,112.251,112.36886354999999,10,0.0,0.0,0.5612550000000001,0.5612550000000001,0.05612550000000001
2025-02-19 09:30:00,110085.SH,SELL,REBUILT_TIME_EXIT,112.92,112.801434,10,6.689999999999969,4.325704500000029,1.125855,1.125855,0.1125855
2025-02-19 09:45:00,113053.SH,BUY,BUY_NEXT_OPEN,114.235,114.35494675000001,10,0.0,0.0,0.571175,0.571175,0.0571175
2025-02-19 09:45:00,113059.SH,BUY,BUY_NEXT_OPEN,113.667,113.78635034999999,10,0.0,0.0,0.568335,0.568335,0.0568335
2025-02-19 09:45:00,110086.SH,BUY,BUY_NEXT_OPEN,106.679,106.79101295000001,10,0.0,0.0,0.5333950000000001,0.5333950000000001,0.053339500000000005
2025-02-19 10:00:00,110086.SH,SELL,REBUILT_RANK_EXIT,106.546,106.4341267,10,-1.3299999999999557,-3.568862500000023,1.066125,1.066125,0.10661250000000001
2025-02-19 11:00:00,113053.SH,SELL,REBUILT_RANK_EXIT,113.591,113.47172944999998,10,-6.440000000000055,-8.832173000000239,1.13913,1.13913,0.113913
2025-02-19 11:00:00,113059.SH,SELL,REBUILT_RANK_EXIT,114.272,114.1520144,10,6.05000000000004,3.656640500000094,1.1396950000000001,1.1396950000000001,0.1139695
2025-02-19 11:15:00,110085.SH,BUY,BUY_NEXT_OPEN,113.377,113.49604585000002,10,0.0,0.0,0.566885,0.566885,0.0566885
2025-02-19 11:15:00,110095.SH,BUY,BUY_NEXT_OPEN,111.946,112.06354329999999,10,0.0,0.0,0.5597300000000001,0.5597300000000001,0.055973
2025-02-19 11:15:00,110087.SH,BUY,BUY_NEXT_OPEN,108.001,108.11440105000001,10,0.0,0.0,0.5400050000000001,0.5400050000000001,0.05400050000000001
2025-02-19 11:30:00,110085.SH,SELL,REBUILT_RANK_EXIT,113.413,113.29391634999999,10,0.36000000000001364,-2.0212950000002365,1.13395,1.13395,0.113395
2025-02-19 13:00:00,110087.SH,SELL,REBUILT_RANK_EXIT,107.907,107.79369764999998,10,-0.940000000000083,-3.207034000000249,1.0795400000000002,1.0795400000000002,0.10795400000000001
2025-02-19 13:15:00,110095.SH,SELL,REBUILT_RANK_EXIT,112.546,112.4278267,10,6.000000000000085,3.6428339999999935,1.1224600000000002,1.1224600000000002,0.11224600000000001
2025-02-19 13:30:00,113053.SH,BUY,BUY_NEXT_OPEN,114.123,114.24282915,10,0.0,0.0,0.570615,0.570615,0.0570615
2025-02-19 13:30:00,110087.SH,BUY,BUY_NEXT_OPEN,108.199,108.31260895000001,10,0.0,0.0,0.540995,0.540995,0.0540995
2025-02-19 13:45:00,113053.SH,SELL,REBUILT_RANK_EXIT,113.953,113.83334934999999,10,-1.700000000000017,-4.09479800000031,1.14038,1.14038,0.114038
2025-02-19 13:45:00,110087.SH,SELL,REBUILT_RANK_EXIT,108.023,107.90957585,10,-1.7600000000000193,-4.03033100000016,1.08111,1.08111,0.10811100000000001
2025-02-19 14:00:00,110095.SH,BUY,BUY_NEXT_OPEN,113.419,113.53808994999999,10,0.0,0.0,0.567095,0.567095,0.0567095
2025-02-19 14:00:00,113048.SH,BUY,BUY_NEXT_OPEN,110.95,111.06649750000001,10,0.0,0.0,0.5547500000000001,0.5547500000000001,0.055475000000000003
2025-02-19 14:00:00,113054.SH,BUY,BUY_NEXT_OPEN,109.7,109.815185,10,0.0,0.0,0.5485,0.5485,0.05485
2025-02-19 14:00:00,110093.SH,BUY,BUY_NEXT_OPEN,118.394,118.51831370000001,10,0.0,0.0,0.5919700000000001,0.5919700000000001,0.05919700000000001
2025-02-19 14:15:00,113054.SH,SELL,REBUILT_RANK_EXIT,109.717,109.60179715000001,10,0.16999999999995907,-2.1338784999998097,1.0970849999999999,1.0970849999999999,0.10970850000000001
2025-02-19 14:15:00,110093.SH,SELL,REBUILT_RANK_EXIT,118.531,118.40654245000002,10,1.3700000000000045,-1.117712499999925,1.184625,1.184625,0.11846250000000003
2025-02-19 14:30:00,110095.SH,SELL,REBUILT_RANK_EXIT,113.496,113.3768292,10,0.7699999999999818,-1.6126074999999673,1.134575,1.134575,0.1134575
2025-02-19 14:45:00,113048.SH,SELL,REBUILT_RANK_EXIT,110.685,110.56878075000002,10,-2.6500000000000057,-4.9771674999999505,1.1081750000000001,1.1081750000000001,0.11081750000000001
2025-02-19 15:00:00,110090.SH,BUY,BUY_NEXT_OPEN,132.201,132.33981105,10,0.0,0.0,0.661005,0.661005,0.0661005
2025-02-20 09:30:00,110090.SH,SELL,REBUILT_TIME_EXIT,132.146,132.0072467,10,-0.5500000000000682,-3.3256435000000693,1.3217349999999999,1.3217349999999999,0.1321735
2025-02-20 09:45:00,110090.SH,BUY,BUY_NEXT_OPEN,135.453,135.59522564999997,10,0.0,0.0,0.6772650000000001,0.6772650000000001,0.06772650000000001
2025-02-20 09:45:00,111003.SH,BUY,BUY_NEXT_OPEN,130.303,130.43981815000004,10,0.0,0.0,0.6515150000000001,0.6515150000000001,0.0651515
2025-02-20 09:45:00,111015.SH,BUY,BUY_NEXT_OPEN,119.09,119.2150445,10,0.0,0.0,0.59545,0.59545,0.05954500000000001
2025-02-20 09:45:00,111021.SH,BUY,BUY_NEXT_OPEN,120.51,120.63653550000001,10,0.0,0.0,0.60255,0.60255,0.060255
2025-02-20 10:00:00,111015.SH,SELL,REBUILT_RANK_EXIT,118.404,118.27967579999999,10,-6.8600000000000705,-9.353687000000036,1.18747,1.18747,0.11874700000000002
2025-02-20 10:15:00,110090.SH,SELL,REBUILT_RANK_EXIT,136.0,135.85719999999998,10,5.46999999999997,2.619743499999913,1.3572650000000002,1.3572650000000002,0.13572650000000003
2025-02-20 10:15:00,111021.SH,SELL,REBUILT_RANK_EXIT,120.416,120.28956319999999,10,-0.940000000000083,-3.469723000000158,1.2046299999999999,1.2046299999999999,0.120463
2025-02-20 13:15:00,111003.SH,SELL,REBUILT_TIME_EXIT,130.437,130.30004115000003,10,1.3400000000001455,-1.3977700000002642,1.3037,1.3037,0.13037
2025-02-20 13:30:00,110090.SH,BUY,BUY_NEXT_OPEN,137.153,137.29701065,10,0.0,0.0,0.685765,0.685765,0.0685765
2025-02-20 13:30:00,113061.SH,BUY,BUY_NEXT_OPEN,153.909,154.07060445,10,0.0,0.0,0.7695449999999999,0.7695449999999999,0.07695450000000001
2025-02-20 13:30:00,111002.SH,BUY,BUY_NEXT_OPEN,118.839,118.96378095,10,0.0,0.0,0.594195,0.594195,0.05941950000000001
2025-02-20 13:30:00,110085.SH,BUY,BUY_NEXT_OPEN,113.486,113.6051603,10,0.0,0.0,0.56743,0.56743,0.056743
2025-02-20 13:45:00,110090.SH,SELL,REBUILT_RANK_EXIT,136.746,136.6024167,10,-4.069999999999823,-6.945939499999895,1.3694950000000001,1.3694950000000001,0.1369495
2025-02-20 13:45:00,113061.SH,SELL,REBUILT_RANK_EXIT,152.903,152.74245185,10,-10.060000000000002,-13.281525999999985,1.5340599999999998,1.5340599999999998,0.15340600000000001
2025-02-20 14:00:00,110085.SH,SELL,REBUILT_RANK_EXIT,113.313,113.19402135,10,-1.7300000000000182,-4.111389499999859,1.133995,1.133995,0.11339950000000001
2025-02-21 09:30:00,111002.SH,SELL,REBUILT_TIME_EXIT,119.287,119.16174864999999,10,4.480000000000075,1.9796769999998105,1.19063,1.19063,0.119063
2025-02-21 09:45:00,113061.SH,BUY,BUY_NEXT_OPEN,154.529,154.69125545000003,10,0.0,0.0,0.772645,0.772645,0.0772645
2025-02-21 09:45:00,110052.SH,BUY,BUY_NEXT_OPEN,134.82,134.961561,10,0.0,0.0,0.6740999999999999,0.6740999999999999,0.06741
2025-02-21 09:45:00,113058.SH,BUY,BUY_NEXT_OPEN,125.039,125.17029095,10,0.0,0.0,0.6251950000000001,0.6251950000000001,0.0625195
2025-02-21 10:00:00,113061.SH,SELL,REBUILT_STOP_LOSS_-1%,151.69,151.53072550000002,10,-28.389999999999986,-31.6052995,1.531095,1.531095,0.1531095
2025-02-21 10:00:00,110052.SH,SELL,REBUILT_RANK_EXIT,133.676,133.53564020000002,10,-11.440000000000055,-14.259207999999717,1.34248,1.34248,0.13424799999999998
2025-02-21 10:15:00,113058.SH,SELL,REBUILT_RANK_EXIT,124.471,124.34030545,10,-5.679999999999978,-8.29985499999998,1.2475500000000002,1.2475500000000002,0.124755
2025-02-21 10:30:00,113046.SH,BUY,BUY_NEXT_OPEN,111.705,111.82229025,10,0.0,0.0,0.5585249999999999,0.5585249999999999,0.0558525
2025-02-21 10:30:00,110085.SH,BUY,BUY_NEXT_OPEN,113.74,113.859427,10,0.0,0.0,0.5687,0.5687,0.056870000000000004
2025-02-21 10:30:00,113059.SH,BUY,BUY_NEXT_OPEN,114.828,114.9485694,10,0.0,0.0,0.57414,0.57414,0.05741400000000001
2025-02-21 10:45:00,113046.SH,SELL,REBUILT_RANK_EXIT,111.582,111.46483889999999,10,-1.2300000000000466,-3.5745134999999664,1.116435,1.116435,0.1116435
2025-02-21 10:45:00,110085.SH,SELL,REBUILT_RANK_EXIT,113.664,113.5446528,10,-0.7599999999999341,-3.1477420000001075,1.1370200000000001,1.1370200000000001,0.113702
2025-02-21 10:45:00,113059.SH,SELL,REBUILT_RANK_EXIT,114.97,114.8492815,10,1.419999999999959,-0.9928789999999026,1.14899,1.14899,0.114899
2025-02-21 11:00:00,113043.SH,BUY,BUY_NEXT_OPEN,118.818,118.9427589,10,0.0,0.0,0.59409,0.59409,0.059409
2025-02-21 11:00:00,111003.SH,BUY,BUY_NEXT_OPEN,131.65,131.7882325,10,0.0,0.0,0.6582500000000001,0.6582500000000001,0.06582500000000001
2025-02-21 11:00:00,113021.SH,BUY,BUY_NEXT_OPEN,118.534,118.65846070000002,10,0.0,0.0,0.59267,0.59267,0.05926700000000001
2025-02-21 11:00:00,113049.SH,BUY,BUY_NEXT_OPEN,114.589,114.70931845,10,0.0,0.0,0.572945,0.572945,0.057294500000000005
2025-02-21 11:15:00,113043.SH,SELL,REBUILT_RANK_EXIT,118.399,118.27468104999998,10,-4.189999999999969,-6.680778500000088,1.186085,1.186085,0.1186085
2025-02-21 11:15:00,113021.SH,SELL,REBUILT_RANK_EXIT,118.204,118.0798858,10,-3.300000000000125,-5.7857490000001235,1.18369,1.18369,0.118369
2025-02-21 11:15:00,113049.SH,SELL,REBUILT_RANK_EXIT,114.348,114.2279346,10,-2.4099999999999966,-4.813838499999974,1.144685,1.144685,0.1144685
2025-02-21 13:15:00,111003.SH,SELL,REBUILT_RANK_EXIT,131.902,131.76350289999996,10,2.5199999999998113,-0.24729600000046048,1.31776,1.31776,0.131776
2025-02-21 13:30:00,110081.SH,BUY,BUY_NEXT_OPEN,117.785,117.90867424999999,10,0.0,0.0,0.588925,0.588925,0.0588925
2025-02-21 13:30:00,111003.SH,BUY,BUY_NEXT_OPEN,132.187,132.32579635,10,0.0,0.0,0.6609350000000002,0.6609350000000002,0.06609350000000001
2025-02-21 13:30:00,110085.SH,BUY,BUY_NEXT_OPEN,113.898,114.0175929,10,0.0,0.0,0.56949,0.56949,0.056949
2025-02-21 13:30:00,110090.SH,BUY,BUY_NEXT_OPEN,138.609,138.75453944999998,10,0.0,0.0,0.693045,0.693045,0.06930450000000002
2025-02-21 13:45:00,110081.SH,SELL,REBUILT_RANK_EXIT,117.695,117.57142024999999,10,-0.9000000000000341,-3.372540000000072,1.1774,1.1774,0.11774000000000001
2025-02-21 13:45:00,110085.SH,SELL,REBUILT_RANK_EXIT,113.727,113.60758664999999,10,-1.7099999999999227,-4.100062500000149,1.138125,1.138125,0.11381250000000001
2025-02-21 14:00:00,111003.SH,SELL,REBUILT_RANK_EXIT,132.089,131.95030655,10,-0.9800000000001319,-3.754897999999912,1.3213800000000002,1.3213800000000002,0.13213800000000003
2025-02-21 14:00:00,110090.SH,SELL,REBUILT_RANK_EXIT,138.807,138.66125265,10,1.9799999999997908,-0.9328679999998712,1.38708,1.38708,0.138708
2025-02-21 14:15:00,111003.SH,BUY,BUY_NEXT_OPEN,132.595,132.73422474999998,10,0.0,0.0,0.662975,0.662975,0.06629750000000001
2025-02-21 14:15:00,111017.SH,BUY,BUY_NEXT_OPEN,133.72,133.86040599999998,10,0.0,0.0,0.6686000000000001,0.6686000000000001,0.06686
2025-02-21 14:15:00,111015.SH,BUY,BUY_NEXT_OPEN,118.766,118.8907043,10,0.0,0.0,0.5938300000000001,0.5938300000000001,0.059383000000000005
2025-02-21 14:30:00,111003.SH,SELL,REBUILT_RANK_EXIT,132.503,132.36387185,10,-0.9200000000001296,-3.703528999999662,1.3254899999999998,1.3254899999999998,0.132549
2025-02-21 14:30:00,111017.SH,SELL,REBUILT_RANK_EXIT,133.68,133.53963599999997,10,-0.3999999999999204,-3.207700000000159,1.3370000000000002,1.3370000000000002,0.1337
2025-02-21 14:45:00,111015.SH,SELL,REBUILT_TIME_EXIT,119.007,118.88204264999999,10,2.4099999999999966,-0.08661649999999099,1.188865,1.188865,0.1188865
2025-02-24 09:30:00,113062.SH,BUY,BUY_NEXT_OPEN,123.035,123.16418674999998,10,0.0,0.0,0.615175,0.615175,0.0615175
2025-02-24 09:30:00,113061.SH,BUY,BUY_NEXT_OPEN,151.75,151.9093375,10,0.0,0.0,0.75875,0.75875,0.075875
2025-02-24 09:30:00,113054.SH,BUY,BUY_NEXT_OPEN,110.2,110.31571,10,0.0,0.0,0.551,0.551,0.0551
2025-02-24 09:30:00,113039.SH,BUY,BUY_NEXT_OPEN,127.059,127.19241195,10,0.0,0.0,0.635295,0.635295,0.0635295
2025-02-24 09:45:00,113062.SH,SELL,REBUILT_RANK_EXIT,122.924,122.79492979999999,10,-1.1099999999999,-3.692569499999763,1.2297950000000002,1.2297950000000002,0.12297950000000002
2025-02-24 09:45:00,113061.SH,SELL,REBUILT_STOP_LOSS_-1%,148.326,148.1702577,10,-34.240000000000066,-37.390797999999904,1.5003799999999998,1.5003799999999998,0.150038
2025-02-24 10:30:00,113039.SH,SELL,REBUILT_RANK_EXIT,127.6,127.46602,10,5.409999999999968,2.736080500000071,1.273295,1.273295,0.12732949999999998
2025-02-24 11:00:00,113054.SH,SELL,REBUILT_RANK_EXIT,110.999,110.88245105,10,7.989999999999924,5.667410500000187,1.105995,1.105995,0.11059949999999999
2025-02-24 11:15:00,110093.SH,BUY,BUY_NEXT_OPEN,120.479,120.60550294999999,10,0.0,0.0,0.602395,0.602395,0.0602395
2025-02-24 11:15:00,111002.SH,BUY,BUY_NEXT_OPEN,120.179,120.30518795,10,0.0,0.0,0.6008950000000001,0.6008950000000001,0.060089500000000004
2025-02-24 11:15:00,113053.SH,BUY,BUY_NEXT_OPEN,116.3,116.42211499999999,10,0.0,0.0,0.5815,0.5815,0.05815
2025-02-24 11:15:00,110095.SH,BUY,BUY_NEXT_OPEN,114.25,114.3699625,10,0.0,0.0,0.57125,0.57125,0.05712500000000001
2025-02-24 11:15:00,113058.SH,BUY,BUY_NEXT_OPEN,127.414,127.5477847,10,0.0,0.0,0.63707,0.63707,0.063707
2025-02-24 11:30:00,113053.SH,SELL,REBUILT_RANK_EXIT,116.159,116.03703304999999,10,-1.4099999999999113,-3.850819499999943,1.162295,1.162295,0.11622950000000001
2025-02-24 13:00:00,110095.SH,SELL,REBUILT_RANK_EXIT,114.2,114.08009,10,-0.4999999999999716,-2.898725000000013,1.1422500000000002,1.1422500000000002,0.11422500000000002
2025-02-24 13:00:00,113058.SH,SELL,REBUILT_RANK_EXIT,127.322,127.18831190000002,10,-0.9199999999999875,-3.5947279999998045,1.2736800000000001,1.2736800000000001,0.127368
2025-02-24 13:15:00,110093.SH,SELL,REBUILT_RANK_EXIT,119.6,119.47442000000001,10,-8.790000000000049,-11.310829499999727,1.2003949999999999,1.2003949999999999,0.1200395
2025-02-25 13:30:00,111002.SH,SELL,REBUILT_RANK_EXIT,119.735,119.60927825,10,-4.440000000000026,-6.959096999999929,1.19957,1.19957,0.11995700000000001
2025-02-25 13:45:00,113056.SH,BUY,BUY_NEXT_OPEN,115.654,115.7754367,10,0.0,0.0,0.57827,0.57827,0.057827
2025-02-25 13:45:00,111014.SH,BUY,BUY_NEXT_OPEN,114.035,114.15473675,10,0.0,0.0,0.570175,0.570175,0.0570175
2025-02-25 13:45:00,113054.SH,BUY,BUY_NEXT_OPEN,110.182,110.29769110000001,10,0.0,0.0,0.55091,0.55091,0.055091
2025-02-25 13:45:00,113049.SH,BUY,BUY_NEXT_OPEN,115.01,115.13076050000002,10,0.0,0.0,0.5750500000000001,0.5750500000000001,0.057505
2025-02-25 13:45:00,111015.SH,BUY,BUY_NEXT_OPEN,120.56,120.68658800000001,10,0.0,0.0,0.6028,0.6028,0.06028
2025-02-25 14:00:00,113054.SH,SELL,REBUILT_RANK_EXIT,110.004,109.8884958,10,-1.7799999999999727,-4.091953000000103,1.10093,1.10093,0.110093
2025-02-25 14:00:00,111015.SH,SELL,REBUILT_RANK_EXIT,120.038,119.9119601,10,-5.220000000000056,-7.746278999999959,1.20299,1.20299,0.120299
2025-02-25 14:15:00,113056.SH,SELL,REBUILT_RANK_EXIT,115.644,115.5225738,10,-0.09999999999990905,-2.52862899999991,1.15649,1.15649,0.115649
2025-02-25 14:30:00,113049.SH,SELL,REBUILT_RANK_EXIT,114.99,114.8692605,10,-0.20000000000010232,-2.6150000000002365,1.15,1.15,0.115
2025-02-26 10:15:00,111014.SH,SELL,REBUILT_RANK_EXIT,114.104,113.98419080000001,10,0.6900000000000261,-1.7054594999999608,1.140695,1.140695,0.1140695
2025-02-26 10:30:00,113053.SH,BUY,BUY_NEXT_OPEN,119.439,119.56441095,10,0.0,0.0,0.5971949999999999,0.5971949999999999,0.0597195
2025-02-26 10:30:00,113061.SH,BUY,BUY_NEXT_OPEN,152.788,152.94842739999999,10,0.0,0.0,0.7639400000000001,0.7639400000000001,0.07639400000000002
2025-02-26 10:30:00,111003.SH,BUY,BUY_NEXT_OPEN,139.0,139.14595,10,0.0,0.0,0.6950000000000001,0.6950000000000001,0.0695
2025-02-26 11:00:00,113053.SH,SELL,REBUILT_RANK_EXIT,119.702,119.5763129,10,2.6300000000000523,0.11901949999992212,1.1957049999999998,1.1957049999999998,0.1195705
2025-02-26 11:15:00,111003.SH,SELL,REBUILT_RANK_EXIT,138.539,138.39353405,10,-4.610000000000127,-7.524159499999996,1.387695,1.387695,0.1387695
2025-02-26 11:30:00,113061.SH,SELL,REBUILT_RANK_EXIT,155.791,155.62741944999996,10,30.02999999999986,26.789920499999653,1.5428950000000001,1.5428950000000001,0.15428950000000002
2025-02-26 13:00:00,110085.SH,BUY,BUY_NEXT_OPEN,114.845,114.96558725,10,0.0,0.0,0.574225,0.574225,0.0574225
2025-02-26 13:00:00,113067.SH,BUY,BUY_NEXT_OPEN,120.614,120.74064469999999,10,0.0,0.0,0.6030700000000001,0.6030700000000001,0.060307000000000006
2025-02-26 13:00:00,113058.SH,BUY,BUY_NEXT_OPEN,126.967,127.10031535,10,0.0,0.0,0.634835,0.634835,0.0634835
2025-02-26 13:00:00,113043.SH,BUY,BUY_NEXT_OPEN,118.508,118.63243339999998,10,0.0,0.0,0.5925400000000001,0.5925400000000001,0.059254
2025-02-26 13:00:00,110093.SH,BUY,BUY_NEXT_OPEN,122.77,122.8989085,10,0.0,0.0,0.61385,0.61385,0.061384999999999995
2025-02-26 13:15:00,113043.SH,SELL,REBUILT_RANK_EXIT,118.408,118.28367160000002,10,-0.9999999999999432,-3.4876179999996566,1.18458,1.18458,0.11845800000000001
2025-02-26 13:30:00,110085.SH,SELL,REBUILT_RANK_EXIT,115.446,115.3247817,10,6.009999999999991,3.591944499999954,1.151455,1.151455,0.11514550000000001
2025-02-26 13:45:00,110093.SH,SELL,REBUILT_RANK_EXIT,123.063,122.93378385,10,2.9300000000000637,0.3487534999999298,1.229165,1.229165,0.1229165
2025-02-26 14:15:00,113058.SH,SELL,REBUILT_RANK_EXIT,127.886,127.75171970000001,10,9.18999999999997,6.514043500000071,1.274265,1.274265,0.1274265
2025-02-27 10:15:00,113067.SH,SELL,REBUILT_RANK_EXIT,120.38,120.25360099999999,10,-2.3400000000000887,-4.870437000000038,1.20497,1.20497,0.120497
2025-02-27 10:30:00,111014.SH,BUY,BUY_NEXT_OPEN,114.319,114.43903494999999,10,0.0,0.0,0.5715950000000001,0.5715950000000001,0.0571595
2025-02-27 10:30:00,110087.SH,BUY,BUY_NEXT_OPEN,107.972,108.08537059999999,10,0.0,0.0,0.53986,0.53986,0.053986
2025-02-27 10:30:00,110055.SH,BUY,BUY_NEXT_OPEN,111.148,111.26470539999998,10,0.0,0.0,0.55574,0.55574,0.055574
2025-02-27 10:30:00,110052.SH,BUY,BUY_NEXT_OPEN,137.173,137.31703165000002,10,0.0,0.0,0.6858650000000001,0.6858650000000001,0.0685865
2025-02-27 10:30:00,113042.SH,BUY,BUY_NEXT_OPEN,119.572,119.69755060000001,10,0.0,0.0,0.5978600000000001,0.5978600000000001,0.059786000000000006
2025-02-27 10:45:00,111014.SH,SELL,REBUILT_RANK_EXIT,114.02,113.90027899999998,10,-2.990000000000066,-5.3875595000001795,1.141695,1.141695,0.11416950000000001
2025-02-27 10:45:00,110055.SH,SELL,REBUILT_RANK_EXIT,111.009,110.89244055,10,-1.389999999999958,-3.7226484999998775,1.110785,1.110785,0.1110785
2025-02-27 10:45:00,110052.SH,SELL,REBUILT_RANK_EXIT,136.047,135.90415065,10,-11.260000000000048,-14.128810000000158,1.3661,1.3661,0.13661
2025-02-27 10:45:00,113042.SH,SELL,REBUILT_RANK_EXIT,119.538,119.4124851,10,-0.34000000000006025,-2.850655000000188,1.1955500000000001,1.1955500000000001,0.11955500000000001
2025-02-27 13:15:00,110087.SH,SELL,REBUILT_TIME_EXIT,108.08,107.966516,10,1.080000000000041,-1.1885459999998602,1.08026,1.08026,0.108026
2025-02-27 13:30:00,110097.SH,BUY,BUY_NEXT_OPEN,146.556,146.7098838,10,0.0,0.0,0.7327800000000001,0.7327800000000001,0.07327800000000001
2025-02-27 13:30:00,111014.SH,BUY,BUY_NEXT_OPEN,114.07,114.18977349999999,10,0.0,0.0,0.5703499999999999,0.5703499999999999,0.057035
2025-02-27 13:30:00,110075.SH,BUY,BUY_NEXT_OPEN,125.435,125.56670675000001,10,0.0,0.0,0.627175,0.627175,0.06271750000000001
2025-02-27 13:30:00,113530.SH,BUY,BUY_NEXT_OPEN,118.69,118.81462449999998,10,0.0,0.0,0.59345,0.59345,0.05934500000000001
2025-02-27 13:30:00,113062.SH,BUY,BUY_NEXT_OPEN,122.389,122.51750845,10,0.0,0.0,0.611945,0.611945,0.0611945
2025-02-27 13:45:00,110097.SH,SELL,REBUILT_STOP_LOSS_-1%,142.611,142.46125845,10,-39.450000000000216,-42.48625349999975,1.4458350000000002,1.4458350000000002,0.14458350000000003
2025-02-27 13:45:00,111014.SH,SELL,REBUILT_RANK_EXIT,113.72,113.600594,10,-3.499999999999943,-5.8917949999997745,1.13895,1.13895,0.113895
2025-02-27 13:45:00,113062.SH,SELL,REBUILT_RANK_EXIT,122.288,122.1595976,10,-1.009999999999991,-3.5791084999998475,1.223385,1.223385,0.12233849999999999
2025-02-27 14:15:00,113530.SH,SELL,REBUILT_RANK_EXIT,119.49,119.36453549999999,10,7.999999999999972,5.499109999999973,1.1909,1.1909,0.11909
2025-02-27 14:30:00,110075.SH,SELL,REBUILT_RANK_EXIT,125.756,125.62395620000001,10,3.2099999999999795,0.5724945000001753,1.2559550000000002,1.2559550000000002,0.12559550000000003
2025-02-27 14:45:00,113043.SH,BUY,BUY_NEXT_OPEN,120.666,120.7926993,10,0.0,0.0,0.6033299999999999,0.6033299999999999,0.060333
2025-02-27 14:45:00,110073.SH,BUY,BUY_NEXT_OPEN,117.773,117.89666165,10,0.0,0.0,0.588865,0.588865,0.05888650000000001
2025-02-27 14:45:00,111003.SH,BUY,BUY_NEXT_OPEN,134.826,134.96756729999996,10,0.0,0.0,0.67413,0.67413,0.067413
2025-02-27 14:45:00,113062.SH,BUY,BUY_NEXT_OPEN,122.77,122.8989085,10,0.0,0.0,0.61385,0.61385,0.061384999999999995
2025-02-27 14:45:00,111004.SH,BUY,BUY_NEXT_OPEN,112.555,112.67318275,10,0.0,0.0,0.562775,0.562775,0.05627750000000001
2025-02-27 15:00:00,113043.SH,SELL,REBUILT_TIME_EXIT,121.989,121.86091155,10,13.230000000000075,10.682122499999878,1.2132749999999999,1.2132749999999999,0.1213275
2025-02-27 15:00:00,110073.SH,SELL,REBUILT_TIME_EXIT,119.015,118.89003425000001,10,12.420000000000044,9.933726000000206,1.18394,1.18394,0.11839400000000001
2025-02-28 09:30:00,111003.SH,SELL,REBUILT_RANK_EXIT,134.3,134.158985,10,-5.25999999999982,-8.085822999999436,1.3456299999999999,1.3456299999999999,0.134563
2025-02-28 09:30:00,113062.SH,SELL,REBUILT_TIME_EXIT,122.8,122.67105999999998,10,0.30000000000001137,-2.2784850000002734,1.22785,1.22785,0.122785
2025-02-28 10:45:00,111004.SH,SELL,REBUILT_TIME_EXIT,112.005,111.88739474999998,10,-5.500000000000114,-7.85788000000025,1.1228,1.1228,0.11228000000000002
2025-02-28 11:00:00,113070.SH,BUY,BUY_NEXT_OPEN,125.959,126.09125695,10,0.0,0.0,0.6297950000000001,0.6297950000000001,0.0629795
2025-02-28 11:00:00,111018.SH,BUY,BUY_NEXT_OPEN,121.402,121.52947209999999,10,0.0,0.0,0.60701,0.60701,0.060701000000000005
2025-02-28 11:00:00,113059.SH,BUY,BUY_NEXT_OPEN,113.604,113.72328420000001,10,0.0,0.0,0.56802,0.56802,0.056802
2025-02-28 13:15:00,113070.SH,SELL,REBUILT_RANK_EXIT,125.281,125.14945495,10,-6.779999999999973,-9.418019999999842,1.2562000000000002,1.2562000000000002,0.12562
2025-02-28 13:15:00,113059.SH,SELL,REBUILT_RANK_EXIT,113.692,113.57262340000001,10,0.8799999999999386,-1.5066079999999147,1.13648,1.13648,0.113648
2025-02-28 13:45:00,111018.SH,SELL,REBUILT_RANK_EXIT,120.366,120.23961570000002,10,-10.360000000000014,-12.898563999999851,1.20884,1.20884,0.120884
2025-02-28 14:00:00,113058.SH,BUY,BUY_NEXT_OPEN,126.228,126.3605394,10,0.0,0.0,0.63114,0.63114,0.063114
2025-02-28 14:00:00,111003.SH,BUY,BUY_NEXT_OPEN,132.599,132.73822895,10,0.0,0.0,0.662995,0.662995,0.0662995
2025-02-28 14:00:00,111015.SH,BUY,BUY_NEXT_OPEN,118.643,118.76757515,10,0.0,0.0,0.593215,0.593215,0.059321500000000006
2025-02-28 14:00:00,113532.SH,BUY,BUY_NEXT_OPEN,111.347,111.46391435,10,0.0,0.0,0.556735,0.556735,0.055673499999999994
2025-02-28 14:15:00,111003.SH,SELL,REBUILT_RANK_EXIT,132.068,131.92932860000002,10,-5.309999999999775,-8.08900349999999,1.3233350000000002,1.3233350000000002,0.1323335
2025-02-28 14:30:00,113058.SH,SELL,REBUILT_RANK_EXIT,125.983,125.85071785000001,10,-2.4499999999999034,-5.098215499999924,1.261055,1.261055,0.1261055
2025-02-28 14:30:00,113532.SH,SELL,REBUILT_RANK_EXIT,111.193,111.07624735000002,10,-1.5399999999999636,-3.8766699999998764,1.1127,1.1127,0.11127
2025-02-28 14:45:00,111015.SH,SELL,REBUILT_TIME_EXIT,118.626,118.5014427,10,-0.16999999999995907,-2.661324499999864,1.1863450000000002,1.1863450000000002,0.1186345
2025-02-28 15:00:00,113048.SH,BUY,BUY_NEXT_OPEN,110.974,111.09052270000001,10,0.0,0.0,0.55487,0.55487,0.055487
2025-03-03 09:30:00,113048.SH,SELL,REBUILT_TIME_EXIT,111.0,110.88345000000001,10,0.2599999999999625,-2.0707270000000335,1.10987,1.10987,0.110987
2025-03-03 09:45:00,111018.SH,BUY,BUY_NEXT_OPEN,121.02,121.14707099999998,10,0.0,0.0,0.6051,0.6051,0.06051
2025-03-03 09:45:00,111017.SH,BUY,BUY_NEXT_OPEN,132.093,132.23169765,10,0.0,0.0,0.660465,0.660465,0.06604650000000001
2025-03-03 09:45:00,110084.SH,BUY,BUY_NEXT_OPEN,118.208,118.33211840000001,10,0.0,0.0,0.59104,0.59104,0.059104000000000004
2025-03-03 09:45:00,113048.SH,BUY,BUY_NEXT_OPEN,111.283,111.39984714999999,10,0.0,0.0,0.556415,0.556415,0.0556415
2025-03-03 10:00:00,110084.SH,SELL,REBUILT_RANK_EXIT,117.934,117.81016930000001,10,-2.740000000000009,-5.219491000000062,1.18071,1.18071,0.11807100000000001
2025-03-03 10:15:00,111017.SH,SELL,REBUILT_RANK_EXIT,132.022,131.88337689999997,10,-0.7099999999999795,-3.4832075000001623,1.3205749999999998,1.3205749999999998,0.1320575
2025-03-03 10:15:00,113048.SH,SELL,REBUILT_RANK_EXIT,111.616,111.4988032,10,3.329999999999984,0.9895605000001524,1.114495,1.114495,0.1114495
2025-03-03 10:45:00,111018.SH,SELL,REBUILT_RANK_EXIT,121.014,120.88693529999999,10,-0.060000000000002274,-2.6013570000000072,1.21017,1.21017,0.121017
2025-03-03 11:00:00,110090.SH,BUY,BUY_NEXT_OPEN,133.232,133.37189360000002,10,0.0,0.0,0.66616,0.66616,0.06661600000000001
2025-03-03 11:00:00,110084.SH,BUY,BUY_NEXT_OPEN,117.957,118.08085484999998,10,0.0,0.0,0.589785,0.589785,0.058978499999999996
2025-03-03 11:00:00,111020.SH,BUY,BUY_NEXT_OPEN,132.58,132.71920900000003,10,0.0,0.0,0.6629,0.6629,0.06629000000000002
2025-03-03 11:00:00,110086.SH,BUY,BUY_NEXT_OPEN,107.997,108.11039685000001,10,0.0,0.0,0.5399849999999999,0.5399849999999999,0.053998500000000005
2025-03-03 11:15:00,110090.SH,SELL,REBUILT_RANK_EXIT,132.843,132.70351485,10,-3.8900000000001,-6.683787500000108,1.330375,1.330375,0.1330375
2025-03-03 13:00:00,111020.SH,SELL,REBUILT_RANK_EXIT,132.326,132.18705770000003,10,-2.540000000000191,-5.321513000000323,1.32453,1.32453,0.13245300000000002
2025-03-03 13:45:00,110086.SH,SELL,REBUILT_TIME_EXIT,107.44,107.327188,10,-5.570000000000022,-7.832088500000054,1.077185,1.077185,0.10771850000000001
2025-03-03 14:30:00,110084.SH,SELL,REBUILT_RANK_EXIT,117.47,117.3466565,10,-4.869999999999948,-7.341983499999742,1.177135,1.177135,0.1177135
2025-03-03 14:45:00,110076.SH,BUY,BUY_NEXT_OPEN,113.901,114.02059605,10,0.0,0.0,0.569505,0.569505,0.0569505
2025-03-03 14:45:00,113042.SH,BUY,BUY_NEXT_OPEN,119.856,119.9818488,10,0.0,0.0,0.5992799999999999,0.5992799999999999,0.059928
2025-03-03 14:45:00,110073.SH,BUY,BUY_NEXT_OPEN,115.477,115.59825085,10,0.0,0.0,0.577385,0.577385,0.057738500000000005
2025-03-03 14:45:00,110092.SH,BUY,BUY_NEXT_OPEN,81.027,81.11207835,20,0.0,0.0,0.81027,0.81027,0.08102700000000002
2025-03-03 14:45:00,113059.SH,BUY,BUY_NEXT_OPEN,112.013,112.13061365,10,0.0,0.0,0.560065,0.560065,0.0560065
2025-03-04 09:30:00,113042.SH,SELL,REBUILT_RANK_EXIT,119.88,119.754126,10,0.2400000000000091,-2.2772279999999228,1.19868,1.19868,0.119868
2025-03-04 09:30:00,110073.SH,SELL,REBUILT_RANK_EXIT,115.43,115.30879850000001,10,-0.46999999999997044,-2.8945234999998775,1.154535,1.154535,0.11545350000000001
2025-03-04 09:30:00,110092.SH,SELL,REBUILT_RANK_EXIT,80.854,80.76910330000001,20,-3.4600000000000364,-6.859500999999909,1.6188099999999999,1.6188099999999999,0.161881
2025-03-04 09:30:00,113059.SH,SELL,REBUILT_RANK_EXIT,112.098,111.9802971,10,0.8499999999999375,-1.5031655000000228,1.120555,1.120555,0.1120555
2025-03-04 10:30:00,110076.SH,SELL,REBUILT_RANK_EXIT,113.75,113.6305625,10,-1.5099999999999625,-3.900335499999983,1.138255,1.138255,0.1138255
2025-03-04 10:45:00,113061.SH,BUY,BUY_NEXT_OPEN,130.921,131.05846705,10,0.0,0.0,0.6546049999999999,0.6546049999999999,0.0654605
2025-03-04 10:45:00,111008.SH,BUY,BUY_NEXT_OPEN,142.34,142.489457,10,0.0,0.0,0.7117,0.7117,0.07117000000000001
2025-03-04 10:45:00,110090.SH,BUY,BUY_NEXT_OPEN,133.256,133.3959188,10,0.0,0.0,0.6662800000000001,0.6662800000000001,0.06662799999999999
2025-03-04 10:45:00,110095.SH,BUY,BUY_NEXT_OPEN,112.443,112.56106515,10,0.0,0.0,0.562215,0.562215,0.0562215
2025-03-04 11:00:00,111008.SH,SELL,REBUILT_RANK_EXIT,142.203,142.05368685000002,10,-1.3700000000000045,-4.357701499999621,1.422715,1.422715,0.14227150000000002
2025-03-04 11:00:00,110095.SH,SELL,REBUILT_RANK_EXIT,112.253,112.13513434999999,10,-1.8999999999999773,-4.259308000000146,1.12348,1.12348,0.112348
2025-03-04 11:15:00,113061.SH,SELL,REBUILT_RANK_EXIT,130.981,130.84346994999999,10,0.6000000000000227,-2.1499710000000505,1.30951,1.30951,0.13095099999999998
2025-03-04 11:15:00,110090.SH,SELL,REBUILT_RANK_EXIT,132.552,132.41282040000002,10,-7.040000000000077,-9.830983999999944,1.32904,1.32904,0.132904
2025-03-04 11:30:00,113053.SH,BUY,BUY_NEXT_OPEN,119.245,119.37020725,10,0.0,0.0,0.596225,0.596225,0.05962250000000001
2025-03-04 13:00:00,113053.SH,SELL,REBUILT_RANK_EXIT,118.973,118.84807835,10,-2.7200000000000557,-5.22128900000007,1.19109,1.19109,0.11910900000000002
2025-03-04 13:15:00,111015.SH,BUY,BUY_NEXT_OPEN,118.386,118.51030529999998,10,0.0,0.0,0.59193,0.59193,0.059192999999999996
2025-03-04 13:15:00,110081.SH,BUY,BUY_NEXT_OPEN,114.869,114.98961245,10,0.0,0.0,0.574345,0.574345,0.057434500000000006
2025-03-04 13:15:00,110095.SH,BUY,BUY_NEXT_OPEN,113.229,113.34789045,10,0.0,0.0,0.566145,0.566145,0.0566145
2025-03-04 13:15:00,113049.SH,BUY,BUY_NEXT_OPEN,113.486,113.6051603,10,0.0,0.0,0.56743,0.56743,0.056743
2025-03-04 13:30:00,111015.SH,SELL,REBUILT_RANK_EXIT,117.904,117.78020079999999,10,-4.819999999999993,-7.301044999999931,1.18145,1.18145,0.118145
2025-03-04 13:30:00,110081.SH,SELL,REBUILT_RANK_EXIT,114.428,114.3078506,10,-4.410000000000025,-6.817618500000208,1.146485,1.146485,0.11464850000000001
2025-03-04 13:30:00,113049.SH,SELL,REBUILT_RANK_EXIT,112.97,112.8513815,10,-5.160000000000053,-7.537787999999864,1.13228,1.13228,0.113228
2025-03-04 13:45:00,110095.SH,SELL,REBUILT_RANK_EXIT,113.095,112.97625025,10,-1.3400000000000034,-3.7164020000000164,1.1316199999999998,1.1316199999999998,0.113162
2025-03-04 14:00:00,111000.SH,BUY,BUY_NEXT_OPEN,119.8,119.92578999999999,10,0.0,0.0,0.599,0.599,0.05990000000000001
2025-03-04 14:00:00,110081.SH,BUY,BUY_NEXT_OPEN,114.813,114.93355365000001,10,0.0,0.0,0.574065,0.574065,0.057406500000000006
2025-03-04 14:00:00,110085.SH,BUY,BUY_NEXT_OPEN,112.918,113.03656390000002,10,0.0,0.0,0.56459,0.56459,0.05645900000000001
2025-03-04 14:15:00,110085.SH,SELL,REBUILT_RANK_EXIT,112.87,112.75148650000001,10,-0.4800000000000182,-2.8507740000000013,1.12894,1.12894,0.11289400000000001
2025-03-04 14:30:00,111000.SH,SELL,REBUILT_RANK_EXIT,119.527,119.40149665,10,-2.7299999999999613,-5.2429334999999355,1.1966350000000001,1.1966350000000001,0.1196635
2025-03-04 14:30:00,110081.SH,SELL,REBUILT_RANK_EXIT,114.697,114.57656815,10,-1.1599999999999966,-3.5698549999999614,1.14755,1.14755,0.11475500000000001
2025-03-04 14:45:00,111000.SH,BUY,BUY_NEXT_OPEN,119.801,119.92679104999999,10,0.0,0.0,0.599005,0.599005,0.0599005
2025-03-04 14:45:00,113530.SH,BUY,BUY_NEXT_OPEN,119.99,120.1159895,10,0.0,0.0,0.59995,0.59995,0.05999499999999999
2025-03-04 14:45:00,113051.SH,BUY,BUY_NEXT_OPEN,118.949,119.07389644999998,10,0.0,0.0,0.594745,0.594745,0.0594745
2025-03-04 14:45:00,110055.SH,BUY,BUY_NEXT_OPEN,110.353,110.46887065,10,0.0,0.0,0.551765,0.551765,0.055176499999999996
2025-03-04 15:00:00,113530.SH,SELL,REBUILT_TIME_EXIT,120.132,120.00586139999999,10,1.4200000000001012,-1.1012810000001991,1.20061,1.20061,0.120061
2025-03-04 15:00:00,110055.SH,SELL,REBUILT_TIME_EXIT,110.35,110.23413249999999,10,-0.030000000000001137,-2.3473815000002105,1.1035149999999998,1.1035149999999998,0.11035149999999999
2025-03-05 09:45:00,113051.SH,SELL,REBUILT_RANK_EXIT,118.832,118.7072264,10,-1.1700000000000443,-3.6667004999999335,1.188905,1.188905,0.1188905
2025-03-05 10:30:00,111000.SH,SELL,REBUILT_TIME_EXIT,120.0,119.874,10,1.9899999999999807,-0.5279104999999618,1.199005,1.199005,0.1199005
2025-03-05 10:45:00,110093.SH,BUY,BUY_NEXT_OPEN,121.459,121.58653195,10,0.0,0.0,0.607295,0.607295,0.060729500000000006
2025-03-05 10:45:00,113070.SH,BUY,BUY_NEXT_OPEN,124.149,124.27935645,10,0.0,0.0,0.6207450000000001,0.6207450000000001,0.062074500000000005
2025-03-05 11:00:00,113070.SH,SELL,REBUILT_RANK_EXIT,123.967,123.83683465,10,-1.8200000000000216,-4.425218000000086,1.24058,1.24058,0.124058
2025-03-05 13:15:00,110093.SH,SELL,REBUILT_RANK_EXIT,121.585,121.45733574999998,10,1.2599999999999056,-1.2919620000000123,1.21522,1.21522,0.121522
2025-03-05 13:30:00,113061.SH,BUY,BUY_NEXT_OPEN,129.269,129.40473245000004,10,0.0,0.0,0.646345,0.646345,0.06463450000000001
2025-03-05 13:30:00,113052.SH,BUY,BUY_NEXT_OPEN,116.8,116.92264000000002,10,0.0,0.0,0.584,0.584,0.058399999999999994
2025-03-05 13:30:00,113059.SH,BUY,BUY_NEXT_OPEN,112.059,112.17666194999998,10,0.0,0.0,0.560295,0.560295,0.056029499999999996
2025-03-05 13:45:00,113061.SH,SELL,REBUILT_RANK_EXIT,129.019,128.88353005,10,-2.5,-5.212024000000383,1.29144,1.29144,0.129144
2025-03-05 13:45:00,113052.SH,SELL,REBUILT_RANK_EXIT,116.72,116.59744400000001,10,-0.799999999999983,-3.2519600000000537,1.1676,1.1676,0.11676
2025-03-05 13:45:00,113059.SH,SELL,REBUILT_RANK_EXIT,111.936,111.81846720000001,10,-1.2299999999999045,-3.5819474999996146,1.1199750000000002,1.1199750000000002,0.1119975
2025-03-05 14:00:00,113530.SH,BUY,BUY_NEXT_OPEN,117.298,117.42116290000001,10,0.0,0.0,0.58649,0.58649,0.058649
2025-03-05 14:00:00,113067.SH,BUY,BUY_NEXT_OPEN,118.95,119.07489750000002,10,0.0,0.0,0.59475,0.59475,0.05947500000000001
2025-03-05 14:00:00,110081.SH,BUY,BUY_NEXT_OPEN,114.634,114.7543657,10,0.0,0.0,0.57317,0.57317,0.057317
2025-03-05 14:15:00,113530.SH,SELL,REBUILT_RANK_EXIT,117.222,117.09891689999999,10,-0.7600000000000762,-3.222460000000183,1.1725999999999999,1.1725999999999999,0.11726
2025-03-05 14:15:00,113067.SH,SELL,REBUILT_RANK_EXIT,118.917,118.79213714999999,10,-0.3300000000000125,-2.8276035000003503,1.189335,1.189335,0.11893350000000003
2025-03-05 14:15:00,110081.SH,SELL,REBUILT_RANK_EXIT,114.78,114.659481,10,1.460000000000008,-0.948846999999887,1.14707,1.14707,0.114707
2025-03-05 14:30:00,111008.SH,BUY,BUY_NEXT_OPEN,143.116,143.26627180000003,10,0.0,0.0,0.7155800000000001,0.7155800000000001,0.07155800000000001
2025-03-05 14:30:00,113053.SH,BUY,BUY_NEXT_OPEN,118.724,118.84866019999998,10,0.0,0.0,0.59362,0.59362,0.05936200000000001
2025-03-05 14:30:00,110090.SH,BUY,BUY_NEXT_OPEN,132.903,133.04254815,10,0.0,0.0,0.664515,0.664515,0.0664515
2025-03-05 14:30:00,111020.SH,BUY,BUY_NEXT_OPEN,133.303,133.44296815,10,0.0,0.0,0.666515,0.666515,0.0666515
2025-03-05 14:45:00,111008.SH,SELL,REBUILT_TIME_EXIT,143.788,143.63702260000005,10,6.71999999999997,3.707508000000189,1.4345200000000002,1.4345200000000002,0.14345200000000002
2025-03-05 14:45:00,113053.SH,SELL,REBUILT_TIME_EXIT,118.953,118.82809935,10,2.289999999999992,-0.2056084999999257,1.188385,1.188385,0.11883850000000001
2025-03-05 14:45:00,110090.SH,SELL,REBUILT_RANK_EXIT,133.09,132.95025550000003,10,1.8700000000001182,-0.9229264999996758,1.329965,1.329965,0.13299650000000002
2025-03-05 14:45:00,111020.SH,SELL,REBUILT_RANK_EXIT,133.193,133.05314735000002,10,-1.0999999999998522,-3.898208000000068,1.3324799999999999,1.3324799999999999,0.13324800000000003
2025-03-05 15:00:00,110075.SH,BUY,BUY_NEXT_OPEN,125.82,125.952111,10,0.0,0.0,0.6291,0.6291,0.06291
2025-03-06 09:30:00,110075.SH,SELL,REBUILT_TIME_EXIT,126.0,125.8677,10,1.8000000000000682,-0.844110000000228,1.2591,1.2591,0.12591
2025-03-06 09:45:00,113061.SH,BUY,BUY_NEXT_OPEN,131.046,131.18359830000003,10,0.0,0.0,0.65523,0.65523,0.065523
2025-03-06 09:45:00,111008.SH,BUY,BUY_NEXT_OPEN,144.858,145.0101009,10,0.0,0.0,0.7242900000000001,0.7242900000000001,0.07242900000000001
2025-03-06 09:45:00,111003.SH,BUY,BUY_NEXT_OPEN,132.231,132.36984255,10,0.0,0.0,0.6611549999999999,0.6611549999999999,0.0661155
2025-03-06 09:45:00,110081.SH,BUY,BUY_NEXT_OPEN,115.864,115.98565719999999,10,0.0,0.0,0.5793200000000001,0.5793200000000001,0.057932
2025-03-06 10:00:00,111008.SH,SELL,REBUILT_RANK_EXIT,145.507,145.35421765,10,6.490000000000009,3.4411675000001196,1.4518250000000001,1.4518250000000001,0.14518250000000002
2025-03-06 10:00:00,110081.SH,SELL,REBUILT_RANK_EXIT,116.253,116.13093435,10,3.889999999999958,1.4527715000001535,1.1605850000000002,1.1605850000000002,0.1160585
2025-03-06 10:15:00,113061.SH,SELL,REBUILT_RANK_EXIT,132.3,132.161085,10,12.540000000000191,9.774866999999631,1.31673,1.31673,0.131673
2025-03-06 11:15:00,111003.SH,SELL,REBUILT_TIME_EXIT,133.837,133.69647114999995,10,16.059999999999945,13.266285999999809,1.3303399999999999,1.3303399999999999,0.13303399999999999
2025-03-06 11:30:00,111002.SH,BUY,BUY_NEXT_OPEN,120.084,120.2100882,10,0.0,0.0,0.6004200000000001,0.6004200000000001,0.060042000000000005
2025-03-06 11:30:00,113532.SH,BUY,BUY_NEXT_OPEN,109.714,109.82919969999999,10,0.0,0.0,0.54857,0.54857,0.054857
2025-03-06 11:30:00,110085.SH,BUY,BUY_NEXT_OPEN,113.144,113.26280120000001,10,0.0,0.0,0.56572,0.56572,0.056572000000000004
2025-03-06 13:15:00,113532.SH,SELL,REBUILT_RANK_EXIT,109.762,109.64674990000002,10,0.4800000000000182,-1.8244979999997213,1.09738,1.09738,0.109738
2025-03-06 13:30:00,110085.SH,SELL,REBUILT_RANK_EXIT,113.156,113.03718620000001,10,0.12000000000000455,-2.2561500000001615,1.1315,1.1315,0.11315
2025-03-06 13:45:00,111002.SH,SELL,REBUILT_RANK_EXIT,120.0,119.874,10,-0.8400000000000318,-3.360881999999947,1.20042,1.20042,0.12004200000000001
2025-03-06 14:00:00,111002.SH,BUY,BUY_NEXT_OPEN,120.079,120.20508294999999,10,0.0,0.0,0.600395,0.600395,0.0600395
2025-03-06 14:00:00,111021.SH,BUY,BUY_NEXT_OPEN,118.82,118.944761,10,0.0,0.0,0.5941,0.5941,0.059410000000000004
2025-03-06 14:00:00,110055.SH,BUY,BUY_NEXT_OPEN,110.089,110.20459344999999,10,0.0,0.0,0.5504450000000001,0.5504450000000001,0.0550445
2025-03-06 14:00:00,110081.SH,BUY,BUY_NEXT_OPEN,116.928,117.0507744,10,0.0,0.0,0.58464,0.58464,0.058464
2025-03-06 14:15:00,110081.SH,SELL,REBUILT_RANK_EXIT,117.026,116.90312269999998,10,0.9799999999999898,-1.476517000000058,1.1697700000000002,1.1697700000000002,0.116977
2025-03-06 14:30:00,111002.SH,SELL,REBUILT_RANK_EXIT,120.18,120.053811,10,1.010000000000133,-1.5127195000000029,1.201295,1.201295,0.1201295
2025-03-06 14:45:00,111021.SH,SELL,REBUILT_RANK_EXIT,118.826,118.70123269999998,10,0.060000000000002274,-2.435283000000254,1.18823,1.18823,0.11882300000000001
2025-03-06 14:45:00,110055.SH,SELL,REBUILT_TIME_EXIT,110.15,110.03434250000001,10,0.6100000000000705,-1.7025094999999055,1.1011950000000001,1.1011950000000001,0.11011950000000001
2025-03-06 15:00:00,110073.SH,BUY,BUY_NEXT_OPEN,117.319,117.44218495000001,10,0.0,0.0,0.586595,0.586595,0.0586595
2025-03-06 15:00:00,113043.SH,BUY,BUY_NEXT_OPEN,119.127,119.25208334999999,10,0.0,0.0,0.595635,0.595635,0.0595635
2025-03-07 09:30:00,110073.SH,SELL,REBUILT_TIME_EXIT,117.043,116.92010485000002,10,-2.7599999999999625,-5.220800999999938,1.17181,1.17181,0.11718100000000001
2025-03-07 09:30:00,113043.SH,SELL,REBUILT_RANK_EXIT,118.81,118.68524950000001,10,-3.1699999999999307,-5.668338499999891,1.1896849999999999,1.1896849999999999,0.1189685
2025-03-07 09:45:00,110095.SH,BUY,BUY_NEXT_OPEN,119.5,119.625475,10,0.0,0.0,0.5975,0.5975,0.059750000000000004
2025-03-07 09:45:00,113534.SH,BUY,BUY_NEXT_OPEN,140.534,140.6815607,10,0.0,0.0,0.7026699999999999,0.7026699999999999,0.070267
2025-03-07 09:45:00,110081.SH,BUY,BUY_NEXT_OPEN,117.767,117.89065534999999,10,0.0,0.0,0.588835,0.588835,0.0588835
2025-03-07 09:45:00,113067.SH,BUY,BUY_NEXT_OPEN,119.999,120.12499895,10,0.0,0.0,0.599995,0.599995,0.059999500000000004
2025-03-07 10:00:00,110081.SH,SELL,REBUILT_RANK_EXIT,117.742,117.61837090000002,10,-0.24999999999991473,-2.7228444999998374,1.177545,1.177545,0.1177545
2025-03-07 10:15:00,113534.SH,SELL,REBUILT_RANK_EXIT,141.764,141.6151478,10,12.300000000000182,9.33587099999977,1.41149,1.41149,0.14114900000000002
2025-03-07 10:45:00,110095.SH,SELL,REBUILT_RANK_EXIT,119.255,119.12978224999999,10,-2.4500000000000455,-4.95692750000012,1.193775,1.193775,0.1193775
2025-03-07 11:15:00,113067.SH,SELL,REBUILT_RANK_EXIT,120.219,120.09277005,10,2.1999999999999886,-0.32228900000018257,1.2010899999999998,1.2010899999999998,0.12010900000000001
2025-03-07 11:30:00,113534.SH,BUY,BUY_NEXT_OPEN,146.057,146.21035984999997,10,0.0,0.0,0.730285,0.730285,0.0730285
2025-03-07 11:30:00,113052.SH,BUY,BUY_NEXT_OPEN,117.3,117.423165,10,0.0,0.0,0.5865,0.5865,0.05865000000000001
2025-03-07 13:15:00,113052.SH,SELL,REBUILT_RANK_EXIT,117.253,117.12988435,10,-0.46999999999997044,-2.9328064999999697,1.172765,1.172765,0.1172765
2025-03-07 13:30:00,113534.SH,SELL,REBUILT_RANK_EXIT,146.426,146.27225269999997,10,3.6899999999999977,0.6189284999998108,1.462415,1.462415,0.1462415
2025-03-07 13:45:00,113053.SH,BUY,BUY_NEXT_OPEN,120.149,120.27515645,10,0.0,0.0,0.6007450000000001,0.6007450000000001,0.0600745
2025-03-07 13:45:00,113070.SH,BUY,BUY_NEXT_OPEN,125.694,125.82597870000001,10,0.0,0.0,0.62847,0.62847,0.06284700000000001
2025-03-07 13:45:00,110097.SH,BUY,BUY_NEXT_OPEN,139.772,139.91876059999998,10,0.0,0.0,0.69886,0.69886,0.069886
2025-03-07 13:45:00,113049.SH,BUY,BUY_NEXT_OPEN,113.65,113.76933250000002,10,0.0,0.0,0.56825,0.56825,0.05682500000000001
2025-03-07 13:45:00,110085.SH,BUY,BUY_NEXT_OPEN,113.991,114.11069055,10,0.0,0.0,0.569955,0.569955,0.056995500000000004
2025-03-07 14:00:00,113053.SH,SELL,REBUILT_RANK_EXIT,119.883,119.75712285,10,-2.6600000000000534,-5.1803359999998975,1.2001600000000001,1.2001600000000001,0.12001600000000001
2025-03-07 14:15:00,113070.SH,SELL,REBUILT_RANK_EXIT,125.15,125.01859250000001,10,-5.439999999999969,-8.073861999999735,1.2542200000000001,1.2542200000000001,0.12542200000000003
2025-03-07 14:15:00,110085.SH,SELL,REBUILT_RANK_EXIT,113.666,113.5466507,10,-3.2500000000000284,-5.640398499999947,1.138285,1.138285,0.11382850000000001
2025-03-07 14:30:00,113049.SH,SELL,REBUILT_RANK_EXIT,113.65,113.53066749999999,10,0.0,-2.3866500000003725,1.1365,1.1365,0.11365000000000001
2025-03-07 14:45:00,110097.SH,SELL,REBUILT_TIME_EXIT,140.469,140.32150755,10,6.970000000000027,4.027469500000052,1.401205,1.401205,0.14012049999999998
2025-03-10 09:30:00,113046.SH,BUY,BUY_NEXT_OPEN,113.918,114.03761390000003,10,0.0,0.0,0.56959,0.56959,0.056959
2025-03-10 09:30:00,111004.SH,BUY,BUY_NEXT_OPEN,113.887,114.00658135,10,0.0,0.0,0.569435,0.569435,0.0569435
2025-03-10 09:30:00,110098.SH,BUY,BUY_NEXT_OPEN,123.08,123.20923399999998,10,0.0,0.0,0.6154,0.6154,0.061540000000000004
2025-03-10 09:45:00,113046.SH,SELL,REBUILT_RANK_EXIT,113.989,113.86931155,10,0.7099999999999795,-1.6830235000002176,1.139535,1.139535,0.11395350000000001
2025-03-10 09:45:00,111004.SH,SELL,REBUILT_RANK_EXIT,114.448,114.32782959999999,10,5.609999999999928,3.212482499999851,1.141675,1.141675,0.1141675
2025-03-10 10:00:00,110098.SH,SELL,REBUILT_RANK_EXIT,123.458,123.3283691,10,3.780000000000001,1.1913510000003953,1.2326899999999998,1.2326899999999998,0.12326900000000002
2025-03-10 10:15:00,110085.SH,BUY,BUY_NEXT_OPEN,114.307,114.42702235,10,0.0,0.0,0.571535,0.571535,0.0571535
2025-03-10 10:15:00,110055.SH,BUY,BUY_NEXT_OPEN,109.981,110.09648005,10,0.0,0.0,0.549905,0.549905,0.0549905
2025-03-10 10:15:00,111021.SH,BUY,BUY_NEXT_OPEN,120.161,120.28716905,10,0.0,0.0,0.600805,0.600805,0.0600805
2025-03-10 10:15:00,113024.SH,BUY,BUY_NEXT_OPEN,105.459,105.56973195,10,0.0,0.0,0.5272950000000001,0.5272950000000001,0.0527295
2025-03-10 10:15:00,113049.SH,BUY,BUY_NEXT_OPEN,113.493,113.61216765,10,0.0,0.0,0.567465,0.567465,0.0567465
2025-03-10 10:30:00,110085.SH,SELL,REBUILT_RANK_EXIT,113.998,113.8783021,10,-3.089999999999975,-5.487202499999967,1.1415250000000001,1.1415250000000001,0.11415250000000002
2025-03-10 10:45:00,110055.SH,SELL,REBUILT_RANK_EXIT,109.98,109.864521,10,-0.00999999999990564,-2.319590500000004,1.099805,1.099805,0.10998050000000001
2025-03-10 10:45:00,111021.SH,SELL,REBUILT_RANK_EXIT,120.1,119.97389499999998,10,-0.6100000000000705,-3.132740500000182,1.201305,1.201305,0.1201305
2025-03-10 10:45:00,113024.SH,SELL,REBUILT_RANK_EXIT,105.571,105.46015045,10,1.1199999999999477,-1.0958150000001297,1.05515,1.05515,0.105515
2025-03-10 11:00:00,113049.SH,SELL,REBUILT_RANK_EXIT,113.493,113.37383234999999,10,0.0,-2.38335300000017,1.13493,1.13493,0.113493
2025-03-10 11:15:00,110098.SH,BUY,BUY_NEXT_OPEN,123.75,123.8799375,10,0.0,0.0,0.61875,0.61875,0.061875
2025-03-10 11:15:00,111004.SH,BUY,BUY_NEXT_OPEN,114.795,114.91553474999999,10,0.0,0.0,0.573975,0.573975,0.057397500000000004
2025-03-10 11:15:00,113067.SH,BUY,BUY_NEXT_OPEN,120.136,120.26214279999999,10,0.0,0.0,0.60068,0.60068,0.060067999999999996
2025-03-10 11:15:00,113046.SH,BUY,BUY_NEXT_OPEN,114.376,114.4960948,10,0.0,0.0,0.57188,0.57188,0.057188
2025-03-10 11:15:00,113066.SH,BUY,BUY_NEXT_OPEN,131.613,131.75119365,10,0.0,0.0,0.658065,0.658065,0.0658065
2025-03-10 11:30:00,111004.SH,SELL,REBUILT_RANK_EXIT,114.841,114.72041694999999,10,0.4599999999999227,-1.9511780000000272,1.14818,1.14818,0.114818
2025-03-10 13:00:00,113046.SH,SELL,REBUILT_RANK_EXIT,114.273,114.15301335,10,-1.0300000000000864,-3.4308144999999968,1.143245,1.143245,0.1143245
2025-03-10 13:30:00,110098.SH,SELL,REBUILT_RANK_EXIT,123.403,123.27342685,10,-3.469999999999942,-6.065106499999956,1.2357650000000002,1.2357650000000002,0.1235765
2025-03-10 13:30:00,113066.SH,SELL,REBUILT_RANK_EXIT,131.765,131.62664675000002,10,1.5199999999998681,-1.2454689999999573,1.31689,1.31689,0.131689
2025-03-10 14:00:00,113067.SH,SELL,REBUILT_TIME_EXIT,120.75,120.62321250000001,10,6.140000000000043,3.610697000000073,1.20443,1.20443,0.120443
2025-03-10 14:15:00,110097.SH,BUY,BUY_NEXT_OPEN,141.414,141.5624847,10,0.0,0.0,0.7070699999999999,0.7070699999999999,0.070707
2025-03-10 14:15:00,113051.SH,BUY,BUY_NEXT_OPEN,120.256,120.3822688,10,0.0,0.0,0.60128,0.60128,0.060128
2025-03-10 14:15:00,111008.SH,BUY,BUY_NEXT_OPEN,139.496,139.6424708,10,0.0,0.0,0.6974800000000001,0.6974800000000001,0.069748
2025-03-10 14:15:00,111004.SH,BUY,BUY_NEXT_OPEN,114.989,115.10973845000001,10,0.0,0.0,0.574945,0.574945,0.057494500000000004
2025-03-10 14:15:00,110095.SH,BUY,BUY_NEXT_OPEN,120.148,120.2741554,10,0.0,0.0,0.60074,0.60074,0.060074
2025-03-10 14:30:00,111008.SH,SELL,REBUILT_RANK_EXIT,139.864,139.7171428,10,3.67999999999995,0.7467200000000958,1.3968000000000003,1.3968000000000003,0.13968000000000003
2025-03-10 14:30:00,110095.SH,SELL,REBUILT_RANK_EXIT,120.365,120.23861675,10,2.1699999999999875,-0.355386499999895,1.202565,1.202565,0.1202565
2025-03-10 14:45:00,110097.SH,SELL,REBUILT_RANK_EXIT,142.225,142.07566375,10,8.11000000000007,5.131790499999852,1.4181949999999999,1.4181949999999999,0.14181950000000001
2025-03-10 14:45:00,111004.SH,SELL,REBUILT_TIME_EXIT,115.315,115.19391925,10,3.259999999999934,0.8418079999999009,1.15152,1.15152,0.115152
2025-03-11 10:45:00,113051.SH,SELL,REBUILT_TIME_EXIT,119.856,119.7301512,10,-4.000000000000057,-6.5211759999999686,1.2005599999999998,1.2005599999999998,0.120056
2025-03-11 11:00:00,110092.SH,BUY,BUY_NEXT_OPEN,81.1,81.18515499999998,20,0.0,0.0,0.8109999999999999,0.8109999999999999,0.08109999999999999
2025-03-11 11:00:00,113054.SH,BUY,BUY_NEXT_OPEN,111.0,111.11654999999999,10,0.0,0.0,0.555,0.555,0.0555
2025-03-11 11:00:00,113049.SH,BUY,BUY_NEXT_OPEN,113.579,113.69825794999998,10,0.0,0.0,0.567895,0.567895,0.05678950000000001
2025-03-11 11:00:00,113062.SH,BUY,BUY_NEXT_OPEN,122.3,122.42841499999999,10,0.0,0.0,0.6115,0.6115,0.061149999999999996
2025-03-11 11:15:00,113062.SH,SELL,REBUILT_RANK_EXIT,122.238,122.1096501,10,-0.6199999999999761,-3.187648999999965,1.22269,1.22269,0.12226899999999999
2025-03-11 13:30:00,110092.SH,SELL,REBUILT_RANK_EXIT,80.985,80.89996575,10,-1.1499999999999488,-2.851892499999849,1.215925,1.215925,0.12159249999999999
2025-03-11 13:30:00,113049.SH,SELL,REBUILT_RANK_EXIT,113.62,113.50069900000001,10,0.4100000000001103,-1.9755894999998418,1.135995,1.135995,0.1135995
2025-03-11 13:45:00,113054.SH,SELL,REBUILT_RANK_EXIT,110.93,110.81352350000002,10,-0.6999999999999318,-3.0302649999996447,1.1096500000000002,1.1096500000000002,0.11096500000000001
