trade_time,nav,cash,position_val,num_positions
2025-01-02 09:30:00,1000000.0,1000000.0,0.0,0
2025-01-02 09:45:00,1000000.0,1000000.0,0.0,0
2025-01-02 10:00:00,1000000.0,1000000.0,0.0,0
2025-01-02 10:15:00,1000000.0,1000000.0,0.0,0
2025-01-02 10:30:00,1000000.0,1000000.0,0.0,0
2025-01-02 10:45:00,1000000.0,1000000.0,0.0,0
2025-01-02 11:00:00,1000000.0,1000000.0,0.0,0
2025-01-02 11:15:00,1000000.0,1000000.0,0.0,0
2025-01-02 11:30:00,1000000.0,1000000.0,0.0,0
2025-01-02 13:00:00,1000000.0,1000000.0,0.0,0
2025-01-02 13:15:00,999871.1971049999,941678.9271049999,58192.27,4
2025-01-02 13:30:00,959767.0389655,950972.1489655,8794.89,2
2025-01-02 13:45:00,959703.1722179999,932521.572218,27181.600000000002,4
2025-01-02 14:00:00,958692.399853,936372.339853,22320.059999999998,4
2025-01-02 14:15:00,958665.687185,942874.2071850001,15791.48,3
2025-01-02 14:30:00,955210.807665,924847.827665,30362.98,4
2025-01-02 14:45:00,938518.56239,931222.56239,7296.0,1
2025-01-02 15:00:00,938503.0543729999,924445.9143729999,14057.140000000001,4
2025-01-03 09:30:00,938591.1562574999,938591.1562574999,0.0,0
2025-01-03 09:45:00,938578.8512115,929491.0912115,9087.76,4
2025-01-03 10:00:00,937489.2493775,930516.8693775,6972.380000000001,4
2025-01-03 10:15:00,937505.7406195,931571.7206195,5934.02,3
2025-01-03 10:30:00,937480.1976845,920095.7376845,17384.46,4
2025-01-03 10:45:00,937460.6273115,925706.0973115,11754.53,3
2025-01-03 11:00:00,935096.5049715,926945.5949715,8150.910000000001,3
2025-01-03 11:15:00,930565.9086075001,926667.0086075001,3898.9000000000005,3
2025-01-03 11:30:00,930563.7623825001,928100.0023825001,2463.76,2
2025-01-03 13:00:00,930557.66399,918095.17399,12462.490000000002,3
2025-01-03 13:15:00,930553.6945615,916885.8845614999,13667.81,4
2025-01-03 13:30:00,930402.9987874998,886542.9187874999,43860.079999999994,4
2025-01-03 13:45:00,901540.8255974998,891261.4955974999,10279.33,4
2025-01-03 14:00:00,901459.04406,881673.62406,19785.42,1
2025-01-03 14:15:00,892637.1647189999,873808.0947189999,18829.07,3
2025-01-03 14:30:00,892475.1562569999,877173.8862569999,15301.269999999999,3
2025-01-03 14:45:00,892447.633013,889378.713013,3068.92,2
2025-01-03 15:00:00,892446.203013,889378.713013,3067.49,2
2025-01-06 09:30:00,892461.3570844999,878487.4170845,13973.94,2
2025-01-06 09:45:00,892442.9485594999,878131.9285594999,14311.02,3
2025-01-06 10:00:00,892456.1428719999,880702.2528719999,11753.89,3
2025-01-06 10:15:00,890104.815232,886512.0252319999,3592.79,3
2025-01-06 10:30:00,890074.3872004999,882786.9272004999,7287.460000000001,4
2025-01-06 10:45:00,890073.406912,887820.006912,2253.4,2
2025-01-06 11:00:00,889975.5986619999,875542.128662,14433.470000000001,5
2025-01-06 11:15:00,883499.1000910001,881287.1100910001,2211.99,2
2025-01-06 11:30:00,883493.1807760001,880105.5707760002,3387.61,3
2025-01-06 13:00:00,883492.8248840001,881281.3748840002,2211.45,2
2025-01-06 13:15:00,883481.7954145002,882063.3654145001,1418.4299999999998,1
2025-01-06 13:30:00,883447.9327090002,874553.8827090001,8894.05,4
2025-01-06 13:45:00,883444.9815435001,877901.0315435001,5543.950000000001,3
2025-01-06 14:00:00,883436.8509835001,868624.1009835001,14812.750000000002,5
2025-01-06 14:15:00,883433.9309835001,868624.1009835001,14809.830000000002,5
2025-01-06 14:30:00,883436.5524485001,870858.4524485001,12578.1,4
2025-01-06 14:45:00,882373.2480335,878936.4280335001,3436.82,2
2025-01-06 15:00:00,882367.1538340001,877654.8938340001,4712.26,3
2025-01-07 09:30:00,881185.16857,871422.47857,9762.69,2
2025-01-07 09:45:00,881131.5018185,856370.8418185,24760.66,4
2025-01-07 10:00:00,879869.4988115,862955.6688115001,16913.83,3
2025-01-07 10:15:00,873535.198682,854831.768682,18703.43,3
2025-01-07 10:30:00,868677.4242239998,863454.3042239998,5223.12,2
2025-01-07 10:45:00,868662.5332539999,857056.1932539999,11606.34,4
2025-01-07 11:00:00,866600.347338,858297.6773379999,8302.67,3
2025-01-07 11:15:00,862567.1019879999,853806.3919879999,8760.710000000001,3
2025-01-07 11:30:00,858459.1508189999,851869.3308189999,6589.82,3
2025-01-07 13:00:00,858447.0067399999,847125.5567399999,11321.449999999999,4
2025-01-07 13:15:00,854479.1239484998,831692.3839484998,22786.739999999998,2
2025-01-07 13:30:00,854482.3423184998,826347.1223184998,28135.219999999998,4
2025-01-07 13:45:00,854473.7950934998,845725.6750934998,8748.12,4
2025-01-07 14:00:00,854480.8912199998,841765.4512199998,12715.439999999999,5
2025-01-07 14:15:00,853169.9458099998,844386.8958099998,8783.05,4
2025-01-07 14:30:00,853194.1982249997,840341.0782249997,12853.119999999999,3
2025-01-07 14:45:00,853167.4998244997,838597.8198244997,14569.68,3
2025-01-07 15:00:00,844475.4842324997,834783.3442324997,9692.14,3
2025-01-08 09:30:00,841211.9784879996,823199.1684879996,18012.81,3
2025-01-08 09:45:00,838688.9788609997,791165.6788609996,47523.299999999996,2
2025-01-08 10:00:00,838693.0786259996,724505.0586259996,114188.02,4
2025-01-08 10:15:00,815176.1190759996,741658.0290759996,73518.09,3
2025-01-08 10:30:00,815112.9606009996,729665.9506009996,85447.01000000001,4
2025-01-08 10:45:00,815089.1869059997,741609.2969059997,73479.89,3
2025-01-08 11:00:00,775632.9746899997,767108.4146899997,8524.56,1
2025-01-08 11:15:00,775613.5469974995,772132.7069974996,3480.8399999999997,2
2025-01-08 11:30:00,775609.8810494995,765081.5510494995,10528.33,4
2025-01-08 13:00:00,775594.9214494996,769628.7714494995,5966.15,3
2025-01-08 13:15:00,775580.7193134995,770639.7693134996,4940.95,2
2025-01-08 13:30:00,775581.2304619997,762893.5904619996,12687.64,3
2025-01-08 13:45:00,779393.8622894996,608056.7322894996,171337.13,5
2025-01-08 14:00:00,781188.7632104995,615590.7932104996,165597.97,3
2025-01-08 14:15:00,781681.3777424996,604192.6777424996,177488.69999999998,5
2025-01-08 14:30:00,779464.9722004996,606899.8722004996,172565.1,3
2025-01-08 14:45:00,684169.3598304995,671487.2898304996,12682.07,2
2025-01-08 15:00:00,681975.5976624995,659694.0276624996,22281.57,2
2025-01-09 09:30:00,676087.2188699995,660275.3688699995,15811.85,3
2025-01-09 09:45:00,670582.9201579995,534056.6901579995,136526.22999999998,4
2025-01-09 10:00:00,645358.5344199996,589224.0344199996,56134.5,4
2025-01-09 10:15:00,645346.2800269995,605227.0600269996,40119.22,4
2025-01-09 10:30:00,642803.9132689995,605435.5832689996,37368.33000000001,4
2025-01-09 10:45:00,642905.5143649996,604025.6243649996,38879.89,5
2025-01-09 11:00:00,642869.8123259996,606520.1823259996,36349.63,3
2025-01-09 11:15:00,617743.1648719996,616668.9948719996,1074.17,1
2025-01-09 11:30:00,617735.2849654997,609413.8549654996,8321.43,3
2025-01-09 13:00:00,617725.2323784996,604517.6323784996,13207.599999999999,4
2025-01-09 13:15:00,617711.6427599996,616637.8627599996,1073.78,1
2025-01-09 13:30:00,617701.7768309995,604886.5568309996,12815.22,3
2025-01-09 13:45:00,617612.5823529996,554097.3723529996,63515.21,3
2025-01-09 14:00:00,607573.3753179996,565492.0953179996,42081.28,2
2025-01-09 14:15:00,607729.9997779996,553064.2597779996,54665.74,5
2025-01-09 14:30:00,604473.2024369997,554241.4424369996,50231.76,4
2025-01-09 14:45:00,597792.0539809996,596671.5639809996,1120.49,1
2025-01-09 15:00:00,597792.4606664997,595333.6706664996,2458.79,2
2025-01-10 09:30:00,598261.4667479997,544844.9467479996,53416.52,2
2025-01-10 09:45:00,597546.6031389997,506143.77313899965,91402.83,4
2025-01-10 10:00:00,575060.6100964997,571843.5000964997,3217.1099999999997,2
2025-01-10 10:15:00,573776.0923289997,500515.6223289997,73260.47,3
2025-01-10 10:30:00,573620.3040044997,563954.8640044997,9665.44,3
2025-01-10 10:45:00,573625.3540044997,563954.8640044997,9670.49,3
2025-01-10 11:00:00,574041.9640494998,448376.5340494998,125665.43000000001,5
2025-01-10 11:15:00,574373.0909164997,451966.2209164998,122406.86999999998,3
2025-01-10 11:30:00,573824.2994704999,450906.5894704998,122917.71000000002,4
2025-01-10 13:00:00,516204.0918494998,513943.7118494998,2260.38,2
2025-01-10 13:15:00,516201.0956214998,511764.4756214998,4436.62,2
2025-01-10 13:30:00,517909.5752799998,407609.46527999983,110300.11,4
2025-01-10 13:45:00,517235.24119599984,396918.17119599984,120317.06999999999,5
2025-01-10 14:00:00,521375.21904499986,401344.13904499984,120031.08,3
2025-01-10 14:15:00,518975.92661749985,394439.34661749983,124536.58,5
2025-01-10 14:30:00,520262.98661749985,394439.34661749983,125823.64,5
2025-01-10 14:45:00,513249.40958099987,407803.42958099983,105445.98000000001,1
2025-01-10 15:00:00,466791.80169249984,461442.99169249984,5348.8099999999995,2
2025-01-13 09:30:00,466706.90760499984,460766.84760499984,5940.06,3
2025-01-13 09:45:00,466693.4369154999,457320.1769154999,9373.26,3
2025-01-13 10:00:00,464319.2026954999,448908.9726954999,15410.23,4
2025-01-13 10:15:00,463535.5114204999,453000.24142049986,10535.27,2
2025-01-13 10:30:00,463514.76215199986,449130.2121519999,14384.550000000001,4
2025-01-13 10:45:00,455448.4141604998,450552.93416049983,4895.4800000000005,2
2025-01-13 11:00:00,455434.1986694999,444264.91866949986,11169.28,5
2025-01-13 11:15:00,453470.1208269999,446222.7108269999,7247.410000000001,3
2025-01-13 11:30:00,453442.15462899994,439667.0746289999,13775.080000000002,4
2025-01-13 13:00:00,453448.2898239999,438651.9098239999,14796.38,5
2025-01-13 13:15:00,452293.14536399994,440834.8153639999,11458.33,3
2025-01-13 13:30:00,449731.84357399994,448666.3835739999,1065.46,1
2025-01-13 13:45:00,449697.15332049987,438412.3033204999,11284.85,3
2025-01-13 14:00:00,447307.3997544999,435182.5097544999,12124.89,4
2025-01-13 14:15:00,446530.4451484999,436718.6151484999,9811.830000000002,3
2025-01-13 14:30:00,445477.0649319999,435611.7349319999,9865.33,3
2025-01-13 14:45:00,445461.47120899986,441118.89120899985,4342.58,2
2025-01-13 15:00:00,445458.59120899986,441118.89120899985,4339.7,2
2025-01-14 09:30:00,445484.25733949983,432544.3073394998,12939.95,4
2025-01-14 09:45:00,444436.40119849984,433468.1211984998,10968.279999999999,3
2025-01-14 10:00:00,444409.0133284998,419884.4733284998,24524.54,5
2025-01-14 10:15:00,444403.4969804998,424571.3069804998,19832.190000000002,4
2025-01-14 10:30:00,437762.58858449984,426786.4985844998,10976.09,3
2025-01-14 10:45:00,436655.4718124998,423883.7218124998,12771.75,3
2025-01-14 11:00:00,434115.5133634998,400731.54336349975,33383.97,4
2025-01-14 11:15:00,410830.7267244998,396069.6567244998,14761.07,3
2025-01-14 11:30:00,410826.33672449976,396069.6567244998,14756.68,3
2025-01-14 13:00:00,410858.0739004998,403123.6639004998,7734.41,4
2025-01-14 13:15:00,410815.21419949987,387946.12419949984,22869.09,5
2025-01-14 13:30:00,410804.8780864998,408425.65808649984,2379.2200000000003,2
2025-01-14 13:45:00,410792.7068004998,388165.0868004998,22627.62,5
2025-01-14 14:00:00,406331.3015954998,394820.1915954998,11511.109999999999,4
2025-01-14 14:15:00,403937.3021179998,396031.39211799984,7905.91,3
2025-01-14 14:30:00,403931.24333199987,388548.74333199987,15382.500000000002,4
2025-01-14 14:45:00,401580.78898199985,373124.03898199985,28456.750000000004,1
2025-01-14 15:00:00,377181.2943549999,374106.2043549999,3075.09,1
2025-01-15 09:30:00,377152.5712264999,371543.9212264999,5608.65,2
2025-01-15 09:45:00,374795.7226534999,279380.3926534999,95415.33,3
2025-01-15 10:00:00,355723.27800749993,280616.65800749994,75106.62,3
2025-01-15 10:15:00,338773.8318379999,287509.3918379999,51264.439999999995,4
2025-01-15 10:30:00,338743.9413649999,282905.59136499994,55838.35,4
2025-01-15 10:45:00,309746.731192,299020.051192,10726.68,2
2025-01-15 11:00:00,310054.57388899993,257807.96388899995,52246.61,5
2025-01-15 11:15:00,307930.21827849996,267070.2382785,40859.979999999996,2
2025-01-15 11:30:00,302155.81419049995,266469.45419049996,35686.35999999999,2
2025-01-15 13:00:00,302005.5524905,264313.1924905,37692.35999999999,3
2025-01-15 13:15:00,280142.00802949996,273365.6480295,6776.36,3
2025-01-15 13:30:00,280134.29425249994,272458.5242524999,7675.7699999999995,4
2025-01-15 13:45:00,280204.41855249996,265678.16855249996,14526.25,4
2025-01-15 14:00:00,279149.17534549994,267908.95534549997,11240.22,3
2025-01-15 14:15:00,279133.16969999997,267847.41969999997,11285.75,3
2025-01-15 14:30:00,271138.7398614999,266875.11986149993,4263.62,2
2025-01-15 14:45:00,270070.5131814999,244399.3131814999,25671.2,3
2025-01-15 15:00:00,252360.3125529999,251221.3125529999,1139.0,1
2025-01-16 09:30:00,252386.9615339999,243964.53153399992,8422.43,3
2025-01-16 09:45:00,251240.67178849992,150987.93178849993,100252.74,2
2025-01-16 10:00:00,250315.50794299995,125138.10794299994,125177.40000000001,5
2025-01-16 10:15:00,215511.89755849994,142929.29755849994,72582.59999999999,3
2025-01-16 10:30:00,200783.6426534999,103086.16265349992,97697.48,4
2025-01-16 10:45:00,172681.4601999999,118687.37019999992,53994.09000000001,3
2025-01-16 11:00:00,172620.8983169999,146764.1283169999,25856.769999999997,4
2025-01-16 11:15:00,171293.22435399992,148080.8043539999,23212.420000000002,3
2025-01-16 11:30:00,171292.2622119999,144474.98221199992,26817.280000000002,4
2025-01-16 13:00:00,171251.0604614999,138936.9404614999,32314.12,4
2025-01-16 13:15:00,171267.1453909999,139155.4253909999,32111.719999999998,4
2025-01-16 13:30:00,160976.16397299993,149469.74397299992,11506.420000000002,3
2025-01-16 13:45:00,160643.7223909999,124915.5023909999,35728.22,3
2025-01-16 14:00:00,160611.7023799999,156091.6823799999,4520.02,3
2025-01-16 14:15:00,160608.3821979999,140007.9721979999,20600.41,5
2025-01-16 14:30:00,159416.64638899988,142230.2163889999,17186.43,3
2025-01-16 14:45:00,154054.7575309999,144577.2075309999,9477.55,3
2025-01-16 15:00:00,148037.8643809999,145778.9443809999,2258.92,2
2025-01-17 09:30:00,148745.1292984999,110012.7792984999,38732.35,4
2025-01-17 09:45:00,148841.3625874999,115793.4725874999,33047.89000000001,4
2025-01-17 10:00:00,148749.5723544999,89234.04235449989,59515.53,3
2025-01-17 10:15:00,148800.77399549988,109693.74399549988,39107.03,4
2025-01-17 10:30:00,143574.00900249986,98925.64900249988,44648.36,3
2025-01-17 10:45:00,119487.01634699988,116183.92634699988,3303.09,2
2025-01-17 11:00:00,119497.70407699989,115085.37407699988,4412.33,3
2025-01-17 11:15:00,119484.17617699988,109017.19617699989,10466.98,3
2025-01-17 11:30:00,114675.48009149989,110134.8100914999,4540.67,3
2025-01-17 13:00:00,114673.9229389999,108825.2229389999,5848.7,3
2025-01-17 13:15:00,114681.22873849989,102286.7987384999,12394.429999999998,4
2025-01-17 13:30:00,110913.0092824999,104933.3392824999,5979.67,3
2025-01-17 13:45:00,108550.5069914999,107228.3469914999,1322.16,1
2025-01-17 14:00:00,108637.4522219999,66562.1022219999,42075.350000000006,5
2025-01-17 14:15:00,108528.2372969999,67889.2072969999,40639.03,4
2025-01-17 14:30:00,96417.02594349989,75434.94594349989,20982.08,1
2025-01-17 14:45:00,89752.9543439999,72646.0343439999,17106.920000000002,4
2025-01-17 15:00:00,88663.90709949989,73727.9870994999,14935.920000000002,3
2025-01-20 09:30:00,88670.4075814999,86393.3775814999,2277.0299999999997,2
2025-01-20 09:45:00,88664.9828339999,79377.43283399989,9287.55,4
2025-01-20 10:00:00,88663.8401574999,81600.1801574999,7063.66,4
2025-01-20 10:15:00,88668.55604549989,85306.5160454999,3362.04,3
2025-01-20 10:30:00,88645.39002549989,67415.3500254999,21230.04,5
2025-01-20 10:45:00,88723.0261804999,68513.0961804999,20209.93,4
2025-01-20 11:00:00,88728.78686849988,61868.68686849989,26860.099999999995,5
2025-01-20 11:15:00,88719.08140399988,69580.07140399989,19139.01,3
2025-01-20 11:30:00,88723.02748299988,65057.30748299988,23665.719999999998,5
2025-01-20 13:00:00,88707.16748299988,65057.30748299988,23649.859999999997,5
2025-01-20 13:15:00,86733.73954299987,84339.83954299988,2393.9,2
2025-01-20 13:30:00,86734.54429999989,66849.83429999989,19884.71,5
2025-01-20 13:45:00,86723.41193199989,77402.90193199989,9320.51,3
2025-01-20 14:00:00,86730.6970819999,71039.2270819999,15691.47,4
2025-01-20 14:15:00,86695.1811424999,77381.06114249991,9314.12,3
2025-01-20 14:30:00,84376.21647899992,80832.22647899992,3543.9900000000002,2
2025-01-20 14:45:00,83207.38818799991,64350.24818799991,18857.14,3
2025-01-20 15:00:00,83182.38818799991,64350.24818799991,18832.14,3
2025-01-21 09:30:00,70348.2794759999,61101.0594759999,9247.22,2
2025-01-21 09:45:00,70357.0129734999,44334.4229734999,26022.59,4
2025-01-21 10:00:00,70382.7225304999,41145.0825304999,29237.640000000003,3
2025-01-21 10:15:00,70468.6883459999,29693.2283459999,40775.46,4
2025-01-21 10:30:00,62296.24142049991,28598.471420499904,33697.770000000004,3
2025-01-21 10:45:00,62257.38763449991,41873.837634499905,20383.550000000003,2
2025-01-21 11:00:00,55064.7402124999,50048.2902124999,5016.45,2
2025-01-21 11:15:00,55054.41015499991,44227.81015499991,10826.6,1
2025-01-21 11:30:00,55053.91015499991,44227.81015499991,10826.1,1
2025-01-21 13:00:00,55058.92400199991,31608.714001999913,23450.210000000003,4
2025-01-21 13:15:00,45298.478565499914,33875.61856549991,11422.86,2
2025-01-21 13:30:00,45278.329343499914,23112.689343499915,22165.64,4
2025-01-21 13:45:00,39577.60550399991,35804.81550399991,3772.79,2
2025-01-21 14:00:00,39747.74546849991,21799.615468499913,17948.13,4
2025-01-21 14:15:00,39715.46995199991,21918.36995199991,17797.100000000002,4
2025-01-21 14:30:00,39694.153373999914,25558.90337399991,14135.25,2
2025-01-21 14:45:00,39674.85433899991,33763.85433899991,5911.0,2
2025-01-21 15:00:00,38486.17003899992,36127.370038999914,2358.8,1
2025-01-22 09:30:00,38470.94453049991,24099.98453049991,14370.96,4
2025-01-22 09:45:00,38455.747421999906,36094.14742199991,2361.6,1
2025-01-22 10:00:00,38419.87424749991,30136.45424749991,8283.42,2
2025-01-22 10:15:00,36038.24139249991,18999.69139249991,17038.55,4
2025-01-22 10:30:00,32223.81109299991,22780.64109299991,9443.17,3
2025-01-22 10:45:00,26270.436583999908,12799.87658399991,13470.56,3
2025-01-22 11:00:00,26246.13889599991,10494.89889599991,15751.24,5
2025-01-22 11:15:00,21512.90013799991,19141.77013799991,2371.13,2
2025-01-22 11:30:00,21515.50942449991,15461.039424499908,6054.47,4
2025-01-22 13:00:00,21509.409424499907,15461.039424499908,6048.37,4
2025-01-22 13:15:00,21495.547280499908,19154.437280499908,2341.11,2
2025-01-22 13:30:00,21481.815708499907,12689.015708499908,8792.8,4
2025-01-22 13:45:00,21471.10247849991,8471.99247849991,12999.11,5
2025-01-22 14:00:00,19363.70468199991,13835.68468199991,5528.02,3
2025-01-22 14:15:00,19342.226443999913,8736.776443999912,10605.45,5
2025-01-22 14:30:00,17219.984029499912,13610.144029499912,3609.84,2
2025-01-22 14:45:00,16012.219588999913,8446.759588999914,7565.46,4
2025-01-22 15:00:00,14650.099213999913,10901.679213999912,3748.42,2
2025-01-23 09:30:00,14678.957058999913,7166.997058999914,7511.96,3
2025-01-23 09:45:00,13546.242900499914,8293.582900499914,5252.66,2
2025-01-23 10:00:00,13542.465795499913,11030.805795499913,2511.66,1
2025-01-23 10:15:00,13527.293913499914,4403.013913499915,9124.279999999999,4
2025-01-23 10:30:00,13522.372540499917,8780.672540499916,4741.7,2
2025-01-23 10:45:00,13516.760400499918,11284.840400499917,2231.92,1
2025-01-23 11:00:00,13510.458000499917,8653.038000499917,4857.42,4
2025-01-23 11:15:00,13507.092474499917,11198.482474499917,2308.6099999999997,2
2025-01-23 11:30:00,13507.116157999917,10105.606157999917,3401.5099999999998,3
2025-01-23 13:00:00,13501.142673999915,7795.102673999916,5706.039999999999,4
2025-01-23 13:15:00,13495.073343999915,12284.983343999915,1210.09,1
2025-01-23 13:30:00,13479.799186999915,7323.439186999914,6156.360000000001,3
2025-01-23 13:45:00,13474.216201999914,12263.946201999914,1210.27,1
2025-01-23 14:00:00,13478.841907999913,6177.2819079999135,7301.5599999999995,4
2025-01-23 14:15:00,13471.676847999914,8532.006847999914,4939.67,3
2025-01-23 14:30:00,13471.232747999913,9572.912747999913,3898.3199999999997,2
2025-01-23 14:45:00,13467.059595999912,13467.059595999912,0.0,0
2025-01-23 15:00:00,13467.059595999912,13467.059595999912,0.0,0
2025-01-24 09:30:00,13467.053445999913,11001.473445999913,2465.5800000000004,1
2025-01-24 09:45:00,13427.91947299991,5528.179472999911,7899.74,4
2025-01-24 10:00:00,13436.62289199991,11309.322891999911,2127.2999999999997,1
2025-01-24 10:15:00,13416.37150899991,4643.8715089999105,8772.5,4
2025-01-24 10:30:00,13419.700904999909,6804.08090499991,6615.619999999999,3
2025-01-24 10:45:00,13419.632914999907,11283.172914999908,2136.46,1
2025-01-24 11:00:00,13414.89238099991,1844.1923809999093,11570.7,5
2025-01-24 11:15:00,13432.518925999908,3969.058925999909,9463.46,4
2025-01-24 11:30:00,12216.22864399991,5196.608643999909,7019.620000000001,3
2025-01-24 13:00:00,12238.928643999909,5196.608643999909,7042.32,3
2025-01-24 13:15:00,12223.623956999909,7788.82395699991,4434.8,2
2025-01-24 13:30:00,12218.64775299991,12218.64775299991,0.0,0
2025-01-24 13:45:00,12212.06352249991,8658.50352249991,3553.56,3
2025-01-24 14:00:00,12209.32096949991,10030.92096949991,2178.4,2
2025-01-24 14:15:00,12217.28104299991,6227.001042999909,5990.280000000001,4
2025-01-24 14:30:00,12206.601042999908,6227.001042999909,5979.599999999999,4
2025-01-24 14:45:00,12200.31478999991,9791.11478999991,2409.2,1
2025-01-24 15:00:00,12197.29478999991,9791.11478999991,2406.18,1
2025-01-27 09:30:00,10993.23124099991,10993.23124099991,0.0,0
2025-01-27 09:45:00,10956.68421349991,6839.324213499911,4117.36,3
2025-01-27 10:00:00,10956.596299999912,9577.316299999911,1379.28,1
2025-01-27 10:15:00,10958.896299999911,9577.316299999911,1381.58,1
2025-01-27 10:30:00,10957.266299999912,9577.316299999911,1379.95,1
2025-01-27 10:45:00,10959.896299999911,9577.316299999911,1382.5800000000002,1
2025-01-27 11:00:00,10959.056299999911,9577.316299999911,1381.74,1
2025-01-27 11:15:00,10957.97508449991,10957.97508449991,0.0,0
2025-01-27 11:30:00,10956.36127099991,7455.431270999911,3500.93,3
2025-01-27 13:00:00,10944.58827299991,8618.968272999911,2325.62,2
2025-01-27 13:15:00,10942.535962499913,10942.535962499913,0.0,0
2025-01-27 13:30:00,10943.925577999911,9731.375577999912,1212.55,1
2025-01-27 13:45:00,10946.475577999912,9731.375577999912,1215.1000000000001,1
2025-01-27 14:00:00,10947.775577999912,9731.375577999912,1216.4,1
2025-01-27 14:15:00,10948.455577999912,9731.375577999912,1217.08,1
2025-01-27 14:30:00,10949.375577999912,9731.375577999912,1218.0,1
2025-01-27 14:45:00,10948.096677999913,10948.096677999913,0.0,0
2025-01-27 15:00:00,10946.133161499913,9791.153161499913,1154.98,1
2025-02-05 09:30:00,10947.917282499913,10947.917282499913,0.0,0
2025-02-05 09:45:00,10935.178491499912,5314.588491499912,5620.59,4
2025-02-05 10:00:00,10929.166987499912,10929.166987499912,0.0,0
2025-02-05 10:15:00,10920.668649999912,6192.448649999911,4728.22,4
2025-02-05 10:30:00,10916.018899999912,7286.298899999911,3629.7200000000003,3
2025-02-05 10:45:00,10919.29414949991,8603.72414949991,2315.57,2
2025-02-05 11:00:00,10916.174149499911,8603.72414949991,2312.45,2
2025-02-05 11:15:00,10915.52826699991,9827.08826699991,1088.44,1
2025-02-05 11:30:00,10916.32826699991,9827.08826699991,1089.24,1
2025-02-05 13:00:00,10915.90826699991,9827.08826699991,1088.8200000000002,1
2025-02-05 13:15:00,10915.80826699991,9827.08826699991,1088.72,1
2025-02-05 13:30:00,10914.66511099991,10914.66511099991,0.0,0
2025-02-05 13:45:00,10909.366701999908,5272.1667019999095,5637.2,4
2025-02-05 14:00:00,10903.727698499912,8515.42769849991,2388.3,2
2025-02-05 14:15:00,10902.586691999912,9743.666691999912,1158.92,1
2025-02-05 14:30:00,10901.389804999912,10901.389804999912,0.0,0
2025-02-05 14:45:00,10895.569858999912,6268.0098589999125,4627.5599999999995,4
2025-02-05 15:00:00,10895.969858999913,6268.0098589999125,4627.96,4
2025-02-06 09:30:00,10890.845776499913,8574.235776499912,2316.61,2
2025-02-06 09:45:00,10886.635776499912,8574.235776499912,2312.4,2
2025-02-06 10:00:00,10887.530168999912,9702.200168999912,1185.33,1
2025-02-06 10:15:00,10892.210168999913,9702.200168999912,1190.01,1
2025-02-06 10:30:00,10890.700168999912,9702.200168999912,1188.5,1
2025-02-06 10:45:00,10891.290168999913,9702.200168999912,1189.0900000000001,1
2025-02-06 11:00:00,10889.412285999912,10889.412285999912,0.0,0
2025-02-06 11:15:00,10883.28301649991,7171.923016499911,3711.36,3
2025-02-06 11:30:00,10874.926201999911,8377.14620199991,2497.78,2
2025-02-06 13:00:00,10880.13620199991,8377.14620199991,2502.99,2
2025-02-06 13:15:00,10878.666201999911,8377.14620199991,2501.52,2
2025-02-06 13:30:00,10877.357601999911,9707.74760199991,1169.61,1
2025-02-06 13:45:00,10876.12951149991,10876.12951149991,0.0,0
2025-02-06 14:00:00,10877.91201899991,7179.40201899991,3698.51,3
2025-02-06 14:15:00,10876.38119949991,8302.81119949991,2573.5699999999997,2
2025-02-06 14:30:00,10875.942609999911,9633.40260999991,1242.54,1
2025-02-06 14:45:00,10874.63794299991,10874.63794299991,0.0,0
2025-02-06 15:00:00,10874.63794299991,10874.63794299991,0.0,0
2025-02-07 09:30:00,10883.418147499911,5907.718147499911,4975.700000000001,4
2025-02-07 09:45:00,10879.15800449991,9713.37800449991,1165.78,1
2025-02-07 10:00:00,10878.253599499909,10878.253599499909,0.0,0
2025-02-07 10:15:00,10871.978678999909,6058.988678999909,4812.99,4
2025-02-07 10:30:00,10866.64661449991,9666.68661449991,1199.96,1
2025-02-07 10:45:00,10866.586614499909,9666.68661449991,1199.8999999999999,1
2025-02-07 11:00:00,10865.31672999991,10865.31672999991,0.0,0
2025-02-07 11:15:00,10871.77307699991,4903.203076999909,5968.570000000001,5
2025-02-07 11:30:00,10871.023076999909,4903.203076999909,5967.82,5
2025-02-07 13:00:00,10866.86307699991,4903.203076999909,5963.660000000001,5
2025-02-07 13:15:00,10873.125246999909,6166.475246999909,4706.65,4
2025-02-07 13:30:00,10869.736746999908,7335.246746999909,3534.49,3
2025-02-07 13:45:00,10863.528718499909,9749.87871849991,1113.6499999999999,1
2025-02-07 14:00:00,10862.30943849991,10862.30943849991,0.0,0
2025-02-07 14:15:00,10840.412542999908,5192.652542999908,5647.76,5
2025-02-07 14:30:00,10842.956664499909,7424.476664499908,3418.48,3
2025-02-07 14:45:00,10839.317312999909,10839.317312999909,0.0,0
2025-02-07 15:00:00,10839.317312999909,10839.317312999909,0.0,0
2025-02-10 09:30:00,10804.628687499906,5987.918687499907,4816.71,4
2025-02-10 09:45:00,10797.736062499907,9586.636062499907,1211.1,1
2025-02-10 10:00:00,10799.656062499907,9586.636062499907,1213.02,1
2025-02-10 10:15:00,10799.036062499907,9586.636062499907,1212.3999999999999,1
2025-02-10 10:30:00,10798.736062499907,9586.636062499907,1212.1,1
2025-02-10 10:45:00,10798.276062499906,9586.636062499907,1211.64,1
2025-02-10 11:00:00,10798.446062499906,9586.636062499907,1211.81,1
2025-02-10 11:15:00,10797.223609499906,10797.223609499906,0.0,0
2025-02-10 11:30:00,10794.267139999905,7416.087139999906,3378.1800000000003,3
2025-02-10 13:00:00,10793.243713499905,9683.633713499905,1109.61,1
2025-02-10 13:15:00,10795.233713499905,9683.633713499905,1111.6,1
2025-02-10 13:30:00,10794.983713499905,9683.633713499905,1111.3500000000001,1
2025-02-10 13:45:00,10793.537089999905,10793.537089999905,0.0,0
2025-02-10 14:00:00,10783.308539999904,4636.078539999904,6147.2300000000005,5
2025-02-10 14:15:00,10795.193794999905,5991.553794999903,4803.64,4
2025-02-10 14:30:00,10786.250286999903,9438.890286999902,1347.36,1
2025-02-10 14:45:00,10784.965422499901,10784.965422499901,0.0,0
2025-02-10 15:00:00,10780.4459489999,8754.7659489999,2025.68,2
2025-02-11 09:30:00,10775.5236589999,9603.6736589999,1171.85,1
2025-02-11 09:45:00,10774.8336589999,9603.6736589999,1171.16,1
2025-02-11 10:00:00,10775.473658999901,9603.6736589999,1171.8000000000002,1
2025-02-11 10:15:00,10774.0736589999,9603.6736589999,1170.4,1
2025-02-11 10:30:00,10772.7436589999,9603.6736589999,1169.07,1
2025-02-11 10:45:00,10773.2736589999,9603.6736589999,1169.6,1
2025-02-11 11:00:00,10774.5736589999,9603.6736589999,1170.9,1
2025-02-11 11:15:00,10776.0536589999,9603.6736589999,1172.38,1
2025-02-11 11:30:00,10776.1736589999,9603.6736589999,1172.5,1
2025-02-11 13:00:00,10778.4736589999,9603.6736589999,1174.8,1
2025-02-11 13:15:00,10779.2336589999,9603.6736589999,1175.56,1
2025-02-11 13:30:00,10779.0036589999,9603.6736589999,1175.33,1
2025-02-11 13:45:00,10779.5036589999,9603.6736589999,1175.83,1
2025-02-11 14:00:00,10779.133658999901,9603.6736589999,1175.46,1
2025-02-11 14:15:00,10777.8236589999,9603.6736589999,1174.15,1
2025-02-11 14:30:00,10776.4336589999,9603.6736589999,1172.76,1
2025-02-11 14:45:00,10776.2036589999,9603.6736589999,1172.53,1
2025-02-11 15:00:00,10777.9336589999,9603.6736589999,1174.26,1
2025-02-12 09:30:00,10773.5440039999,10773.5440039999,0.0,0
2025-02-12 09:45:00,10772.900694499898,5269.380694499899,5503.52,4
2025-02-12 10:00:00,10784.075123499899,6958.625123499899,3825.45,3
2025-02-12 10:15:00,10789.747997999899,8173.657997999899,2616.0899999999997,2
2025-02-12 10:30:00,10786.542554999898,9368.062554999899,1418.48,1
2025-02-12 10:45:00,10785.053150999898,10785.053150999898,0.0,0
2025-02-12 11:00:00,10779.215297499897,4895.205297499898,5884.01,5
2025-02-12 11:15:00,10772.429795499898,6099.179795499898,4673.249999999999,4
2025-02-12 11:30:00,10771.178720499898,7289.428720499898,3481.75,3
2025-02-12 13:00:00,10769.383746999898,8426.303746999898,2343.08,2
2025-02-12 13:15:00,10771.813746999898,8426.303746999898,2345.51,2
2025-02-12 13:30:00,10769.733746999898,8426.303746999898,2343.4300000000003,2
2025-02-12 13:45:00,10771.324072499898,9624.734072499898,1146.5900000000001,1
2025-02-12 14:00:00,10770.130142499898,10770.130142499898,0.0,0
2025-02-12 14:15:00,10768.3356139999,5817.7656139999,4950.57,4
2025-02-12 14:30:00,10763.5136834999,8245.6236834999,2517.8900000000003,2
2025-02-12 14:45:00,10760.859909499899,10760.859909499899,0.0,0
2025-02-12 15:00:00,10763.400158999899,7338.460158999899,3424.9399999999996,3
2025-02-13 09:30:00,10757.526365999898,10757.526365999898,0.0,0
2025-02-13 09:45:00,10752.537590499898,5562.767590499898,5189.77,4
2025-02-13 10:00:00,10753.817590499897,5562.767590499898,5191.05,4
2025-02-13 10:15:00,10741.595355499898,8390.495355499897,2351.1,2
2025-02-13 10:30:00,10741.054988999898,9542.014988999897,1199.04,1
2025-02-13 10:45:00,10741.314988999897,9542.014988999897,1199.3000000000002,1
2025-02-13 11:00:00,10740.055723999898,10740.055723999898,0.0,0
2025-02-13 11:15:00,10734.092692999897,7200.122692999897,3533.9700000000003,3
2025-02-13 11:30:00,10732.299613499898,8344.709613499897,2387.59,2
2025-02-13 13:00:00,10732.729613499898,8344.709613499897,2388.0199999999995,2
2025-02-13 13:15:00,10732.099613499897,8344.709613499897,2387.39,2
2025-02-13 13:30:00,10729.243221499897,10729.243221499897,0.0,0
2025-02-13 13:45:00,10726.768259999899,5957.608259999899,4769.16,4
2025-02-13 14:00:00,10734.438259999899,5957.608259999899,4776.83,4
2025-02-13 14:15:00,10721.2383229999,7156.288322999899,3564.95,3
2025-02-13 14:30:00,10717.123162999898,9473.053162999899,1244.07,1
2025-02-13 14:45:00,10715.9767214999,10715.9767214999,0.0,0
2025-02-13 15:00:00,10715.9767214999,10715.9767214999,0.0,0
2025-02-14 09:30:00,10670.6988004999,5912.9188004999,4757.78,4
2025-02-14 09:45:00,10666.565767499898,9540.565767499898,1126.0,1
2025-02-14 10:00:00,10663.565767499898,9540.565767499898,1123.0,1
2025-02-14 10:15:00,10662.386617499898,10662.386617499898,0.0,0
2025-02-14 10:30:00,10655.332103499897,6901.762103499897,3753.5699999999997,3
2025-02-14 10:45:00,10650.986839499898,9370.846839499898,1280.14,1
2025-02-14 11:00:00,10649.642692499898,10649.642692499898,0.0,0
2025-02-14 11:15:00,10635.518374499898,6822.468374499898,3813.0499999999997,3
2025-02-14 11:30:00,10631.504682499899,10631.504682499899,0.0,0
2025-02-14 13:00:00,10623.141732999899,6071.5317329999,4551.61,4
2025-02-14 13:15:00,10619.6826214999,9457.6026214999,1162.08,1
2025-02-14 13:30:00,10619.4526214999,9457.6026214999,1161.85,1
2025-02-14 13:45:00,10618.1826214999,9457.6026214999,1160.5800000000002,1
2025-02-14 14:00:00,10616.3346739999,10616.3346739999,0.0,0
2025-02-14 14:15:00,10614.881627499899,6037.201627499899,4577.68,4
2025-02-14 14:30:00,10616.396042999899,8268.7460429999,2347.65,2
2025-02-14 14:45:00,10613.3016719999,10613.3016719999,0.0,0
2025-02-14 15:00:00,10613.3016719999,10613.3016719999,0.0,0
2025-02-17 09:30:00,10607.3560884999,4820.956088499901,5786.4,5
2025-02-17 09:45:00,10601.678968999902,8347.838968999902,2253.84,2
2025-02-17 10:00:00,10599.344441999903,9522.344441999903,1077.0,1
2025-02-17 10:15:00,10600.324441999903,9522.344441999903,1077.98,1
2025-02-17 10:30:00,10599.132625999904,10599.132625999904,0.0,0
2025-02-17 10:45:00,10596.593453499905,5299.123453499905,5297.47,4
2025-02-17 11:00:00,10589.178341999905,7806.118341999905,2783.0600000000004,2
2025-02-17 11:15:00,10587.531401999904,9487.151401999905,1100.3799999999999,1
2025-02-17 11:30:00,10588.571401999905,9487.151401999905,1101.42,1
2025-02-17 13:00:00,10589.321401999905,9487.151401999905,1102.17,1
2025-02-17 13:15:00,10589.561401999905,9487.151401999905,1102.41,1
2025-02-17 13:30:00,10588.403871499904,10588.403871499904,0.0,0
2025-02-17 13:45:00,10585.397614499905,7026.3276144999045,3559.07,3
2025-02-17 14:00:00,10581.587614499906,7026.3276144999045,3555.26,3
2025-02-17 14:15:00,10578.004433999904,10578.004433999904,0.0,0
2025-02-17 14:30:00,10581.298245999902,7101.798245999903,3479.4999999999995,3
2025-02-17 14:45:00,10579.093248499903,10579.093248499903,0.0,0
2025-02-17 15:00:00,10580.359872999903,7935.009872999904,2645.35,2
2025-02-18 09:30:00,10577.182675499904,10577.182675499904,0.0,0
2025-02-18 09:45:00,10567.691359499904,7706.2513594999045,2861.44,2
2025-02-18 10:00:00,10564.107456499903,10564.107456499903,0.0,0
2025-02-18 10:15:00,10555.986730499906,4785.926730499905,5770.06,5
2025-02-18 10:30:00,10559.876343999904,8287.376343999904,2272.5,2
2025-02-18 10:45:00,10562.441913499904,9366.651913499903,1195.79,1
2025-02-18 11:00:00,10566.651913499903,9366.651913499903,1200.0,1
2025-02-18 11:15:00,10568.811913499903,9366.651913499903,1202.1599999999999,1
2025-02-18 11:30:00,10571.141913499903,9366.651913499903,1204.49,1
2025-02-18 13:00:00,10569.897177999903,10569.897177999903,0.0,0
2025-02-18 13:15:00,10569.263177499903,7162.513177499903,3406.75,3
2025-02-18 13:30:00,10563.446351999903,8291.636351999903,2271.81,2
2025-02-18 13:45:00,10561.579831499903,9496.579831499903,1065.0,1
2025-02-18 14:00:00,10561.569831499903,9496.579831499903,1064.99,1
2025-02-18 14:15:00,10559.189831499903,9496.579831499903,1062.61,1
2025-02-18 14:30:00,10562.799831499902,9496.579831499903,1066.22,1
2025-02-18 14:45:00,10561.270730999902,10561.270730999902,0.0,0
2025-02-18 15:00:00,10570.062095499901,9437.582095499902,1132.48,1
2025-02-19 09:30:00,10565.596435499901,10565.596435499901,0.0,0
2025-02-19 09:45:00,10557.9633349999,7216.2733349999,3341.69,3
2025-02-19 10:00:00,10556.5446019999,8280.6146019999,2275.9300000000003,2
2025-02-19 10:15:00,10554.324601999899,8280.6146019999,2273.71,2
2025-02-19 10:30:00,10563.644601999898,8280.6146019999,2283.0299999999997,2
2025-02-19 10:45:00,10559.234601999899,8280.6146019999,2278.62,2
2025-02-19 11:00:00,10556.8520404999,10556.8520404999,0.0,0
2025-02-19 11:15:00,10559.3521384999,7220.1121384999005,3339.24,3
2025-02-19 11:30:00,10559.6713019999,8353.0513019999,2206.62,2
2025-02-19 13:00:00,10556.448278499898,9430.988278499899,1125.46,1
2025-02-19 13:15:00,10555.266545499899,10555.266545499899,0.0,0
2025-02-19 13:30:00,10549.442164499898,8329.712164499899,2219.73,2
2025-02-19 13:45:00,10547.141416499899,10547.141416499899,0.0,0
2025-02-19 14:00:00,10545.730554999898,6017.760554999899,4527.969999999999,4
2025-02-19 14:15:00,10541.2839509999,8297.843950999899,2243.44,2
2025-02-19 14:30:00,10538.2622429999,9431.6122429999,1106.65,1
2025-02-19 14:45:00,10537.3000504999,10537.3000504999,0.0,0
2025-02-19 15:00:00,10536.6819399999,9213.9019399999,1322.78,1
2025-02-20 09:30:00,10533.9744069999,10533.9744069999,0.0,0
2025-02-20 09:45:00,10537.798168999898,5475.108168999898,5062.69,4
2025-02-20 10:00:00,10528.664926999898,6657.904926999898,3870.76,3
2025-02-20 10:15:00,10523.042558999898,9219.372558999898,1303.6699999999998,1
2025-02-20 10:30:00,10522.502558999897,9219.372558999898,1303.1299999999999,1
2025-02-20 10:45:00,10522.462558999898,9219.372558999898,1303.09,1
2025-02-20 11:00:00,10519.562558999898,9219.372558999898,1300.19,1
2025-02-20 11:15:00,10519.472558999898,9219.372558999898,1300.1,1
2025-02-20 11:30:00,10520.372558999898,9219.372558999898,1301.0,1
2025-02-20 13:00:00,10524.192558999897,9219.372558999898,1304.82,1
2025-02-20 13:15:00,10522.372970499899,10522.372970499899,0.0,0
2025-02-20 13:30:00,10503.6174069999,5283.007406999898,5220.610000000001,4
2025-02-20 13:45:00,10497.4060924999,8176.456092499899,2320.95,2
2025-02-20 14:00:00,10497.056305999899,9308.396305999899,1188.66,1
2025-02-20 14:15:00,10499.186305999898,9308.396305999899,1190.79,1
2025-02-20 14:30:00,10500.396305999899,9308.396305999899,1192.0,1
2025-02-20 14:45:00,10499.046305999898,9308.396305999899,1190.65,1
2025-02-20 15:00:00,10500.436305999898,9308.396305999899,1192.04,1
2025-02-21 09:30:00,10500.013792499898,10500.013792499898,0.0,0
2025-02-21 09:45:00,10455.112718499899,6351.782718499898,4103.33,3
2025-02-21 10:00:00,10447.146375499899,9202.446375499898,1244.7,1
2025-02-21 10:15:00,10445.849429999898,10445.849429999898,0.0,0
2025-02-21 10:30:00,10441.6965634999,7039.546563499899,3402.1499999999996,3
2025-02-21 10:45:00,10438.134295499898,10438.134295499898,0.0,0
2025-02-21 11:00:00,10424.706589999898,5597.146589999898,4827.5599999999995,4
2025-02-21 11:15:00,10423.801604499899,9102.971604499899,1320.83,1
2025-02-21 11:30:00,10423.961604499898,9102.971604499899,1320.9899999999998,1
2025-02-21 13:00:00,10421.991604499899,9102.971604499899,1319.02,1
2025-02-21 13:15:00,10420.606633499898,10420.606633499898,0.0,0
2025-02-21 13:30:00,10420.580603999897,5390.540603999898,5030.04,4
2025-02-21 13:45:00,10410.380672999898,7702.330672999897,2708.05,2
2025-02-21 14:00:00,10408.446264999897,10408.446264999897,0.0,0
2025-02-21 14:15:00,10403.922914499897,6553.592914499896,3850.33,3
2025-02-21 14:30:00,10402.037992999896,9212.627992999896,1189.41,1
2025-02-21 14:45:00,10401.448419499897,10401.448419499897,0.0,0
2025-02-21 15:00:00,10401.448419499897,10401.448419499897,0.0,0
2025-02-24 09:30:00,10372.451957499896,5275.631957499896,5096.82,4
2025-02-24 09:45:00,10372.773832499895,7985.283832499896,2387.49,2
2025-02-24 10:00:00,10371.153832499895,7985.283832499896,2385.87,2
2025-02-24 10:15:00,10372.363832499896,7985.283832499896,2387.08,2
2025-02-24 10:30:00,10369.894032499897,9259.944032499896,1109.95,1
2025-02-24 10:45:00,10369.704032499896,9259.944032499896,1109.76,1
2025-02-24 11:00:00,10368.768542999896,10368.768542999896,0.0,0
2025-02-24 11:15:00,10356.323011999899,4376.263011999897,5980.060000000001,5
2025-02-24 11:30:00,10355.463342499897,5536.633342499897,4818.83,4
2025-02-24 13:00:00,10348.587361499896,7949.317361499897,2399.2700000000004,2
2025-02-24 13:15:00,10344.441561499896,9144.061561499897,1200.3799999999999,1
2025-02-24 13:30:00,10342.901561499897,9144.061561499897,1198.84,1
2025-02-24 13:45:00,10341.531561499896,9144.061561499897,1197.47,1
2025-02-24 14:00:00,10340.931561499896,9144.061561499897,1196.87,1
2025-02-24 14:15:00,10340.271561499896,9144.061561499897,1196.21,1
2025-02-24 14:30:00,10340.701561499896,9144.061561499897,1196.64,1
2025-02-24 14:45:00,10339.761561499898,9144.061561499897,1195.6999999999998,1
2025-02-24 15:00:00,10339.761561499898,9144.061561499897,1195.6999999999998,1
2025-02-25 09:30:00,10337.061561499897,9144.061561499897,1193.0,1
2025-02-25 09:45:00,10336.051561499897,9144.061561499897,1191.99,1
2025-02-25 10:00:00,10339.881561499897,9144.061561499897,1195.82,1
2025-02-25 10:15:00,10339.091561499898,9144.061561499897,1195.03,1
2025-02-25 10:30:00,10340.081561499897,9144.061561499897,1196.02,1
2025-02-25 10:45:00,10339.801561499897,9144.061561499897,1195.74,1
2025-02-25 11:00:00,10340.861561499896,9144.061561499897,1196.8000000000002,1
2025-02-25 11:15:00,10343.611561499896,9144.061561499897,1199.55,1
2025-02-25 11:30:00,10345.341561499898,9144.061561499897,1201.28,1
2025-02-25 13:00:00,10342.401561499897,9144.061561499897,1198.3400000000001,1
2025-02-25 13:15:00,10341.661561499897,9144.061561499897,1197.6000000000001,1
2025-02-25 13:30:00,10340.154343999897,10340.154343999897,0.0,0
2025-02-25 13:45:00,10328.182213499897,4579.702213499896,5748.4800000000005,5
2025-02-25 14:00:00,10324.656772499897,6877.706772499896,3446.95,3
2025-02-25 14:15:00,10322.842510499897,8032.932510499896,2289.91,2
2025-02-25 14:30:00,10321.595115499895,9181.625115499895,1139.97,1
2025-02-25 14:45:00,10322.905115499896,9181.625115499895,1141.28,1
2025-02-25 15:00:00,10323.935115499895,9181.625115499895,1142.31,1
2025-02-26 09:30:00,10324.715115499896,9181.625115499895,1143.09,1
2025-02-26 09:45:00,10323.675115499895,9181.625115499895,1142.05,1
2025-02-26 10:00:00,10322.695115499895,9181.625115499895,1141.07,1
2025-02-26 10:15:00,10321.467023499896,10321.467023499896,0.0,0
2025-02-26 10:30:00,10320.349139999893,6204.8791399998945,4115.469999999999,3
2025-02-26 10:45:00,10337.019139999895,6204.8791399998945,4132.14,3
2025-02-26 11:00:00,10342.202268999894,7400.642268999894,2941.56,2
2025-02-26 11:15:00,10343.187609499895,8784.577609499895,1558.61,1
2025-02-26 11:30:00,10340.851803999894,10340.851803999894,0.0,0
2025-02-26 13:00:00,10345.652911999896,4297.472911999896,6048.179999999999,5
2025-02-26 13:15:00,10355.809627999895,5480.309627999895,4875.5,4
2025-02-26 13:30:00,10354.857444999896,6633.557444999895,3721.3,3
2025-02-26 13:45:00,10357.645283499895,7862.8952834998945,2494.75,2
2025-02-26 14:00:00,10350.455283499894,7862.8952834998945,2487.5600000000004,2
2025-02-26 14:15:00,10348.202480499895,9140.412480499894,1207.79,1
2025-02-26 14:30:00,10348.962480499893,9140.412480499894,1208.55,1
2025-02-26 14:45:00,10348.412480499894,9140.412480499894,1208.0,1
2025-02-26 15:00:00,10347.972480499893,9140.412480499894,1207.56,1
2025-02-27 09:30:00,10348.142480499893,9140.412480499894,1207.73,1
2025-02-27 09:45:00,10346.672480499894,9140.412480499894,1206.26,1
2025-02-27 10:00:00,10344.412480499894,9140.412480499894,1204.0,1
2025-02-27 10:15:00,10342.948490499894,10342.948490499894,0.0,0
2025-02-27 10:30:00,10320.721558499894,4434.911558499894,5885.8099999999995,5
2025-02-27 10:45:00,10316.205111499894,9236.005111499893,1080.2,1
2025-02-27 11:00:00,10316.005111499893,9236.005111499893,1080.0,1
2025-02-27 11:15:00,10316.015111499893,9236.005111499893,1080.01,1
2025-02-27 11:30:00,10316.685111499894,9236.005111499893,1080.68,1
2025-02-27 13:00:00,10316.815111499893,9236.005111499893,1080.81,1
2025-02-27 13:15:00,10315.670271499894,10315.670271499894,0.0,0
2025-02-27 13:30:00,10264.885301499895,4037.685301499895,6227.2,5
2025-02-27 13:45:00,10271.549801999894,7819.899801999894,2451.6499999999996,2
2025-02-27 14:00:00,10276.459801999894,7819.899801999894,2456.56,2
2025-02-27 14:15:00,10270.585156999896,9013.545156999895,1257.04,1
2025-02-27 14:30:00,10269.784718999896,10269.784718999896,0.0,0
2025-02-27 14:45:00,10286.524523999899,4177.494523999897,6109.030000000001,5
2025-02-27 15:00:00,10282.443981999897,6585.003981999897,3697.4399999999996,3
2025-02-28 09:30:00,10273.604431999896,9153.304431999897,1120.3,1
2025-02-28 09:45:00,10272.904431999897,9153.304431999897,1119.6,1
2025-02-28 10:00:00,10271.454431999897,9153.304431999897,1118.15,1
2025-02-28 10:15:00,10272.794431999897,9153.304431999897,1119.49,1
2025-02-28 10:30:00,10273.354431999896,9153.304431999897,1120.05,1
2025-02-28 10:45:00,10272.178379499897,10272.178379499897,0.0,0
2025-02-28 11:00:00,10269.088246999898,6658.738246999897,3610.3500000000004,3
2025-02-28 11:15:00,10267.348246999896,6658.738246999897,3608.61,3
2025-02-28 11:30:00,10265.988246999896,6658.738246999897,3607.25,3
2025-02-28 13:00:00,10254.918246999896,6658.738246999897,3596.18,3
2025-02-28 13:15:00,10251.539030499896,9045.959030499896,1205.5800000000002,1
2025-02-28 13:30:00,10249.339030499896,9045.959030499896,1203.3799999999999,1
2025-02-28 13:45:00,10248.355187499896,10248.355187499896,0.0,0
2025-02-28 14:00:00,10233.202608999894,5355.052608999895,4878.150000000001,4
2025-02-28 14:15:00,10231.995894999895,6674.345894999895,3557.65,3
2025-02-28 14:30:00,10230.175546999895,9043.615546999896,1186.56,1
2025-02-28 14:45:00,10228.629973999896,10228.629973999896,0.0,0
2025-02-28 15:00:00,10226.254746999895,9117.724746999895,1108.53,1
2025-03-03 09:30:00,10226.559246999896,10226.559246999896,0.0,0
2025-03-03 09:45:00,10216.991904999895,5395.451904999895,4821.54,4
2025-03-03 10:00:00,10218.553597999895,6573.553597999895,3644.9999999999995,3
2025-03-03 10:15:00,10218.185398999894,9007.375398999895,1210.81,1
2025-03-03 10:30:00,10217.335398999894,9007.375398999895,1209.96,1
2025-03-03 10:45:00,10216.244751999895,10216.244751999895,0.0,0
2025-03-03 11:00:00,10205.291208999897,5293.421208999896,4911.87,4
2025-03-03 11:15:00,10198.366357499897,6620.4563574998965,3577.91,3
2025-03-03 11:30:00,10197.026357499897,6620.4563574998965,3576.5699999999997,3
2025-03-03 13:00:00,10191.546934499896,7942.326934499897,2249.2200000000003,2
2025-03-03 13:15:00,10194.906934499897,7942.326934499897,2252.58,2
2025-03-03 13:30:00,10192.016934499898,7942.326934499897,2249.69,2
2025-03-03 13:45:00,10191.288814499898,9015.598814499897,1175.69,1
2025-03-03 14:00:00,10190.988814499897,9015.598814499897,1175.39,1
2025-03-03 14:15:00,10190.308814499898,9015.598814499897,1174.71,1
2025-03-03 14:30:00,10189.065379499898,10189.065379499898,0.0,0
2025-03-03 14:45:00,10182.030718999898,3949.510718999898,6232.52,5
2025-03-03 15:00:00,10181.210718999899,3949.510718999898,6231.700000000001,5
2025-03-04 09:30:00,10173.3350009999,9035.3250009999,1138.01,1
2025-03-04 09:45:00,10173.5250009999,9035.3250009999,1138.1999999999998,1
2025-03-04 10:00:00,10173.225000999899,9035.3250009999,1137.9,1
2025-03-04 10:15:00,10172.8350009999,9035.3250009999,1137.51,1
2025-03-04 10:30:00,10171.6306259999,10171.6306259999,0.0,0
2025-03-04 10:45:00,10174.1915459999,4976.581545999899,5197.61,4
2025-03-04 11:00:00,10153.2397579999,7518.469757999899,2634.77,2
2025-03-04 11:15:00,10151.0326614999,10151.0326614999,0.0,0
2025-03-04 11:30:00,10147.130588999898,8957.3305889999,1189.8,1
2025-03-04 13:00:00,10145.811372499898,10145.811372499898,0.0,0
2025-03-04 13:15:00,10126.4916874999,5541.2816874999,4585.21,4
2025-03-04 13:30:00,10121.6260164999,8990.6760164999,1130.95,1
2025-03-04 13:45:00,10120.4385189999,10120.4385189999,0.0,0
2025-03-04 14:00:00,10115.079443499899,6641.4794434998985,3473.6,3
2025-03-04 14:15:00,10110.434308499898,7768.994308499899,2341.4399999999996,2
2025-03-04 14:30:00,10108.7749564999,10108.7749564999,0.0,0
2025-03-04 14:45:00,10104.759479999899,5412.9194799998995,4691.84,4
2025-03-04 15:00:00,10101.549418999899,7715.319418999899,2386.23,2
2025-03-05 09:30:00,10103.4394189999,7715.319418999899,2388.12,2
2025-03-05 09:45:00,10099.2416829999,8902.3916829999,1196.85,1
2025-03-05 10:00:00,10097.2916829999,8902.3916829999,1194.8999999999999,1
2025-03-05 10:15:00,10102.3916829999,8902.3916829999,1200.0,1
2025-03-05 10:30:00,10101.1316829999,10101.1316829999,0.0,0
2025-03-05 10:45:00,10098.702798999899,7642.472798999899,2456.23,2
2025-03-05 11:00:00,10095.231145499898,8880.841145499899,1214.3899999999999,1
2025-03-05 11:15:00,10095.5311454999,8880.841145499899,1214.69,1
2025-03-05 11:30:00,10096.7911454999,8880.841145499899,1215.95,1
2025-03-05 13:00:00,10096.921145499899,8880.841145499899,1216.08,1
2025-03-05 13:15:00,10095.414502999898,10095.414502999898,0.0,0
2025-03-05 13:30:00,10087.3141589999,6510.374158999899,3576.9400000000005,3
2025-03-05 13:45:00,10083.3685714999,10083.3685714999,0.0,0
2025-03-05 14:00:00,10079.324310499898,6570.864310499899,3508.46,3
2025-03-05 14:15:00,10076.3696609999,10076.3696609999,0.0,0
2025-03-05 14:30:00,10079.925177999901,4790.365177999902,5289.5599999999995,4
2025-03-05 14:45:00,10075.050425999903,10075.050425999903,0.0,0
2025-03-05 15:00:00,10075.499315999903,8815.529315999904,1259.97,1
2025-03-06 09:30:00,10074.206315999903,10074.206315999903,0.0,0
2025-03-06 09:45:00,10099.004326499904,4828.714326499903,5270.29,4
2025-03-06 10:00:00,10097.845846499902,7443.565846499903,2654.2799999999997,2
2025-03-06 10:15:00,10096.176696499904,8765.176696499904,1331.0,1
2025-03-06 10:30:00,10099.746696499904,8765.176696499904,1334.57,1
2025-03-06 10:45:00,10101.056696499903,8765.176696499904,1335.8799999999999,1
2025-03-06 11:00:00,10103.216696499905,8765.176696499904,1338.04,1
2025-03-06 11:15:00,10102.141407999903,10102.141407999903,0.0,0
2025-03-06 11:30:00,10101.810516999902,6669.120516999902,3432.6899999999996,3
2025-03-06 13:00:00,10107.920516999902,6669.120516999902,3438.7999999999997,3
2025-03-06 13:15:00,10099.848015999902,7765.588015999902,2334.26,2
2025-03-06 13:30:00,10093.819877999904,8895.959877999903,1197.8600000000001,1
2025-03-06 13:45:00,10094.699877999903,10094.699877999903,0.0,0
2025-03-06 14:00:00,10092.087759999904,5430.647759999903,4661.4400000000005,4
2025-03-06 14:15:00,10091.428986999903,6599.678986999903,3491.75,3
2025-03-06 14:30:00,10089.997096999901,7800.217096999902,2289.7799999999997,2
2025-03-06 14:45:00,10087.572848999902,10087.572848999902,0.0,0
2025-03-06 15:00:00,10086.110165999902,7720.630165999902,2365.48,2
2025-03-07 09:30:00,10076.683709499903,10076.683709499903,0.0,0
2025-03-07 09:45:00,10077.346809499903,5093.456809499902,4983.89,4
2025-03-07 10:00:00,10077.980518499902,6269.640518499902,3808.34,3
2025-03-07 10:15:00,10080.181996499901,7685.791996499902,2394.3900000000003,2
2025-03-07 10:30:00,10080.871996499902,7685.791996499902,2395.08,2
2025-03-07 10:45:00,10078.709818999903,8877.089818999902,1201.6200000000001,1
2025-03-07 11:00:00,10079.269818999903,8877.089818999902,1202.18,1
2025-03-07 11:15:00,10078.017519499903,10078.017519499903,0.0,0
2025-03-07 11:30:00,10079.552270999902,7441.682270999903,2637.87,2
2025-03-07 13:00:00,10091.412270999903,7441.682270999903,2649.73,2
2025-03-07 13:15:00,10077.041114499903,8612.981114499904,1464.06,1
2025-03-07 13:30:00,10075.703641499904,10075.703641499904,0.0,0
2025-03-07 13:45:00,10062.894453499903,3936.704453499903,6126.19,5
2025-03-07 14:00:00,10062.395681999904,5134.275681999903,4928.120000000001,4
2025-03-07 14:15:00,10058.138113999903,7519.928113999903,2538.21,2
2025-03-07 14:30:00,10058.804788999903,8655.234788999904,1403.57,1
2025-03-07 14:45:00,10058.449864499904,10058.449864499904,0.0,0
2025-03-07 15:00:00,10058.449864499904,10058.449864499904,0.0,0
2025-03-10 09:30:00,10065.515571999904,6545.9155719999035,3519.6,3
2025-03-10 09:45:00,10062.276983499904,8827.886983499904,1234.3899999999999,1
2025-03-10 10:00:00,10061.170674499905,10061.170674499905,0.0,0
2025-03-10 10:15:00,10052.924963999905,4421.244963999905,5631.68,5
2025-03-10 10:30:00,10051.907984999905,5560.027984999905,4491.88,4
2025-03-10 10:45:00,10047.943649499904,8913.013649499904,1134.9299999999998,1
2025-03-10 11:00:00,10046.751972999904,10046.751972999904,0.0,0
2025-03-10 11:15:00,10038.142937999903,3993.702937999903,6044.44,5
2025-03-10 11:30:00,10037.957107499904,5140.907107499903,4897.05,4
2025-03-10 13:00:00,10037.637240999902,6282.437240999903,3755.2,3
2025-03-10 13:15:00,10042.147240999904,6282.437240999903,3759.7100000000005,3
2025-03-10 13:30:00,10039.977976999904,8831.437976999903,1208.54,1
2025-03-10 13:45:00,10038.647976999902,8831.437976999903,1207.21,1
2025-03-10 14:00:00,10037.670101999904,10037.670101999904,0.0,0
2025-03-10 14:15:00,10047.438920499902,3667.958920499902,6379.48,5
2025-03-10 14:30:00,10044.396515999902,6267.516515999902,3776.88,3
2025-03-10 14:45:00,10044.302345999902,8840.212345999902,1204.0900000000001,1
2025-03-10 15:00:00,10040.222345999902,8840.212345999902,1200.01,1
2025-03-11 09:30:00,10037.732345999902,8840.212345999902,1197.52,1
2025-03-11 09:45:00,10040.152345999903,8840.212345999902,1199.94,1
2025-03-11 10:00:00,10039.212345999902,8840.212345999902,1199.0,1
2025-03-11 10:15:00,10038.562345999902,8840.212345999902,1198.35,1
2025-03-11 10:30:00,10039.372345999902,8840.212345999902,1199.1599999999999,1
2025-03-11 10:45:00,10037.513857999902,10037.513857999902,0.0,0
2025-03-11 11:00:00,10029.588528499902,4941.378528499901,5088.21,4
2025-03-11 11:15:00,10035.8750294999,6162.475029499901,3873.3999999999996,3
2025-03-11 11:30:00,10037.755029499902,6162.475029499901,3875.28,3
2025-03-11 13:00:00,10034.6250294999,6162.475029499901,3872.15,3
2025-03-11 13:15:00,10027.735029499901,6162.475029499901,3865.26,3
2025-03-11 13:30:00,9216.021676999902,8106.4816769999015,1109.54,1
2025-03-11 13:45:00,9214.616911999901,9214.616911999901,0.0,0
2025-03-11 14:00:00,9214.616911999901,9214.616911999901,0.0,0
2025-03-11 14:15:00,9214.616911999901,9214.616911999901,0.0,0
2025-03-11 14:30:00,9214.616911999901,9214.616911999901,0.0,0
2025-03-11 14:45:00,9214.616911999901,9214.616911999901,0.0,0
2025-03-11 15:00:00,9214.616911999901,9214.616911999901,0.0,0
2025-03-12 09:30:00,9214.616911999901,9214.616911999901,0.0,0
2025-03-12 09:45:00,9214.616911999901,9214.616911999901,0.0,0
2025-03-12 10:00:00,9214.616911999901,9214.616911999901,0.0,0
2025-03-12 10:15:00,9214.616911999901,9214.616911999901,0.0,0
2025-03-12 10:30:00,9214.616911999901,9214.616911999901,0.0,0
2025-03-12 10:45:00,9214.616911999901,9214.616911999901,0.0,0
2025-03-12 11:00:00,9214.616911999901,9214.616911999901,0.0,0
2025-03-12 11:15:00,9214.616911999901,9214.616911999901,0.0,0
2025-03-12 11:30:00,9214.616911999901,9214.616911999901,0.0,0
2025-03-12 13:00:00,9214.616911999901,9214.616911999901,0.0,0
2025-03-12 13:15:00,9214.616911999901,9214.616911999901,0.0,0
2025-03-12 13:30:00,9214.616911999901,9214.616911999901,0.0,0
2025-03-12 13:45:00,9214.616911999901,9214.616911999901,0.0,0
2025-03-12 14:00:00,9214.616911999901,9214.616911999901,0.0,0
2025-03-12 14:15:00,9214.616911999901,9214.616911999901,0.0,0
2025-03-12 14:30:00,9214.616911999901,9214.616911999901,0.0,0
2025-03-12 14:45:00,9214.616911999901,9214.616911999901,0.0,0
2025-03-12 15:00:00,9214.616911999901,9214.616911999901,0.0,0
2025-03-13 09:30:00,9214.616911999901,9214.616911999901,0.0,0
2025-03-13 09:45:00,9214.616911999901,9214.616911999901,0.0,0
2025-03-13 10:00:00,9214.616911999901,9214.616911999901,0.0,0
2025-03-13 10:15:00,9214.616911999901,9214.616911999901,0.0,0
2025-03-13 10:30:00,9214.616911999901,9214.616911999901,0.0,0
2025-03-13 10:45:00,9214.616911999901,9214.616911999901,0.0,0
2025-03-13 11:00:00,9214.616911999901,9214.616911999901,0.0,0
2025-03-13 11:15:00,9214.616911999901,9214.616911999901,0.0,0
2025-03-13 11:30:00,9214.616911999901,9214.616911999901,0.0,0
2025-03-13 13:00:00,9214.616911999901,9214.616911999901,0.0,0
2025-03-13 13:15:00,9214.616911999901,9214.616911999901,0.0,0
2025-03-13 13:30:00,9214.616911999901,9214.616911999901,0.0,0
2025-03-13 13:45:00,9214.616911999901,9214.616911999901,0.0,0
2025-03-13 14:00:00,9214.616911999901,9214.616911999901,0.0,0
2025-03-13 14:15:00,9214.616911999901,9214.616911999901,0.0,0
2025-03-13 14:30:00,9214.616911999901,9214.616911999901,0.0,0
2025-03-13 14:45:00,9214.616911999901,9214.616911999901,0.0,0
2025-03-13 15:00:00,9214.616911999901,9214.616911999901,0.0,0
2025-03-14 09:30:00,9214.616911999901,9214.616911999901,0.0,0
2025-03-14 09:45:00,9214.616911999901,9214.616911999901,0.0,0
2025-03-14 10:00:00,9214.616911999901,9214.616911999901,0.0,0
2025-03-14 10:15:00,9214.616911999901,9214.616911999901,0.0,0
2025-03-14 10:30:00,9214.616911999901,9214.616911999901,0.0,0
2025-03-14 10:45:00,9214.616911999901,9214.616911999901,0.0,0
2025-03-14 11:00:00,9214.616911999901,9214.616911999901,0.0,0
2025-03-14 11:15:00,9214.616911999901,9214.616911999901,0.0,0
2025-03-14 11:30:00,9214.616911999901,9214.616911999901,0.0,0
2025-03-14 13:00:00,9214.616911999901,9214.616911999901,0.0,0
2025-03-14 13:15:00,9214.616911999901,9214.616911999901,0.0,0
2025-03-14 13:30:00,9214.616911999901,9214.616911999901,0.0,0
2025-03-14 13:45:00,9214.616911999901,9214.616911999901,0.0,0
2025-03-14 14:00:00,9214.616911999901,9214.616911999901,0.0,0
2025-03-14 14:15:00,9214.616911999901,9214.616911999901,0.0,0
2025-03-14 14:30:00,9214.616911999901,9214.616911999901,0.0,0
2025-03-14 14:45:00,9214.616911999901,9214.616911999901,0.0,0
2025-03-14 15:00:00,9214.616911999901,9214.616911999901,0.0,0
2025-03-17 09:30:00,9214.616911999901,9214.616911999901,0.0,0
2025-03-17 09:45:00,9214.616911999901,9214.616911999901,0.0,0
2025-03-17 10:00:00,9214.616911999901,9214.616911999901,0.0,0
2025-03-17 10:15:00,9214.616911999901,9214.616911999901,0.0,0
2025-03-17 10:30:00,9214.616911999901,9214.616911999901,0.0,0
2025-03-17 10:45:00,9214.616911999901,9214.616911999901,0.0,0
2025-03-17 11:00:00,9214.616911999901,9214.616911999901,0.0,0
2025-03-17 11:15:00,9214.616911999901,9214.616911999901,0.0,0
2025-03-17 11:30:00,9214.616911999901,9214.616911999901,0.0,0
2025-03-17 13:00:00,9214.616911999901,9214.616911999901,0.0,0
2025-03-17 13:15:00,9214.616911999901,9214.616911999901,0.0,0
2025-03-17 13:30:00,9214.616911999901,9214.616911999901,0.0,0
2025-03-17 13:45:00,9214.616911999901,9214.616911999901,0.0,0
2025-03-17 14:00:00,9214.616911999901,9214.616911999901,0.0,0
2025-03-17 14:15:00,9214.616911999901,9214.616911999901,0.0,0
2025-03-17 14:30:00,9214.616911999901,9214.616911999901,0.0,0
2025-03-17 14:45:00,9214.616911999901,9214.616911999901,0.0,0
2025-03-17 15:00:00,9214.616911999901,9214.616911999901,0.0,0
2025-03-18 09:30:00,9214.616911999901,9214.616911999901,0.0,0
2025-03-18 09:45:00,9214.616911999901,9214.616911999901,0.0,0
2025-03-18 10:00:00,9214.616911999901,9214.616911999901,0.0,0
2025-03-18 10:15:00,9214.616911999901,9214.616911999901,0.0,0
2025-03-18 10:30:00,9214.616911999901,9214.616911999901,0.0,0
2025-03-18 10:45:00,9214.616911999901,9214.616911999901,0.0,0
2025-03-18 11:00:00,9214.616911999901,9214.616911999901,0.0,0
2025-03-18 11:15:00,9214.616911999901,9214.616911999901,0.0,0
2025-03-18 11:30:00,9214.616911999901,9214.616911999901,0.0,0
2025-03-18 13:00:00,9214.616911999901,9214.616911999901,0.0,0
2025-03-18 13:15:00,9214.616911999901,9214.616911999901,0.0,0
2025-03-18 13:30:00,9214.616911999901,9214.616911999901,0.0,0
2025-03-18 13:45:00,9214.616911999901,9214.616911999901,0.0,0
2025-03-18 14:00:00,9214.616911999901,9214.616911999901,0.0,0
2025-03-18 14:15:00,9214.616911999901,9214.616911999901,0.0,0
2025-03-18 14:30:00,9214.616911999901,9214.616911999901,0.0,0
2025-03-18 14:45:00,9214.616911999901,9214.616911999901,0.0,0
2025-03-18 15:00:00,9214.616911999901,9214.616911999901,0.0,0
2025-03-19 09:30:00,9214.616911999901,9214.616911999901,0.0,0
2025-03-19 09:45:00,9214.616911999901,9214.616911999901,0.0,0
2025-03-19 10:00:00,9214.616911999901,9214.616911999901,0.0,0
2025-03-19 10:15:00,9214.616911999901,9214.616911999901,0.0,0
2025-03-19 10:30:00,9214.616911999901,9214.616911999901,0.0,0
2025-03-19 10:45:00,9214.616911999901,9214.616911999901,0.0,0
2025-03-19 11:00:00,9214.616911999901,9214.616911999901,0.0,0
2025-03-19 11:15:00,9214.616911999901,9214.616911999901,0.0,0
2025-03-19 11:30:00,9214.616911999901,9214.616911999901,0.0,0
2025-03-19 13:00:00,9214.616911999901,9214.616911999901,0.0,0
2025-03-19 13:15:00,9214.616911999901,9214.616911999901,0.0,0
2025-03-19 13:30:00,9214.616911999901,9214.616911999901,0.0,0
2025-03-19 13:45:00,9214.616911999901,9214.616911999901,0.0,0
2025-03-19 14:00:00,9214.616911999901,9214.616911999901,0.0,0
2025-03-19 14:15:00,9214.616911999901,9214.616911999901,0.0,0
2025-03-19 14:30:00,9214.616911999901,9214.616911999901,0.0,0
2025-03-19 14:45:00,9214.616911999901,9214.616911999901,0.0,0
2025-03-19 15:00:00,9214.616911999901,9214.616911999901,0.0,0
2025-03-20 09:30:00,9214.616911999901,9214.616911999901,0.0,0
2025-03-20 09:45:00,9214.616911999901,9214.616911999901,0.0,0
2025-03-20 10:00:00,9214.616911999901,9214.616911999901,0.0,0
2025-03-20 10:15:00,9214.616911999901,9214.616911999901,0.0,0
2025-03-20 10:30:00,9214.616911999901,9214.616911999901,0.0,0
2025-03-20 10:45:00,9214.616911999901,9214.616911999901,0.0,0
2025-03-20 11:00:00,9214.616911999901,9214.616911999901,0.0,0
2025-03-20 11:15:00,9214.616911999901,9214.616911999901,0.0,0
2025-03-20 11:30:00,9214.616911999901,9214.616911999901,0.0,0
2025-03-20 13:00:00,9214.616911999901,9214.616911999901,0.0,0
2025-03-20 13:15:00,9214.616911999901,9214.616911999901,0.0,0
2025-03-20 13:30:00,9214.616911999901,9214.616911999901,0.0,0
2025-03-20 13:45:00,9214.616911999901,9214.616911999901,0.0,0
2025-03-20 14:00:00,9214.616911999901,9214.616911999901,0.0,0
2025-03-20 14:15:00,9214.616911999901,9214.616911999901,0.0,0
2025-03-20 14:30:00,9214.616911999901,9214.616911999901,0.0,0
2025-03-20 14:45:00,9214.616911999901,9214.616911999901,0.0,0
2025-03-20 15:00:00,9214.616911999901,9214.616911999901,0.0,0
2025-03-21 09:30:00,9214.616911999901,9214.616911999901,0.0,0
2025-03-21 09:45:00,9214.616911999901,9214.616911999901,0.0,0
2025-03-21 10:00:00,9214.616911999901,9214.616911999901,0.0,0
2025-03-21 10:15:00,9214.616911999901,9214.616911999901,0.0,0
2025-03-21 10:30:00,9214.616911999901,9214.616911999901,0.0,0
2025-03-21 10:45:00,9214.616911999901,9214.616911999901,0.0,0
2025-03-21 11:00:00,9214.616911999901,9214.616911999901,0.0,0
2025-03-21 11:15:00,9214.616911999901,9214.616911999901,0.0,0
2025-03-21 11:30:00,9214.616911999901,9214.616911999901,0.0,0
2025-03-21 13:00:00,9214.616911999901,9214.616911999901,0.0,0
2025-03-21 13:15:00,9214.616911999901,9214.616911999901,0.0,0
2025-03-21 13:30:00,9214.616911999901,9214.616911999901,0.0,0
2025-03-21 13:45:00,9214.616911999901,9214.616911999901,0.0,0
2025-03-21 14:00:00,9214.616911999901,9214.616911999901,0.0,0
2025-03-21 14:15:00,9214.616911999901,9214.616911999901,0.0,0
2025-03-21 14:30:00,9214.616911999901,9214.616911999901,0.0,0
2025-03-21 14:45:00,9214.616911999901,9214.616911999901,0.0,0
2025-03-21 15:00:00,9214.616911999901,9214.616911999901,0.0,0
2025-03-24 09:30:00,9214.616911999901,9214.616911999901,0.0,0
2025-03-24 09:45:00,9214.616911999901,9214.616911999901,0.0,0
2025-03-24 10:00:00,9214.616911999901,9214.616911999901,0.0,0
2025-03-24 10:15:00,9214.616911999901,9214.616911999901,0.0,0
2025-03-24 10:30:00,9214.616911999901,9214.616911999901,0.0,0
2025-03-24 10:45:00,9214.616911999901,9214.616911999901,0.0,0
2025-03-24 11:00:00,9214.616911999901,9214.616911999901,0.0,0
2025-03-24 11:15:00,9214.616911999901,9214.616911999901,0.0,0
2025-03-24 11:30:00,9214.616911999901,9214.616911999901,0.0,0
2025-03-24 13:00:00,9214.616911999901,9214.616911999901,0.0,0
2025-03-24 13:15:00,9214.616911999901,9214.616911999901,0.0,0
2025-03-24 13:30:00,9214.616911999901,9214.616911999901,0.0,0
2025-03-24 13:45:00,9214.616911999901,9214.616911999901,0.0,0
2025-03-24 14:00:00,9214.616911999901,9214.616911999901,0.0,0
2025-03-24 14:15:00,9214.616911999901,9214.616911999901,0.0,0
2025-03-24 14:30:00,9214.616911999901,9214.616911999901,0.0,0
2025-03-24 14:45:00,9214.616911999901,9214.616911999901,0.0,0
2025-03-24 15:00:00,9214.616911999901,9214.616911999901,0.0,0
2025-03-25 09:30:00,9214.616911999901,9214.616911999901,0.0,0
2025-03-25 09:45:00,9214.616911999901,9214.616911999901,0.0,0
2025-03-25 10:00:00,9214.616911999901,9214.616911999901,0.0,0
2025-03-25 10:15:00,9214.616911999901,9214.616911999901,0.0,0
2025-03-25 10:30:00,9214.616911999901,9214.616911999901,0.0,0
2025-03-25 10:45:00,9214.616911999901,9214.616911999901,0.0,0
2025-03-25 11:00:00,9214.616911999901,9214.616911999901,0.0,0
2025-03-25 11:15:00,9214.616911999901,9214.616911999901,0.0,0
2025-03-25 11:30:00,9214.616911999901,9214.616911999901,0.0,0
2025-03-25 13:00:00,9214.616911999901,9214.616911999901,0.0,0
2025-03-25 13:15:00,9214.616911999901,9214.616911999901,0.0,0
2025-03-25 13:30:00,9214.616911999901,9214.616911999901,0.0,0
2025-03-25 13:45:00,9214.616911999901,9214.616911999901,0.0,0
2025-03-25 14:00:00,9214.616911999901,9214.616911999901,0.0,0
2025-03-25 14:15:00,9214.616911999901,9214.616911999901,0.0,0
2025-03-25 14:30:00,9214.616911999901,9214.616911999901,0.0,0
2025-03-25 14:45:00,9214.616911999901,9214.616911999901,0.0,0
2025-03-25 15:00:00,9214.616911999901,9214.616911999901,0.0,0
2025-03-26 09:30:00,9214.616911999901,9214.616911999901,0.0,0
2025-03-26 09:45:00,9214.616911999901,9214.616911999901,0.0,0
2025-03-26 10:00:00,9214.616911999901,9214.616911999901,0.0,0
2025-03-26 10:15:00,9214.616911999901,9214.616911999901,0.0,0
2025-03-26 10:30:00,9214.616911999901,9214.616911999901,0.0,0
2025-03-26 10:45:00,9214.616911999901,9214.616911999901,0.0,0
2025-03-26 11:00:00,9214.616911999901,9214.616911999901,0.0,0
2025-03-26 11:15:00,9214.616911999901,9214.616911999901,0.0,0
2025-03-26 11:30:00,9214.616911999901,9214.616911999901,0.0,0
2025-03-26 13:00:00,9214.616911999901,9214.616911999901,0.0,0
2025-03-26 13:15:00,9214.616911999901,9214.616911999901,0.0,0
2025-03-26 13:30:00,9214.616911999901,9214.616911999901,0.0,0
2025-03-26 13:45:00,9214.616911999901,9214.616911999901,0.0,0
2025-03-26 14:00:00,9214.616911999901,9214.616911999901,0.0,0
2025-03-26 14:15:00,9214.616911999901,9214.616911999901,0.0,0
2025-03-26 14:30:00,9214.616911999901,9214.616911999901,0.0,0
2025-03-26 14:45:00,9214.616911999901,9214.616911999901,0.0,0
2025-03-26 15:00:00,9214.616911999901,9214.616911999901,0.0,0
2025-03-27 09:30:00,9214.616911999901,9214.616911999901,0.0,0
2025-03-27 09:45:00,9214.616911999901,9214.616911999901,0.0,0
2025-03-27 10:00:00,9214.616911999901,9214.616911999901,0.0,0
2025-03-27 10:15:00,9214.616911999901,9214.616911999901,0.0,0
2025-03-27 10:30:00,9214.616911999901,9214.616911999901,0.0,0
2025-03-27 10:45:00,9214.616911999901,9214.616911999901,0.0,0
2025-03-27 11:00:00,9214.616911999901,9214.616911999901,0.0,0
2025-03-27 11:15:00,9214.616911999901,9214.616911999901,0.0,0
2025-03-27 11:30:00,9214.616911999901,9214.616911999901,0.0,0
2025-03-27 13:00:00,9214.616911999901,9214.616911999901,0.0,0
2025-03-27 13:15:00,9214.616911999901,9214.616911999901,0.0,0
2025-03-27 13:30:00,9214.616911999901,9214.616911999901,0.0,0
2025-03-27 13:45:00,9214.616911999901,9214.616911999901,0.0,0
2025-03-27 14:00:00,9214.616911999901,9214.616911999901,0.0,0
2025-03-27 14:15:00,9214.616911999901,9214.616911999901,0.0,0
2025-03-27 14:30:00,9214.616911999901,9214.616911999901,0.0,0
2025-03-27 14:45:00,9214.616911999901,9214.616911999901,0.0,0
2025-03-27 15:00:00,9214.616911999901,9214.616911999901,0.0,0
2025-03-28 09:30:00,9214.616911999901,9214.616911999901,0.0,0
2025-03-28 09:45:00,9214.616911999901,9214.616911999901,0.0,0
2025-03-28 10:00:00,9214.616911999901,9214.616911999901,0.0,0
2025-03-28 10:15:00,9214.616911999901,9214.616911999901,0.0,0
2025-03-28 10:30:00,9214.616911999901,9214.616911999901,0.0,0
2025-03-28 10:45:00,9214.616911999901,9214.616911999901,0.0,0
2025-03-28 11:00:00,9214.616911999901,9214.616911999901,0.0,0
2025-03-28 11:15:00,9214.616911999901,9214.616911999901,0.0,0
2025-03-28 11:30:00,9214.616911999901,9214.616911999901,0.0,0
2025-03-28 13:00:00,9214.616911999901,9214.616911999901,0.0,0
2025-03-28 13:15:00,9214.616911999901,9214.616911999901,0.0,0
2025-03-28 13:30:00,9214.616911999901,9214.616911999901,0.0,0
2025-03-28 13:45:00,9214.616911999901,9214.616911999901,0.0,0
2025-03-28 14:00:00,9214.616911999901,9214.616911999901,0.0,0
2025-03-28 14:15:00,9214.616911999901,9214.616911999901,0.0,0
2025-03-28 14:30:00,9214.616911999901,9214.616911999901,0.0,0
2025-03-28 14:45:00,9214.616911999901,9214.616911999901,0.0,0
2025-03-28 15:00:00,9214.616911999901,9214.616911999901,0.0,0
2025-03-31 09:30:00,9214.616911999901,9214.616911999901,0.0,0
2025-03-31 09:45:00,9214.616911999901,9214.616911999901,0.0,0
2025-03-31 10:00:00,9214.616911999901,9214.616911999901,0.0,0
2025-03-31 10:15:00,9214.616911999901,9214.616911999901,0.0,0
2025-03-31 10:30:00,9214.616911999901,9214.616911999901,0.0,0
2025-03-31 10:45:00,9214.616911999901,9214.616911999901,0.0,0
2025-03-31 11:00:00,9214.616911999901,9214.616911999901,0.0,0
2025-03-31 11:15:00,9214.616911999901,9214.616911999901,0.0,0
2025-03-31 11:30:00,9214.616911999901,9214.616911999901,0.0,0
2025-03-31 13:00:00,9214.616911999901,9214.616911999901,0.0,0
2025-03-31 13:15:00,9214.616911999901,9214.616911999901,0.0,0
2025-03-31 13:30:00,9214.616911999901,9214.616911999901,0.0,0
2025-03-31 13:45:00,9214.616911999901,9214.616911999901,0.0,0
2025-03-31 14:00:00,9214.616911999901,9214.616911999901,0.0,0
2025-03-31 14:15:00,9214.616911999901,9214.616911999901,0.0,0
2025-03-31 14:30:00,9214.616911999901,9214.616911999901,0.0,0
2025-03-31 14:45:00,9214.616911999901,9214.616911999901,0.0,0
2025-03-31 15:00:00,9214.616911999901,9214.616911999901,0.0,0
2025-04-01 09:30:00,9214.616911999901,9214.616911999901,0.0,0
2025-04-01 09:45:00,9214.616911999901,9214.616911999901,0.0,0
2025-04-01 10:00:00,9214.616911999901,9214.616911999901,0.0,0
2025-04-01 10:15:00,9214.616911999901,9214.616911999901,0.0,0
2025-04-01 10:30:00,9214.616911999901,9214.616911999901,0.0,0
2025-04-01 10:45:00,9214.616911999901,9214.616911999901,0.0,0
2025-04-01 11:00:00,9214.616911999901,9214.616911999901,0.0,0
2025-04-01 11:15:00,9214.616911999901,9214.616911999901,0.0,0
2025-04-01 11:30:00,9214.616911999901,9214.616911999901,0.0,0
2025-04-01 13:00:00,9214.616911999901,9214.616911999901,0.0,0
2025-04-01 13:15:00,9214.616911999901,9214.616911999901,0.0,0
2025-04-01 13:30:00,9214.616911999901,9214.616911999901,0.0,0
2025-04-01 13:45:00,9214.616911999901,9214.616911999901,0.0,0
2025-04-01 14:00:00,9214.616911999901,9214.616911999901,0.0,0
2025-04-01 14:15:00,9214.616911999901,9214.616911999901,0.0,0
2025-04-01 14:30:00,9214.616911999901,9214.616911999901,0.0,0
2025-04-01 14:45:00,9214.616911999901,9214.616911999901,0.0,0
2025-04-01 15:00:00,9214.616911999901,9214.616911999901,0.0,0
2025-04-02 09:30:00,9214.616911999901,9214.616911999901,0.0,0
2025-04-02 09:45:00,9214.616911999901,9214.616911999901,0.0,0
2025-04-02 10:00:00,9214.616911999901,9214.616911999901,0.0,0
2025-04-02 10:15:00,9214.616911999901,9214.616911999901,0.0,0
2025-04-02 10:30:00,9214.616911999901,9214.616911999901,0.0,0
2025-04-02 10:45:00,9214.616911999901,9214.616911999901,0.0,0
2025-04-02 11:00:00,9214.616911999901,9214.616911999901,0.0,0
2025-04-02 11:15:00,9214.616911999901,9214.616911999901,0.0,0
2025-04-02 11:30:00,9214.616911999901,9214.616911999901,0.0,0
2025-04-02 13:00:00,9214.616911999901,9214.616911999901,0.0,0
2025-04-02 13:15:00,9214.616911999901,9214.616911999901,0.0,0
2025-04-02 13:30:00,9214.616911999901,9214.616911999901,0.0,0
2025-04-02 13:45:00,9214.616911999901,9214.616911999901,0.0,0
2025-04-02 14:00:00,9214.616911999901,9214.616911999901,0.0,0
2025-04-02 14:15:00,9214.616911999901,9214.616911999901,0.0,0
2025-04-02 14:30:00,9214.616911999901,9214.616911999901,0.0,0
2025-04-02 14:45:00,9214.616911999901,9214.616911999901,0.0,0
2025-04-02 15:00:00,9214.616911999901,9214.616911999901,0.0,0
2025-04-03 09:30:00,9214.616911999901,9214.616911999901,0.0,0
2025-04-03 09:45:00,9214.616911999901,9214.616911999901,0.0,0
2025-04-03 10:00:00,9214.616911999901,9214.616911999901,0.0,0
2025-04-03 10:15:00,9214.616911999901,9214.616911999901,0.0,0
2025-04-03 10:30:00,9214.616911999901,9214.616911999901,0.0,0
2025-04-03 10:45:00,9214.616911999901,9214.616911999901,0.0,0
2025-04-03 11:00:00,9214.616911999901,9214.616911999901,0.0,0
2025-04-03 11:15:00,9214.616911999901,9214.616911999901,0.0,0
2025-04-03 11:30:00,9214.616911999901,9214.616911999901,0.0,0
2025-04-03 13:00:00,9214.616911999901,9214.616911999901,0.0,0
2025-04-03 13:15:00,9214.616911999901,9214.616911999901,0.0,0
2025-04-03 13:30:00,9214.616911999901,9214.616911999901,0.0,0
2025-04-03 13:45:00,9214.616911999901,9214.616911999901,0.0,0
2025-04-03 14:00:00,9214.616911999901,9214.616911999901,0.0,0
2025-04-03 14:15:00,9214.616911999901,9214.616911999901,0.0,0
2025-04-03 14:30:00,9214.616911999901,9214.616911999901,0.0,0
2025-04-03 14:45:00,9214.616911999901,9214.616911999901,0.0,0
2025-04-03 15:00:00,9214.616911999901,9214.616911999901,0.0,0
2025-04-07 09:30:00,9214.616911999901,9214.616911999901,0.0,0
2025-04-07 09:45:00,9214.616911999901,9214.616911999901,0.0,0
2025-04-07 10:00:00,9214.616911999901,9214.616911999901,0.0,0
2025-04-07 10:15:00,9214.616911999901,9214.616911999901,0.0,0
2025-04-07 10:30:00,9214.616911999901,9214.616911999901,0.0,0
2025-04-07 10:45:00,9214.616911999901,9214.616911999901,0.0,0
2025-04-07 11:00:00,9214.616911999901,9214.616911999901,0.0,0
2025-04-07 11:15:00,9214.616911999901,9214.616911999901,0.0,0
2025-04-07 11:30:00,9214.616911999901,9214.616911999901,0.0,0
2025-04-07 13:00:00,9214.616911999901,9214.616911999901,0.0,0
2025-04-07 13:15:00,9214.616911999901,9214.616911999901,0.0,0
2025-04-07 13:30:00,9214.616911999901,9214.616911999901,0.0,0
2025-04-07 13:45:00,9214.616911999901,9214.616911999901,0.0,0
2025-04-07 14:00:00,9214.616911999901,9214.616911999901,0.0,0
2025-04-07 14:15:00,9214.616911999901,9214.616911999901,0.0,0
2025-04-07 14:30:00,9214.616911999901,9214.616911999901,0.0,0
2025-04-07 14:45:00,9214.616911999901,9214.616911999901,0.0,0
2025-04-07 15:00:00,9214.616911999901,9214.616911999901,0.0,0
2025-04-08 09:30:00,9214.616911999901,9214.616911999901,0.0,0
2025-04-08 09:45:00,9214.616911999901,9214.616911999901,0.0,0
2025-04-08 10:00:00,9214.616911999901,9214.616911999901,0.0,0
2025-04-08 10:15:00,9214.616911999901,9214.616911999901,0.0,0
2025-04-08 10:30:00,9214.616911999901,9214.616911999901,0.0,0
2025-04-08 10:45:00,9214.616911999901,9214.616911999901,0.0,0
2025-04-08 11:00:00,9214.616911999901,9214.616911999901,0.0,0
2025-04-08 11:15:00,9214.616911999901,9214.616911999901,0.0,0
2025-04-08 11:30:00,9214.616911999901,9214.616911999901,0.0,0
2025-04-08 13:00:00,9214.616911999901,9214.616911999901,0.0,0
2025-04-08 13:15:00,9214.616911999901,9214.616911999901,0.0,0
2025-04-08 13:30:00,9214.616911999901,9214.616911999901,0.0,0
2025-04-08 13:45:00,9214.616911999901,9214.616911999901,0.0,0
2025-04-08 14:00:00,9214.616911999901,9214.616911999901,0.0,0
2025-04-08 14:15:00,9214.616911999901,9214.616911999901,0.0,0
2025-04-08 14:30:00,9214.616911999901,9214.616911999901,0.0,0
2025-04-08 14:45:00,9214.616911999901,9214.616911999901,0.0,0
2025-04-08 15:00:00,9214.616911999901,9214.616911999901,0.0,0
2025-04-09 09:30:00,9214.616911999901,9214.616911999901,0.0,0
2025-04-09 09:45:00,9214.616911999901,9214.616911999901,0.0,0
2025-04-09 10:00:00,9214.616911999901,9214.616911999901,0.0,0
2025-04-09 10:15:00,9214.616911999901,9214.616911999901,0.0,0
2025-04-09 10:30:00,9214.616911999901,9214.616911999901,0.0,0
2025-04-09 10:45:00,9214.616911999901,9214.616911999901,0.0,0
2025-04-09 11:00:00,9214.616911999901,9214.616911999901,0.0,0
2025-04-09 11:15:00,9214.616911999901,9214.616911999901,0.0,0
2025-04-09 11:30:00,9214.616911999901,9214.616911999901,0.0,0
2025-04-09 13:00:00,9214.616911999901,9214.616911999901,0.0,0
2025-04-09 13:15:00,9214.616911999901,9214.616911999901,0.0,0
2025-04-09 13:30:00,9214.616911999901,9214.616911999901,0.0,0
2025-04-09 13:45:00,9214.616911999901,9214.616911999901,0.0,0
2025-04-09 14:00:00,9214.616911999901,9214.616911999901,0.0,0
2025-04-09 14:15:00,9214.616911999901,9214.616911999901,0.0,0
2025-04-09 14:30:00,9214.616911999901,9214.616911999901,0.0,0
2025-04-09 14:45:00,9214.616911999901,9214.616911999901,0.0,0
2025-04-09 15:00:00,9214.616911999901,9214.616911999901,0.0,0
2025-04-10 09:30:00,9214.616911999901,9214.616911999901,0.0,0
2025-04-10 09:45:00,9214.616911999901,9214.616911999901,0.0,0
2025-04-10 10:00:00,9214.616911999901,9214.616911999901,0.0,0
2025-04-10 10:15:00,9214.616911999901,9214.616911999901,0.0,0
2025-04-10 10:30:00,9214.616911999901,9214.616911999901,0.0,0
2025-04-10 10:45:00,9214.616911999901,9214.616911999901,0.0,0
2025-04-10 11:00:00,9214.616911999901,9214.616911999901,0.0,0
2025-04-10 11:15:00,9214.616911999901,9214.616911999901,0.0,0
2025-04-10 11:30:00,9214.616911999901,9214.616911999901,0.0,0
2025-04-10 13:00:00,9214.616911999901,9214.616911999901,0.0,0
2025-04-10 13:15:00,9214.616911999901,9214.616911999901,0.0,0
2025-04-10 13:30:00,9214.616911999901,9214.616911999901,0.0,0
2025-04-10 13:45:00,9214.616911999901,9214.616911999901,0.0,0
2025-04-10 14:00:00,9214.616911999901,9214.616911999901,0.0,0
2025-04-10 14:15:00,9214.616911999901,9214.616911999901,0.0,0
2025-04-10 14:30:00,9214.616911999901,9214.616911999901,0.0,0
2025-04-10 14:45:00,9214.616911999901,9214.616911999901,0.0,0
2025-04-10 15:00:00,9214.616911999901,9214.616911999901,0.0,0
2025-04-11 09:30:00,9214.616911999901,9214.616911999901,0.0,0
2025-04-11 09:45:00,9214.616911999901,9214.616911999901,0.0,0
2025-04-11 10:00:00,9214.616911999901,9214.616911999901,0.0,0
2025-04-11 10:15:00,9214.616911999901,9214.616911999901,0.0,0
2025-04-11 10:30:00,9214.616911999901,9214.616911999901,0.0,0
2025-04-11 10:45:00,9214.616911999901,9214.616911999901,0.0,0
2025-04-11 11:00:00,9214.616911999901,9214.616911999901,0.0,0
2025-04-11 11:15:00,9214.616911999901,9214.616911999901,0.0,0
2025-04-11 11:30:00,9214.616911999901,9214.616911999901,0.0,0
2025-04-11 13:00:00,9214.616911999901,9214.616911999901,0.0,0
2025-04-11 13:15:00,9214.616911999901,9214.616911999901,0.0,0
2025-04-11 13:30:00,9214.616911999901,9214.616911999901,0.0,0
2025-04-11 13:45:00,9214.616911999901,9214.616911999901,0.0,0
2025-04-11 14:00:00,9214.616911999901,9214.616911999901,0.0,0
2025-04-11 14:15:00,9214.616911999901,9214.616911999901,0.0,0
2025-04-11 14:30:00,9214.616911999901,9214.616911999901,0.0,0
2025-04-11 14:45:00,9214.616911999901,9214.616911999901,0.0,0
2025-04-11 15:00:00,9214.616911999901,9214.616911999901,0.0,0
2025-04-14 09:30:00,9214.616911999901,9214.616911999901,0.0,0
2025-04-14 09:45:00,9214.616911999901,9214.616911999901,0.0,0
2025-04-14 10:00:00,9214.616911999901,9214.616911999901,0.0,0
2025-04-14 10:15:00,9214.616911999901,9214.616911999901,0.0,0
2025-04-14 10:30:00,9214.616911999901,9214.616911999901,0.0,0
2025-04-14 10:45:00,9214.616911999901,9214.616911999901,0.0,0
2025-04-14 11:00:00,9214.616911999901,9214.616911999901,0.0,0
2025-04-14 11:15:00,9214.616911999901,9214.616911999901,0.0,0
2025-04-14 11:30:00,9214.616911999901,9214.616911999901,0.0,0
2025-04-14 13:00:00,9214.616911999901,9214.616911999901,0.0,0
2025-04-14 13:15:00,9214.616911999901,9214.616911999901,0.0,0
2025-04-14 13:30:00,9214.616911999901,9214.616911999901,0.0,0
2025-04-14 13:45:00,9214.616911999901,9214.616911999901,0.0,0
2025-04-14 14:00:00,9214.616911999901,9214.616911999901,0.0,0
2025-04-14 14:15:00,9214.616911999901,9214.616911999901,0.0,0
2025-04-14 14:30:00,9214.616911999901,9214.616911999901,0.0,0
2025-04-14 14:45:00,9214.616911999901,9214.616911999901,0.0,0
2025-04-14 15:00:00,9214.616911999901,9214.616911999901,0.0,0
2025-04-15 09:30:00,9214.616911999901,9214.616911999901,0.0,0
2025-04-15 09:45:00,9214.616911999901,9214.616911999901,0.0,0
2025-04-15 10:00:00,9214.616911999901,9214.616911999901,0.0,0
2025-04-15 10:15:00,9214.616911999901,9214.616911999901,0.0,0
2025-04-15 10:30:00,9214.616911999901,9214.616911999901,0.0,0
2025-04-15 10:45:00,9214.616911999901,9214.616911999901,0.0,0
2025-04-15 11:00:00,9214.616911999901,9214.616911999901,0.0,0
2025-04-15 11:15:00,9214.616911999901,9214.616911999901,0.0,0
2025-04-15 11:30:00,9214.616911999901,9214.616911999901,0.0,0
2025-04-15 13:00:00,9214.616911999901,9214.616911999901,0.0,0
2025-04-15 13:15:00,9214.616911999901,9214.616911999901,0.0,0
2025-04-15 13:30:00,9214.616911999901,9214.616911999901,0.0,0
2025-04-15 13:45:00,9214.616911999901,9214.616911999901,0.0,0
2025-04-15 14:00:00,9214.616911999901,9214.616911999901,0.0,0
2025-04-15 14:15:00,9214.616911999901,9214.616911999901,0.0,0
2025-04-15 14:30:00,9214.616911999901,9214.616911999901,0.0,0
2025-04-15 14:45:00,9214.616911999901,9214.616911999901,0.0,0
2025-04-15 15:00:00,9214.616911999901,9214.616911999901,0.0,0
2025-04-16 09:30:00,9214.616911999901,9214.616911999901,0.0,0
2025-04-16 09:45:00,9214.616911999901,9214.616911999901,0.0,0
2025-04-16 10:00:00,9214.616911999901,9214.616911999901,0.0,0
2025-04-16 10:15:00,9214.616911999901,9214.616911999901,0.0,0
2025-04-16 10:30:00,9214.616911999901,9214.616911999901,0.0,0
2025-04-16 10:45:00,9214.616911999901,9214.616911999901,0.0,0
2025-04-16 11:00:00,9214.616911999901,9214.616911999901,0.0,0
2025-04-16 11:15:00,9214.616911999901,9214.616911999901,0.0,0
2025-04-16 11:30:00,9214.616911999901,9214.616911999901,0.0,0
2025-04-16 13:00:00,9214.616911999901,9214.616911999901,0.0,0
2025-04-16 13:15:00,9214.616911999901,9214.616911999901,0.0,0
2025-04-16 13:30:00,9214.616911999901,9214.616911999901,0.0,0
2025-04-16 13:45:00,9214.616911999901,9214.616911999901,0.0,0
2025-04-16 14:00:00,9214.616911999901,9214.616911999901,0.0,0
2025-04-16 14:15:00,9214.616911999901,9214.616911999901,0.0,0
2025-04-16 14:30:00,9214.616911999901,9214.616911999901,0.0,0
2025-04-16 14:45:00,9214.616911999901,9214.616911999901,0.0,0
2025-04-16 15:00:00,9214.616911999901,9214.616911999901,0.0,0
2025-04-17 09:30:00,9214.616911999901,9214.616911999901,0.0,0
2025-04-17 09:45:00,9214.616911999901,9214.616911999901,0.0,0
2025-04-17 10:00:00,9214.616911999901,9214.616911999901,0.0,0
2025-04-17 10:15:00,9214.616911999901,9214.616911999901,0.0,0
2025-04-17 10:30:00,9214.616911999901,9214.616911999901,0.0,0
2025-04-17 10:45:00,9214.616911999901,9214.616911999901,0.0,0
2025-04-17 11:00:00,9214.616911999901,9214.616911999901,0.0,0
2025-04-17 11:15:00,9214.616911999901,9214.616911999901,0.0,0
2025-04-17 11:30:00,9214.616911999901,9214.616911999901,0.0,0
2025-04-17 13:00:00,9214.616911999901,9214.616911999901,0.0,0
2025-04-17 13:15:00,9214.616911999901,9214.616911999901,0.0,0
2025-04-17 13:30:00,9214.616911999901,9214.616911999901,0.0,0
2025-04-17 13:45:00,9214.616911999901,9214.616911999901,0.0,0
2025-04-17 14:00:00,9214.616911999901,9214.616911999901,0.0,0
2025-04-17 14:15:00,9214.616911999901,9214.616911999901,0.0,0
2025-04-17 14:30:00,9214.616911999901,9214.616911999901,0.0,0
2025-04-17 14:45:00,9214.616911999901,9214.616911999901,0.0,0
2025-04-17 15:00:00,9214.616911999901,9214.616911999901,0.0,0
2025-04-18 09:30:00,9214.616911999901,9214.616911999901,0.0,0
2025-04-18 09:45:00,9214.616911999901,9214.616911999901,0.0,0
2025-04-18 10:00:00,9214.616911999901,9214.616911999901,0.0,0
2025-04-18 10:15:00,9214.616911999901,9214.616911999901,0.0,0
2025-04-18 10:30:00,9214.616911999901,9214.616911999901,0.0,0
2025-04-18 10:45:00,9214.616911999901,9214.616911999901,0.0,0
2025-04-18 11:00:00,9214.616911999901,9214.616911999901,0.0,0
2025-04-18 11:15:00,9214.616911999901,9214.616911999901,0.0,0
2025-04-18 11:30:00,9214.616911999901,9214.616911999901,0.0,0
2025-04-18 13:00:00,9214.616911999901,9214.616911999901,0.0,0
2025-04-18 13:15:00,9214.616911999901,9214.616911999901,0.0,0
2025-04-18 13:30:00,9214.616911999901,9214.616911999901,0.0,0
2025-04-18 13:45:00,9214.616911999901,9214.616911999901,0.0,0
2025-04-18 14:00:00,9214.616911999901,9214.616911999901,0.0,0
2025-04-18 14:15:00,9214.616911999901,9214.616911999901,0.0,0
2025-04-18 14:30:00,9214.616911999901,9214.616911999901,0.0,0
2025-04-18 14:45:00,9214.616911999901,9214.616911999901,0.0,0
2025-04-18 15:00:00,9214.616911999901,9214.616911999901,0.0,0
2025-04-21 09:30:00,9214.616911999901,9214.616911999901,0.0,0
2025-04-21 09:45:00,9214.616911999901,9214.616911999901,0.0,0
2025-04-21 10:00:00,9214.616911999901,9214.616911999901,0.0,0
2025-04-21 10:15:00,9214.616911999901,9214.616911999901,0.0,0
2025-04-21 10:30:00,9214.616911999901,9214.616911999901,0.0,0
2025-04-21 10:45:00,9214.616911999901,9214.616911999901,0.0,0
2025-04-21 11:00:00,9214.616911999901,9214.616911999901,0.0,0
2025-04-21 11:15:00,9214.616911999901,9214.616911999901,0.0,0
2025-04-21 11:30:00,9214.616911999901,9214.616911999901,0.0,0
2025-04-21 13:00:00,9214.616911999901,9214.616911999901,0.0,0
2025-04-21 13:15:00,9214.616911999901,9214.616911999901,0.0,0
2025-04-21 13:30:00,9214.616911999901,9214.616911999901,0.0,0
2025-04-21 13:45:00,9214.616911999901,9214.616911999901,0.0,0
2025-04-21 14:00:00,9214.616911999901,9214.616911999901,0.0,0
2025-04-21 14:15:00,9214.616911999901,9214.616911999901,0.0,0
2025-04-21 14:30:00,9214.616911999901,9214.616911999901,0.0,0
2025-04-21 14:45:00,9214.616911999901,9214.616911999901,0.0,0
2025-04-21 15:00:00,9214.616911999901,9214.616911999901,0.0,0
2025-04-22 09:30:00,9214.616911999901,9214.616911999901,0.0,0
2025-04-22 09:45:00,9214.616911999901,9214.616911999901,0.0,0
2025-04-22 10:00:00,9214.616911999901,9214.616911999901,0.0,0
2025-04-22 10:15:00,9214.616911999901,9214.616911999901,0.0,0
2025-04-22 10:30:00,9214.616911999901,9214.616911999901,0.0,0
2025-04-22 10:45:00,9214.616911999901,9214.616911999901,0.0,0
2025-04-22 11:00:00,9214.616911999901,9214.616911999901,0.0,0
2025-04-22 11:15:00,9214.616911999901,9214.616911999901,0.0,0
2025-04-22 11:30:00,9214.616911999901,9214.616911999901,0.0,0
2025-04-22 13:00:00,9214.616911999901,9214.616911999901,0.0,0
2025-04-22 13:15:00,9214.616911999901,9214.616911999901,0.0,0
2025-04-22 13:30:00,9214.616911999901,9214.616911999901,0.0,0
2025-04-22 13:45:00,9214.616911999901,9214.616911999901,0.0,0
2025-04-22 14:00:00,9214.616911999901,9214.616911999901,0.0,0
2025-04-22 14:15:00,9214.616911999901,9214.616911999901,0.0,0
2025-04-22 14:30:00,9214.616911999901,9214.616911999901,0.0,0
2025-04-22 14:45:00,9214.616911999901,9214.616911999901,0.0,0
2025-04-22 15:00:00,9214.616911999901,9214.616911999901,0.0,0
2025-04-23 09:30:00,9214.616911999901,9214.616911999901,0.0,0
2025-04-23 09:45:00,9214.616911999901,9214.616911999901,0.0,0
2025-04-23 10:00:00,9214.616911999901,9214.616911999901,0.0,0
2025-04-23 10:15:00,9214.616911999901,9214.616911999901,0.0,0
2025-04-23 10:30:00,9214.616911999901,9214.616911999901,0.0,0
2025-04-23 10:45:00,9214.616911999901,9214.616911999901,0.0,0
2025-04-23 11:00:00,9214.616911999901,9214.616911999901,0.0,0
2025-04-23 11:15:00,9214.616911999901,9214.616911999901,0.0,0
2025-04-23 11:30:00,9214.616911999901,9214.616911999901,0.0,0
2025-04-23 13:00:00,9214.616911999901,9214.616911999901,0.0,0
2025-04-23 13:15:00,9214.616911999901,9214.616911999901,0.0,0
2025-04-23 13:30:00,9214.616911999901,9214.616911999901,0.0,0
2025-04-23 13:45:00,9214.616911999901,9214.616911999901,0.0,0
2025-04-23 14:00:00,9214.616911999901,9214.616911999901,0.0,0
2025-04-23 14:15:00,9214.616911999901,9214.616911999901,0.0,0
2025-04-23 14:30:00,9214.616911999901,9214.616911999901,0.0,0
2025-04-23 14:45:00,9214.616911999901,9214.616911999901,0.0,0
2025-04-23 15:00:00,9214.616911999901,9214.616911999901,0.0,0
2025-04-24 09:30:00,9214.616911999901,9214.616911999901,0.0,0
2025-04-24 09:45:00,9214.616911999901,9214.616911999901,0.0,0
2025-04-24 10:00:00,9214.616911999901,9214.616911999901,0.0,0
2025-04-24 10:15:00,9214.616911999901,9214.616911999901,0.0,0
2025-04-24 10:30:00,9214.616911999901,9214.616911999901,0.0,0
2025-04-24 10:45:00,9214.616911999901,9214.616911999901,0.0,0
2025-04-24 11:00:00,9214.616911999901,9214.616911999901,0.0,0
2025-04-24 11:15:00,9214.616911999901,9214.616911999901,0.0,0
2025-04-24 11:30:00,9214.616911999901,9214.616911999901,0.0,0
2025-04-24 13:00:00,9214.616911999901,9214.616911999901,0.0,0
2025-04-24 13:15:00,9214.616911999901,9214.616911999901,0.0,0
2025-04-24 13:30:00,9214.616911999901,9214.616911999901,0.0,0
2025-04-24 13:45:00,9214.616911999901,9214.616911999901,0.0,0
2025-04-24 14:00:00,9214.616911999901,9214.616911999901,0.0,0
2025-04-24 14:15:00,9214.616911999901,9214.616911999901,0.0,0
2025-04-24 14:30:00,9214.616911999901,9214.616911999901,0.0,0
2025-04-24 14:45:00,9214.616911999901,9214.616911999901,0.0,0
2025-04-24 15:00:00,9214.616911999901,9214.616911999901,0.0,0
2025-04-25 09:30:00,9214.616911999901,9214.616911999901,0.0,0
2025-04-25 09:45:00,9214.616911999901,9214.616911999901,0.0,0
2025-04-25 10:00:00,9214.616911999901,9214.616911999901,0.0,0
2025-04-25 10:15:00,9214.616911999901,9214.616911999901,0.0,0
2025-04-25 10:30:00,9214.616911999901,9214.616911999901,0.0,0
2025-04-25 10:45:00,9214.616911999901,9214.616911999901,0.0,0
2025-04-25 11:00:00,9214.616911999901,9214.616911999901,0.0,0
2025-04-25 11:15:00,9214.616911999901,9214.616911999901,0.0,0
2025-04-25 11:30:00,9214.616911999901,9214.616911999901,0.0,0
2025-04-25 13:00:00,9214.616911999901,9214.616911999901,0.0,0
2025-04-25 13:15:00,9214.616911999901,9214.616911999901,0.0,0
2025-04-25 13:30:00,9214.616911999901,9214.616911999901,0.0,0
2025-04-25 13:45:00,9214.616911999901,9214.616911999901,0.0,0
2025-04-25 14:00:00,9214.616911999901,9214.616911999901,0.0,0
2025-04-25 14:15:00,9214.616911999901,9214.616911999901,0.0,0
2025-04-25 14:30:00,9214.616911999901,9214.616911999901,0.0,0
2025-04-25 14:45:00,9214.616911999901,9214.616911999901,0.0,0
2025-04-25 15:00:00,9214.616911999901,9214.616911999901,0.0,0
2025-04-28 09:30:00,9214.616911999901,9214.616911999901,0.0,0
2025-04-28 09:45:00,9214.616911999901,9214.616911999901,0.0,0
2025-04-28 10:00:00,9214.616911999901,9214.616911999901,0.0,0
2025-04-28 10:15:00,9214.616911999901,9214.616911999901,0.0,0
2025-04-28 10:30:00,9214.616911999901,9214.616911999901,0.0,0
2025-04-28 10:45:00,9214.616911999901,9214.616911999901,0.0,0
2025-04-28 11:00:00,9214.616911999901,9214.616911999901,0.0,0
2025-04-28 11:15:00,9214.616911999901,9214.616911999901,0.0,0
2025-04-28 11:30:00,9214.616911999901,9214.616911999901,0.0,0
2025-04-28 13:00:00,9214.616911999901,9214.616911999901,0.0,0
2025-04-28 13:15:00,9214.616911999901,9214.616911999901,0.0,0
2025-04-28 13:30:00,9214.616911999901,9214.616911999901,0.0,0
2025-04-28 13:45:00,9214.616911999901,9214.616911999901,0.0,0
2025-04-28 14:00:00,9214.616911999901,9214.616911999901,0.0,0
2025-04-28 14:15:00,9214.616911999901,9214.616911999901,0.0,0
2025-04-28 14:30:00,9214.616911999901,9214.616911999901,0.0,0
2025-04-28 14:45:00,9214.616911999901,9214.616911999901,0.0,0
2025-04-28 15:00:00,9214.616911999901,9214.616911999901,0.0,0
2025-04-29 09:30:00,9214.616911999901,9214.616911999901,0.0,0
2025-04-29 09:45:00,9214.616911999901,9214.616911999901,0.0,0
2025-04-29 10:00:00,9214.616911999901,9214.616911999901,0.0,0
2025-04-29 10:15:00,9214.616911999901,9214.616911999901,0.0,0
2025-04-29 10:30:00,9214.616911999901,9214.616911999901,0.0,0
2025-04-29 10:45:00,9214.616911999901,9214.616911999901,0.0,0
2025-04-29 11:00:00,9214.616911999901,9214.616911999901,0.0,0
2025-04-29 11:15:00,9214.616911999901,9214.616911999901,0.0,0
2025-04-29 11:30:00,9214.616911999901,9214.616911999901,0.0,0
2025-04-29 13:00:00,9214.616911999901,9214.616911999901,0.0,0
2025-04-29 13:15:00,9214.616911999901,9214.616911999901,0.0,0
2025-04-29 13:30:00,9214.616911999901,9214.616911999901,0.0,0
2025-04-29 13:45:00,9214.616911999901,9214.616911999901,0.0,0
2025-04-29 14:00:00,9214.616911999901,9214.616911999901,0.0,0
2025-04-29 14:15:00,9214.616911999901,9214.616911999901,0.0,0
2025-04-29 14:30:00,9214.616911999901,9214.616911999901,0.0,0
2025-04-29 14:45:00,9214.616911999901,9214.616911999901,0.0,0
2025-04-29 15:00:00,9214.616911999901,9214.616911999901,0.0,0
2025-04-30 09:30:00,9214.616911999901,9214.616911999901,0.0,0
2025-04-30 09:45:00,9214.616911999901,9214.616911999901,0.0,0
2025-04-30 10:00:00,9214.616911999901,9214.616911999901,0.0,0
2025-04-30 10:15:00,9214.616911999901,9214.616911999901,0.0,0
2025-04-30 10:30:00,9214.616911999901,9214.616911999901,0.0,0
2025-04-30 10:45:00,9214.616911999901,9214.616911999901,0.0,0
2025-04-30 11:00:00,9214.616911999901,9214.616911999901,0.0,0
2025-04-30 11:15:00,9214.616911999901,9214.616911999901,0.0,0
2025-04-30 11:30:00,9214.616911999901,9214.616911999901,0.0,0
2025-04-30 13:00:00,9214.616911999901,9214.616911999901,0.0,0
2025-04-30 13:15:00,9214.616911999901,9214.616911999901,0.0,0
2025-04-30 13:30:00,9214.616911999901,9214.616911999901,0.0,0
2025-04-30 13:45:00,9214.616911999901,9214.616911999901,0.0,0
2025-04-30 14:00:00,9214.616911999901,9214.616911999901,0.0,0
2025-04-30 14:15:00,9214.616911999901,9214.616911999901,0.0,0
2025-04-30 14:30:00,9214.616911999901,9214.616911999901,0.0,0
2025-04-30 14:45:00,9214.616911999901,9214.616911999901,0.0,0
2025-04-30 15:00:00,9214.616911999901,9214.616911999901,0.0,0
2025-05-06 09:30:00,9214.616911999901,9214.616911999901,0.0,0
2025-05-06 09:45:00,9214.616911999901,9214.616911999901,0.0,0
2025-05-06 10:00:00,9214.616911999901,9214.616911999901,0.0,0
2025-05-06 10:15:00,9214.616911999901,9214.616911999901,0.0,0
2025-05-06 10:30:00,9214.616911999901,9214.616911999901,0.0,0
2025-05-06 10:45:00,9214.616911999901,9214.616911999901,0.0,0
2025-05-06 11:00:00,9214.616911999901,9214.616911999901,0.0,0
2025-05-06 11:15:00,9214.616911999901,9214.616911999901,0.0,0
2025-05-06 11:30:00,9214.616911999901,9214.616911999901,0.0,0
2025-05-06 13:00:00,9214.616911999901,9214.616911999901,0.0,0
2025-05-06 13:15:00,9214.616911999901,9214.616911999901,0.0,0
2025-05-06 13:30:00,9214.616911999901,9214.616911999901,0.0,0
2025-05-06 13:45:00,9214.616911999901,9214.616911999901,0.0,0
2025-05-06 14:00:00,9214.616911999901,9214.616911999901,0.0,0
2025-05-06 14:15:00,9214.616911999901,9214.616911999901,0.0,0
2025-05-06 14:30:00,9214.616911999901,9214.616911999901,0.0,0
2025-05-06 14:45:00,9214.616911999901,9214.616911999901,0.0,0
2025-05-06 15:00:00,9214.616911999901,9214.616911999901,0.0,0
2025-05-07 09:30:00,9214.616911999901,9214.616911999901,0.0,0
2025-05-07 09:45:00,9214.616911999901,9214.616911999901,0.0,0
2025-05-07 10:00:00,9214.616911999901,9214.616911999901,0.0,0
2025-05-07 10:15:00,9214.616911999901,9214.616911999901,0.0,0
2025-05-07 10:30:00,9214.616911999901,9214.616911999901,0.0,0
2025-05-07 10:45:00,9214.616911999901,9214.616911999901,0.0,0
2025-05-07 11:00:00,9214.616911999901,9214.616911999901,0.0,0
2025-05-07 11:15:00,9214.616911999901,9214.616911999901,0.0,0
2025-05-07 11:30:00,9214.616911999901,9214.616911999901,0.0,0
2025-05-07 13:00:00,9214.616911999901,9214.616911999901,0.0,0
2025-05-07 13:15:00,9214.616911999901,9214.616911999901,0.0,0
2025-05-07 13:30:00,9214.616911999901,9214.616911999901,0.0,0
2025-05-07 13:45:00,9214.616911999901,9214.616911999901,0.0,0
2025-05-07 14:00:00,9214.616911999901,9214.616911999901,0.0,0
2025-05-07 14:15:00,9214.616911999901,9214.616911999901,0.0,0
2025-05-07 14:30:00,9214.616911999901,9214.616911999901,0.0,0
2025-05-07 14:45:00,9214.616911999901,9214.616911999901,0.0,0
2025-05-07 15:00:00,9214.616911999901,9214.616911999901,0.0,0
2025-05-08 09:30:00,9214.616911999901,9214.616911999901,0.0,0
2025-05-08 09:45:00,9214.616911999901,9214.616911999901,0.0,0
2025-05-08 10:00:00,9214.616911999901,9214.616911999901,0.0,0
2025-05-08 10:15:00,9214.616911999901,9214.616911999901,0.0,0
2025-05-08 10:30:00,9214.616911999901,9214.616911999901,0.0,0
2025-05-08 10:45:00,9214.616911999901,9214.616911999901,0.0,0
2025-05-08 11:00:00,9214.616911999901,9214.616911999901,0.0,0
2025-05-08 11:15:00,9214.616911999901,9214.616911999901,0.0,0
2025-05-08 11:30:00,9214.616911999901,9214.616911999901,0.0,0
2025-05-08 13:00:00,9214.616911999901,9214.616911999901,0.0,0
2025-05-08 13:15:00,9214.616911999901,9214.616911999901,0.0,0
2025-05-08 13:30:00,9214.616911999901,9214.616911999901,0.0,0
2025-05-08 13:45:00,9214.616911999901,9214.616911999901,0.0,0
2025-05-08 14:00:00,9214.616911999901,9214.616911999901,0.0,0
2025-05-08 14:15:00,9214.616911999901,9214.616911999901,0.0,0
2025-05-08 14:30:00,9214.616911999901,9214.616911999901,0.0,0
2025-05-08 14:45:00,9214.616911999901,9214.616911999901,0.0,0
2025-05-08 15:00:00,9214.616911999901,9214.616911999901,0.0,0
2025-05-09 09:30:00,9214.616911999901,9214.616911999901,0.0,0
2025-05-09 09:45:00,9214.616911999901,9214.616911999901,0.0,0
2025-05-09 10:00:00,9214.616911999901,9214.616911999901,0.0,0
2025-05-09 10:15:00,9214.616911999901,9214.616911999901,0.0,0
2025-05-09 10:30:00,9214.616911999901,9214.616911999901,0.0,0
2025-05-09 10:45:00,9214.616911999901,9214.616911999901,0.0,0
2025-05-09 11:00:00,9214.616911999901,9214.616911999901,0.0,0
2025-05-09 11:15:00,9214.616911999901,9214.616911999901,0.0,0
2025-05-09 11:30:00,9214.616911999901,9214.616911999901,0.0,0
2025-05-09 13:00:00,9214.616911999901,9214.616911999901,0.0,0
2025-05-09 13:15:00,9214.616911999901,9214.616911999901,0.0,0
2025-05-09 13:30:00,9214.616911999901,9214.616911999901,0.0,0
2025-05-09 13:45:00,9214.616911999901,9214.616911999901,0.0,0
2025-05-09 14:00:00,9214.616911999901,9214.616911999901,0.0,0
2025-05-09 14:15:00,9214.616911999901,9214.616911999901,0.0,0
2025-05-09 14:30:00,9214.616911999901,9214.616911999901,0.0,0
2025-05-09 14:45:00,9214.616911999901,9214.616911999901,0.0,0
2025-05-09 15:00:00,9214.616911999901,9214.616911999901,0.0,0
2025-05-12 09:30:00,9214.616911999901,9214.616911999901,0.0,0
2025-05-12 09:45:00,9214.616911999901,9214.616911999901,0.0,0
2025-05-12 10:00:00,9214.616911999901,9214.616911999901,0.0,0
2025-05-12 10:15:00,9214.616911999901,9214.616911999901,0.0,0
2025-05-12 10:30:00,9214.616911999901,9214.616911999901,0.0,0
2025-05-12 10:45:00,9214.616911999901,9214.616911999901,0.0,0
2025-05-12 11:00:00,9214.616911999901,9214.616911999901,0.0,0
2025-05-12 11:15:00,9214.616911999901,9214.616911999901,0.0,0
2025-05-12 11:30:00,9214.616911999901,9214.616911999901,0.0,0
2025-05-12 13:00:00,9214.616911999901,9214.616911999901,0.0,0
2025-05-12 13:15:00,9214.616911999901,9214.616911999901,0.0,0
2025-05-12 13:30:00,9214.616911999901,9214.616911999901,0.0,0
2025-05-12 13:45:00,9214.616911999901,9214.616911999901,0.0,0
2025-05-12 14:00:00,9214.616911999901,9214.616911999901,0.0,0
2025-05-12 14:15:00,9214.616911999901,9214.616911999901,0.0,0
2025-05-12 14:30:00,9214.616911999901,9214.616911999901,0.0,0
2025-05-12 14:45:00,9214.616911999901,9214.616911999901,0.0,0
2025-05-12 15:00:00,9214.616911999901,9214.616911999901,0.0,0
2025-05-13 09:30:00,9214.616911999901,9214.616911999901,0.0,0
2025-05-13 09:45:00,9214.616911999901,9214.616911999901,0.0,0
2025-05-13 10:00:00,9214.616911999901,9214.616911999901,0.0,0
2025-05-13 10:15:00,9214.616911999901,9214.616911999901,0.0,0
2025-05-13 10:30:00,9214.616911999901,9214.616911999901,0.0,0
2025-05-13 10:45:00,9214.616911999901,9214.616911999901,0.0,0
2025-05-13 11:00:00,9214.616911999901,9214.616911999901,0.0,0
2025-05-13 11:15:00,9214.616911999901,9214.616911999901,0.0,0
2025-05-13 11:30:00,9214.616911999901,9214.616911999901,0.0,0
2025-05-13 13:00:00,9214.616911999901,9214.616911999901,0.0,0
2025-05-13 13:15:00,9214.616911999901,9214.616911999901,0.0,0
2025-05-13 13:30:00,9214.616911999901,9214.616911999901,0.0,0
2025-05-13 13:45:00,9214.616911999901,9214.616911999901,0.0,0
2025-05-13 14:00:00,9214.616911999901,9214.616911999901,0.0,0
2025-05-13 14:15:00,9214.616911999901,9214.616911999901,0.0,0
2025-05-13 14:30:00,9214.616911999901,9214.616911999901,0.0,0
2025-05-13 14:45:00,9214.616911999901,9214.616911999901,0.0,0
2025-05-13 15:00:00,9214.616911999901,9214.616911999901,0.0,0
2025-05-14 09:30:00,9214.616911999901,9214.616911999901,0.0,0
2025-05-14 09:45:00,9214.616911999901,9214.616911999901,0.0,0
2025-05-14 10:00:00,9214.616911999901,9214.616911999901,0.0,0
2025-05-14 10:15:00,9214.616911999901,9214.616911999901,0.0,0
2025-05-14 10:30:00,9214.616911999901,9214.616911999901,0.0,0
2025-05-14 10:45:00,9214.616911999901,9214.616911999901,0.0,0
2025-05-14 11:00:00,9214.616911999901,9214.616911999901,0.0,0
2025-05-14 11:15:00,9214.616911999901,9214.616911999901,0.0,0
2025-05-14 11:30:00,9214.616911999901,9214.616911999901,0.0,0
2025-05-14 13:00:00,9214.616911999901,9214.616911999901,0.0,0
2025-05-14 13:15:00,9214.616911999901,9214.616911999901,0.0,0
2025-05-14 13:30:00,9214.616911999901,9214.616911999901,0.0,0
2025-05-14 13:45:00,9214.616911999901,9214.616911999901,0.0,0
2025-05-14 14:00:00,9214.616911999901,9214.616911999901,0.0,0
2025-05-14 14:15:00,9214.616911999901,9214.616911999901,0.0,0
2025-05-14 14:30:00,9214.616911999901,9214.616911999901,0.0,0
2025-05-14 14:45:00,9214.616911999901,9214.616911999901,0.0,0
2025-05-14 15:00:00,9214.616911999901,9214.616911999901,0.0,0
2025-05-15 09:30:00,9214.616911999901,9214.616911999901,0.0,0
2025-05-15 09:45:00,9214.616911999901,9214.616911999901,0.0,0
2025-05-15 10:00:00,9214.616911999901,9214.616911999901,0.0,0
2025-05-15 10:15:00,9214.616911999901,9214.616911999901,0.0,0
2025-05-15 10:30:00,9214.616911999901,9214.616911999901,0.0,0
2025-05-15 10:45:00,9214.616911999901,9214.616911999901,0.0,0
2025-05-15 11:00:00,9214.616911999901,9214.616911999901,0.0,0
2025-05-15 11:15:00,9214.616911999901,9214.616911999901,0.0,0
2025-05-15 11:30:00,9214.616911999901,9214.616911999901,0.0,0
2025-05-15 13:00:00,9214.616911999901,9214.616911999901,0.0,0
2025-05-15 13:15:00,9214.616911999901,9214.616911999901,0.0,0
2025-05-15 13:30:00,9214.616911999901,9214.616911999901,0.0,0
2025-05-15 13:45:00,9214.616911999901,9214.616911999901,0.0,0
2025-05-15 14:00:00,9214.616911999901,9214.616911999901,0.0,0
2025-05-15 14:15:00,9214.616911999901,9214.616911999901,0.0,0
2025-05-15 14:30:00,9214.616911999901,9214.616911999901,0.0,0
2025-05-15 14:45:00,9214.616911999901,9214.616911999901,0.0,0
2025-05-15 15:00:00,9214.616911999901,9214.616911999901,0.0,0
2025-05-16 09:30:00,9214.616911999901,9214.616911999901,0.0,0
2025-05-16 09:45:00,9214.616911999901,9214.616911999901,0.0,0
2025-05-16 10:00:00,9214.616911999901,9214.616911999901,0.0,0
2025-05-16 10:15:00,9214.616911999901,9214.616911999901,0.0,0
2025-05-16 10:30:00,9214.616911999901,9214.616911999901,0.0,0
2025-05-16 10:45:00,9214.616911999901,9214.616911999901,0.0,0
2025-05-16 11:00:00,9214.616911999901,9214.616911999901,0.0,0
2025-05-16 11:15:00,9214.616911999901,9214.616911999901,0.0,0
2025-05-16 11:30:00,9214.616911999901,9214.616911999901,0.0,0
2025-05-16 13:00:00,9214.616911999901,9214.616911999901,0.0,0
2025-05-16 13:15:00,9214.616911999901,9214.616911999901,0.0,0
2025-05-16 13:30:00,9214.616911999901,9214.616911999901,0.0,0
2025-05-16 13:45:00,9214.616911999901,9214.616911999901,0.0,0
2025-05-16 14:00:00,9214.616911999901,9214.616911999901,0.0,0
2025-05-16 14:15:00,9214.616911999901,9214.616911999901,0.0,0
2025-05-16 14:30:00,9214.616911999901,9214.616911999901,0.0,0
2025-05-16 14:45:00,9214.616911999901,9214.616911999901,0.0,0
2025-05-16 15:00:00,9214.616911999901,9214.616911999901,0.0,0
2025-05-19 09:30:00,9214.616911999901,9214.616911999901,0.0,0
2025-05-19 09:45:00,9214.616911999901,9214.616911999901,0.0,0
2025-05-19 10:00:00,9214.616911999901,9214.616911999901,0.0,0
2025-05-19 10:15:00,9214.616911999901,9214.616911999901,0.0,0
2025-05-19 10:30:00,9214.616911999901,9214.616911999901,0.0,0
2025-05-19 10:45:00,9214.616911999901,9214.616911999901,0.0,0
2025-05-19 11:00:00,9214.616911999901,9214.616911999901,0.0,0
2025-05-19 11:15:00,9214.616911999901,9214.616911999901,0.0,0
2025-05-19 11:30:00,9214.616911999901,9214.616911999901,0.0,0
2025-05-19 13:00:00,9214.616911999901,9214.616911999901,0.0,0
2025-05-19 13:15:00,9214.616911999901,9214.616911999901,0.0,0
2025-05-19 13:30:00,9214.616911999901,9214.616911999901,0.0,0
2025-05-19 13:45:00,9214.616911999901,9214.616911999901,0.0,0
2025-05-19 14:00:00,9214.616911999901,9214.616911999901,0.0,0
2025-05-19 14:15:00,9214.616911999901,9214.616911999901,0.0,0
2025-05-19 14:30:00,9214.616911999901,9214.616911999901,0.0,0
2025-05-19 14:45:00,9214.616911999901,9214.616911999901,0.0,0
2025-05-19 15:00:00,9214.616911999901,9214.616911999901,0.0,0
2025-05-20 09:30:00,9214.616911999901,9214.616911999901,0.0,0
2025-05-20 09:45:00,9214.616911999901,9214.616911999901,0.0,0
2025-05-20 10:00:00,9214.616911999901,9214.616911999901,0.0,0
2025-05-20 10:15:00,9214.616911999901,9214.616911999901,0.0,0
2025-05-20 10:30:00,9214.616911999901,9214.616911999901,0.0,0
2025-05-20 10:45:00,9214.616911999901,9214.616911999901,0.0,0
2025-05-20 11:00:00,9214.616911999901,9214.616911999901,0.0,0
2025-05-20 11:15:00,9214.616911999901,9214.616911999901,0.0,0
2025-05-20 11:30:00,9214.616911999901,9214.616911999901,0.0,0
2025-05-20 13:00:00,9214.616911999901,9214.616911999901,0.0,0
2025-05-20 13:15:00,9214.616911999901,9214.616911999901,0.0,0
2025-05-20 13:30:00,9214.616911999901,9214.616911999901,0.0,0
2025-05-20 13:45:00,9214.616911999901,9214.616911999901,0.0,0
2025-05-20 14:00:00,9214.616911999901,9214.616911999901,0.0,0
2025-05-20 14:15:00,9214.616911999901,9214.616911999901,0.0,0
2025-05-20 14:30:00,9214.616911999901,9214.616911999901,0.0,0
2025-05-20 14:45:00,9214.616911999901,9214.616911999901,0.0,0
2025-05-20 15:00:00,9214.616911999901,9214.616911999901,0.0,0
2025-05-21 09:30:00,9214.616911999901,9214.616911999901,0.0,0
2025-05-21 09:45:00,9214.616911999901,9214.616911999901,0.0,0
2025-05-21 10:00:00,9214.616911999901,9214.616911999901,0.0,0
2025-05-21 10:15:00,9214.616911999901,9214.616911999901,0.0,0
2025-05-21 10:30:00,9214.616911999901,9214.616911999901,0.0,0
2025-05-21 10:45:00,9214.616911999901,9214.616911999901,0.0,0
2025-05-21 11:00:00,9214.616911999901,9214.616911999901,0.0,0
2025-05-21 11:15:00,9214.616911999901,9214.616911999901,0.0,0
2025-05-21 11:30:00,9214.616911999901,9214.616911999901,0.0,0
2025-05-21 13:00:00,9214.616911999901,9214.616911999901,0.0,0
2025-05-21 13:15:00,9214.616911999901,9214.616911999901,0.0,0
2025-05-21 13:30:00,9214.616911999901,9214.616911999901,0.0,0
2025-05-21 13:45:00,9214.616911999901,9214.616911999901,0.0,0
2025-05-21 14:00:00,9214.616911999901,9214.616911999901,0.0,0
2025-05-21 14:15:00,9214.616911999901,9214.616911999901,0.0,0
2025-05-21 14:30:00,9214.616911999901,9214.616911999901,0.0,0
2025-05-21 14:45:00,9214.616911999901,9214.616911999901,0.0,0
2025-05-21 15:00:00,9214.616911999901,9214.616911999901,0.0,0
2025-05-22 09:30:00,9214.616911999901,9214.616911999901,0.0,0
2025-05-22 09:45:00,9214.616911999901,9214.616911999901,0.0,0
2025-05-22 10:00:00,9214.616911999901,9214.616911999901,0.0,0
2025-05-22 10:15:00,9214.616911999901,9214.616911999901,0.0,0
2025-05-22 10:30:00,9214.616911999901,9214.616911999901,0.0,0
2025-05-22 10:45:00,9214.616911999901,9214.616911999901,0.0,0
2025-05-22 11:00:00,9214.616911999901,9214.616911999901,0.0,0
2025-05-22 11:15:00,9214.616911999901,9214.616911999901,0.0,0
2025-05-22 11:30:00,9214.616911999901,9214.616911999901,0.0,0
2025-05-22 13:00:00,9214.616911999901,9214.616911999901,0.0,0
2025-05-22 13:15:00,9214.616911999901,9214.616911999901,0.0,0
2025-05-22 13:30:00,9214.616911999901,9214.616911999901,0.0,0
2025-05-22 13:45:00,9214.616911999901,9214.616911999901,0.0,0
2025-05-22 14:00:00,9214.616911999901,9214.616911999901,0.0,0
2025-05-22 14:15:00,9214.616911999901,9214.616911999901,0.0,0
2025-05-22 14:30:00,9214.616911999901,9214.616911999901,0.0,0
2025-05-22 14:45:00,9214.616911999901,9214.616911999901,0.0,0
2025-05-22 15:00:00,9214.616911999901,9214.616911999901,0.0,0
2025-05-23 09:30:00,9214.616911999901,9214.616911999901,0.0,0
2025-05-23 09:45:00,9214.616911999901,9214.616911999901,0.0,0
2025-05-23 10:00:00,9214.616911999901,9214.616911999901,0.0,0
2025-05-23 10:15:00,9214.616911999901,9214.616911999901,0.0,0
2025-05-23 10:30:00,9214.616911999901,9214.616911999901,0.0,0
2025-05-23 10:45:00,9214.616911999901,9214.616911999901,0.0,0
2025-05-23 11:00:00,9214.616911999901,9214.616911999901,0.0,0
2025-05-23 11:15:00,9214.616911999901,9214.616911999901,0.0,0
2025-05-23 11:30:00,9214.616911999901,9214.616911999901,0.0,0
2025-05-23 13:00:00,9214.616911999901,9214.616911999901,0.0,0
2025-05-23 13:15:00,9214.616911999901,9214.616911999901,0.0,0
2025-05-23 13:30:00,9214.616911999901,9214.616911999901,0.0,0
2025-05-23 13:45:00,9214.616911999901,9214.616911999901,0.0,0
2025-05-23 14:00:00,9214.616911999901,9214.616911999901,0.0,0
2025-05-23 14:15:00,9214.616911999901,9214.616911999901,0.0,0
2025-05-23 14:30:00,9214.616911999901,9214.616911999901,0.0,0
2025-05-23 14:45:00,9214.616911999901,9214.616911999901,0.0,0
2025-05-23 15:00:00,9214.616911999901,9214.616911999901,0.0,0
2025-05-26 09:30:00,9214.616911999901,9214.616911999901,0.0,0
2025-05-26 09:45:00,9214.616911999901,9214.616911999901,0.0,0
2025-05-26 10:00:00,9214.616911999901,9214.616911999901,0.0,0
2025-05-26 10:15:00,9214.616911999901,9214.616911999901,0.0,0
2025-05-26 10:30:00,9214.616911999901,9214.616911999901,0.0,0
2025-05-26 10:45:00,9214.616911999901,9214.616911999901,0.0,0
2025-05-26 11:00:00,9214.616911999901,9214.616911999901,0.0,0
2025-05-26 11:15:00,9214.616911999901,9214.616911999901,0.0,0
2025-05-26 11:30:00,9214.616911999901,9214.616911999901,0.0,0
2025-05-26 13:00:00,9214.616911999901,9214.616911999901,0.0,0
2025-05-26 13:15:00,9214.616911999901,9214.616911999901,0.0,0
2025-05-26 13:30:00,9214.616911999901,9214.616911999901,0.0,0
2025-05-26 13:45:00,9214.616911999901,9214.616911999901,0.0,0
2025-05-26 14:00:00,9214.616911999901,9214.616911999901,0.0,0
2025-05-26 14:15:00,9214.616911999901,9214.616911999901,0.0,0
2025-05-26 14:30:00,9214.616911999901,9214.616911999901,0.0,0
2025-05-26 14:45:00,9214.616911999901,9214.616911999901,0.0,0
2025-05-26 15:00:00,9214.616911999901,9214.616911999901,0.0,0
2025-05-27 09:30:00,9214.616911999901,9214.616911999901,0.0,0
2025-05-27 09:45:00,9214.616911999901,9214.616911999901,0.0,0
2025-05-27 10:00:00,9214.616911999901,9214.616911999901,0.0,0
2025-05-27 10:15:00,9214.616911999901,9214.616911999901,0.0,0
2025-05-27 10:30:00,9214.616911999901,9214.616911999901,0.0,0
2025-05-27 10:45:00,9214.616911999901,9214.616911999901,0.0,0
2025-05-27 11:00:00,9214.616911999901,9214.616911999901,0.0,0
2025-05-27 11:15:00,9214.616911999901,9214.616911999901,0.0,0
2025-05-27 11:30:00,9214.616911999901,9214.616911999901,0.0,0
2025-05-27 13:00:00,9214.616911999901,9214.616911999901,0.0,0
2025-05-27 13:15:00,9214.616911999901,9214.616911999901,0.0,0
2025-05-27 13:30:00,9214.616911999901,9214.616911999901,0.0,0
2025-05-27 13:45:00,9214.616911999901,9214.616911999901,0.0,0
2025-05-27 14:00:00,9214.616911999901,9214.616911999901,0.0,0
2025-05-27 14:15:00,9214.616911999901,9214.616911999901,0.0,0
2025-05-27 14:30:00,9214.616911999901,9214.616911999901,0.0,0
2025-05-27 14:45:00,9214.616911999901,9214.616911999901,0.0,0
2025-05-27 15:00:00,9214.616911999901,9214.616911999901,0.0,0
2025-05-28 09:30:00,9214.616911999901,9214.616911999901,0.0,0
2025-05-28 09:45:00,9214.616911999901,9214.616911999901,0.0,0
2025-05-28 10:00:00,9214.616911999901,9214.616911999901,0.0,0
2025-05-28 10:15:00,9214.616911999901,9214.616911999901,0.0,0
2025-05-28 10:30:00,9214.616911999901,9214.616911999901,0.0,0
2025-05-28 10:45:00,9214.616911999901,9214.616911999901,0.0,0
2025-05-28 11:00:00,9214.616911999901,9214.616911999901,0.0,0
2025-05-28 11:15:00,9214.616911999901,9214.616911999901,0.0,0
2025-05-28 11:30:00,9214.616911999901,9214.616911999901,0.0,0
2025-05-28 13:00:00,9214.616911999901,9214.616911999901,0.0,0
2025-05-28 13:15:00,9214.616911999901,9214.616911999901,0.0,0
2025-05-28 13:30:00,9214.616911999901,9214.616911999901,0.0,0
2025-05-28 13:45:00,9214.616911999901,9214.616911999901,0.0,0
2025-05-28 14:00:00,9214.616911999901,9214.616911999901,0.0,0
2025-05-28 14:15:00,9214.616911999901,9214.616911999901,0.0,0
2025-05-28 14:30:00,9214.616911999901,9214.616911999901,0.0,0
2025-05-28 14:45:00,9214.616911999901,9214.616911999901,0.0,0
2025-05-28 15:00:00,9214.616911999901,9214.616911999901,0.0,0
2025-05-29 09:30:00,9214.616911999901,9214.616911999901,0.0,0
2025-05-29 09:45:00,9214.616911999901,9214.616911999901,0.0,0
2025-05-29 10:00:00,9214.616911999901,9214.616911999901,0.0,0
2025-05-29 10:15:00,9214.616911999901,9214.616911999901,0.0,0
2025-05-29 10:30:00,9214.616911999901,9214.616911999901,0.0,0
2025-05-29 10:45:00,9214.616911999901,9214.616911999901,0.0,0
2025-05-29 11:00:00,9214.616911999901,9214.616911999901,0.0,0
2025-05-29 11:15:00,9214.616911999901,9214.616911999901,0.0,0
2025-05-29 11:30:00,9214.616911999901,9214.616911999901,0.0,0
2025-05-29 13:00:00,9214.616911999901,9214.616911999901,0.0,0
2025-05-29 13:15:00,9214.616911999901,9214.616911999901,0.0,0
2025-05-29 13:30:00,9214.616911999901,9214.616911999901,0.0,0
2025-05-29 13:45:00,9214.616911999901,9214.616911999901,0.0,0
2025-05-29 14:00:00,9214.616911999901,9214.616911999901,0.0,0
2025-05-29 14:15:00,9214.616911999901,9214.616911999901,0.0,0
2025-05-29 14:30:00,9214.616911999901,9214.616911999901,0.0,0
2025-05-29 14:45:00,9214.616911999901,9214.616911999901,0.0,0
2025-05-29 15:00:00,9214.616911999901,9214.616911999901,0.0,0
2025-05-30 09:30:00,9214.616911999901,9214.616911999901,0.0,0
2025-05-30 09:45:00,9214.616911999901,9214.616911999901,0.0,0
2025-05-30 10:00:00,9214.616911999901,9214.616911999901,0.0,0
2025-05-30 10:15:00,9214.616911999901,9214.616911999901,0.0,0
2025-05-30 10:30:00,9214.616911999901,9214.616911999901,0.0,0
2025-05-30 10:45:00,9214.616911999901,9214.616911999901,0.0,0
2025-05-30 11:00:00,9214.616911999901,9214.616911999901,0.0,0
2025-05-30 11:15:00,9214.616911999901,9214.616911999901,0.0,0
2025-05-30 11:30:00,9214.616911999901,9214.616911999901,0.0,0
2025-05-30 13:00:00,9214.616911999901,9214.616911999901,0.0,0
2025-05-30 13:15:00,9214.616911999901,9214.616911999901,0.0,0
2025-05-30 13:30:00,9214.616911999901,9214.616911999901,0.0,0
2025-05-30 13:45:00,9214.616911999901,9214.616911999901,0.0,0
2025-05-30 14:00:00,9214.616911999901,9214.616911999901,0.0,0
2025-05-30 14:15:00,9214.616911999901,9214.616911999901,0.0,0
2025-05-30 14:30:00,9214.616911999901,9214.616911999901,0.0,0
2025-05-30 14:45:00,9214.616911999901,9214.616911999901,0.0,0
2025-05-30 15:00:00,9214.616911999901,9214.616911999901,0.0,0
2025-06-03 09:30:00,9214.616911999901,9214.616911999901,0.0,0
2025-06-03 09:45:00,9214.616911999901,9214.616911999901,0.0,0
2025-06-03 10:00:00,9214.616911999901,9214.616911999901,0.0,0
2025-06-03 10:15:00,9214.616911999901,9214.616911999901,0.0,0
2025-06-03 10:30:00,9214.616911999901,9214.616911999901,0.0,0
2025-06-03 10:45:00,9214.616911999901,9214.616911999901,0.0,0
2025-06-03 11:00:00,9214.616911999901,9214.616911999901,0.0,0
2025-06-03 11:15:00,9214.616911999901,9214.616911999901,0.0,0
2025-06-03 11:30:00,9214.616911999901,9214.616911999901,0.0,0
2025-06-03 13:00:00,9214.616911999901,9214.616911999901,0.0,0
2025-06-03 13:15:00,9214.616911999901,9214.616911999901,0.0,0
2025-06-03 13:30:00,9214.616911999901,9214.616911999901,0.0,0
2025-06-03 13:45:00,9214.616911999901,9214.616911999901,0.0,0
2025-06-03 14:00:00,9214.616911999901,9214.616911999901,0.0,0
2025-06-03 14:15:00,9214.616911999901,9214.616911999901,0.0,0
2025-06-03 14:30:00,9214.616911999901,9214.616911999901,0.0,0
2025-06-03 14:45:00,9214.616911999901,9214.616911999901,0.0,0
2025-06-03 15:00:00,9214.616911999901,9214.616911999901,0.0,0
2025-06-04 09:30:00,9214.616911999901,9214.616911999901,0.0,0
2025-06-04 09:45:00,9214.616911999901,9214.616911999901,0.0,0
2025-06-04 10:00:00,9214.616911999901,9214.616911999901,0.0,0
2025-06-04 10:15:00,9214.616911999901,9214.616911999901,0.0,0
2025-06-04 10:30:00,9214.616911999901,9214.616911999901,0.0,0
2025-06-04 10:45:00,9214.616911999901,9214.616911999901,0.0,0
2025-06-04 11:00:00,9214.616911999901,9214.616911999901,0.0,0
2025-06-04 11:15:00,9214.616911999901,9214.616911999901,0.0,0
2025-06-04 11:30:00,9214.616911999901,9214.616911999901,0.0,0
2025-06-04 13:00:00,9214.616911999901,9214.616911999901,0.0,0
2025-06-04 13:15:00,9214.616911999901,9214.616911999901,0.0,0
2025-06-04 13:30:00,9214.616911999901,9214.616911999901,0.0,0
2025-06-04 13:45:00,9214.616911999901,9214.616911999901,0.0,0
2025-06-04 14:00:00,9214.616911999901,9214.616911999901,0.0,0
2025-06-04 14:15:00,9214.616911999901,9214.616911999901,0.0,0
2025-06-04 14:30:00,9214.616911999901,9214.616911999901,0.0,0
2025-06-04 14:45:00,9214.616911999901,9214.616911999901,0.0,0
2025-06-04 15:00:00,9214.616911999901,9214.616911999901,0.0,0
2025-06-05 09:30:00,9214.616911999901,9214.616911999901,0.0,0
2025-06-05 09:45:00,9214.616911999901,9214.616911999901,0.0,0
2025-06-05 10:00:00,9214.616911999901,9214.616911999901,0.0,0
2025-06-05 10:15:00,9214.616911999901,9214.616911999901,0.0,0
2025-06-05 10:30:00,9214.616911999901,9214.616911999901,0.0,0
2025-06-05 10:45:00,9214.616911999901,9214.616911999901,0.0,0
2025-06-05 11:00:00,9214.616911999901,9214.616911999901,0.0,0
2025-06-05 11:15:00,9214.616911999901,9214.616911999901,0.0,0
2025-06-05 11:30:00,9214.616911999901,9214.616911999901,0.0,0
2025-06-05 13:00:00,9214.616911999901,9214.616911999901,0.0,0
2025-06-05 13:15:00,9214.616911999901,9214.616911999901,0.0,0
2025-06-05 13:30:00,9214.616911999901,9214.616911999901,0.0,0
2025-06-05 13:45:00,9214.616911999901,9214.616911999901,0.0,0
2025-06-05 14:00:00,9214.616911999901,9214.616911999901,0.0,0
2025-06-05 14:15:00,9214.616911999901,9214.616911999901,0.0,0
2025-06-05 14:30:00,9214.616911999901,9214.616911999901,0.0,0
2025-06-05 14:45:00,9214.616911999901,9214.616911999901,0.0,0
2025-06-05 15:00:00,9214.616911999901,9214.616911999901,0.0,0
2025-06-06 09:30:00,9214.616911999901,9214.616911999901,0.0,0
2025-06-06 09:45:00,9214.616911999901,9214.616911999901,0.0,0
2025-06-06 10:00:00,9214.616911999901,9214.616911999901,0.0,0
2025-06-06 10:15:00,9214.616911999901,9214.616911999901,0.0,0
2025-06-06 10:30:00,9214.616911999901,9214.616911999901,0.0,0
2025-06-06 10:45:00,9214.616911999901,9214.616911999901,0.0,0
2025-06-06 11:00:00,9214.616911999901,9214.616911999901,0.0,0
2025-06-06 11:15:00,9214.616911999901,9214.616911999901,0.0,0
2025-06-06 11:30:00,9214.616911999901,9214.616911999901,0.0,0
2025-06-06 13:00:00,9214.616911999901,9214.616911999901,0.0,0
2025-06-06 13:15:00,9214.616911999901,9214.616911999901,0.0,0
2025-06-06 13:30:00,9214.616911999901,9214.616911999901,0.0,0
2025-06-06 13:45:00,9214.616911999901,9214.616911999901,0.0,0
2025-06-06 14:00:00,9214.616911999901,9214.616911999901,0.0,0
2025-06-06 14:15:00,9214.616911999901,9214.616911999901,0.0,0
2025-06-06 14:30:00,9214.616911999901,9214.616911999901,0.0,0
2025-06-06 14:45:00,9214.616911999901,9214.616911999901,0.0,0
2025-06-06 15:00:00,9214.616911999901,9214.616911999901,0.0,0
2025-06-09 09:30:00,9214.616911999901,9214.616911999901,0.0,0
2025-06-09 09:45:00,9214.616911999901,9214.616911999901,0.0,0
2025-06-09 10:00:00,9214.616911999901,9214.616911999901,0.0,0
2025-06-09 10:15:00,9214.616911999901,9214.616911999901,0.0,0
2025-06-09 10:30:00,9214.616911999901,9214.616911999901,0.0,0
2025-06-09 10:45:00,9214.616911999901,9214.616911999901,0.0,0
2025-06-09 11:00:00,9214.616911999901,9214.616911999901,0.0,0
2025-06-09 11:15:00,9214.616911999901,9214.616911999901,0.0,0
2025-06-09 11:30:00,9214.616911999901,9214.616911999901,0.0,0
2025-06-09 13:00:00,9214.616911999901,9214.616911999901,0.0,0
2025-06-09 13:15:00,9214.616911999901,9214.616911999901,0.0,0
2025-06-09 13:30:00,9214.616911999901,9214.616911999901,0.0,0
2025-06-09 13:45:00,9214.616911999901,9214.616911999901,0.0,0
2025-06-09 14:00:00,9214.616911999901,9214.616911999901,0.0,0
2025-06-09 14:15:00,9214.616911999901,9214.616911999901,0.0,0
2025-06-09 14:30:00,9214.616911999901,9214.616911999901,0.0,0
2025-06-09 14:45:00,9214.616911999901,9214.616911999901,0.0,0
2025-06-09 15:00:00,9214.616911999901,9214.616911999901,0.0,0
2025-06-10 09:30:00,9214.616911999901,9214.616911999901,0.0,0
2025-06-10 09:45:00,9214.616911999901,9214.616911999901,0.0,0
2025-06-10 10:00:00,9214.616911999901,9214.616911999901,0.0,0
2025-06-10 10:15:00,9214.616911999901,9214.616911999901,0.0,0
2025-06-10 10:30:00,9214.616911999901,9214.616911999901,0.0,0
2025-06-10 10:45:00,9214.616911999901,9214.616911999901,0.0,0
2025-06-10 11:00:00,9214.616911999901,9214.616911999901,0.0,0
2025-06-10 11:15:00,9214.616911999901,9214.616911999901,0.0,0
2025-06-10 11:30:00,9214.616911999901,9214.616911999901,0.0,0
2025-06-10 13:00:00,9214.616911999901,9214.616911999901,0.0,0
2025-06-10 13:15:00,9214.616911999901,9214.616911999901,0.0,0
2025-06-10 13:30:00,9214.616911999901,9214.616911999901,0.0,0
2025-06-10 13:45:00,9214.616911999901,9214.616911999901,0.0,0
2025-06-10 14:00:00,9214.616911999901,9214.616911999901,0.0,0
2025-06-10 14:15:00,9214.616911999901,9214.616911999901,0.0,0
2025-06-10 14:30:00,9214.616911999901,9214.616911999901,0.0,0
2025-06-10 14:45:00,9214.616911999901,9214.616911999901,0.0,0
2025-06-10 15:00:00,9214.616911999901,9214.616911999901,0.0,0
2025-06-11 09:30:00,9214.616911999901,9214.616911999901,0.0,0
2025-06-11 09:45:00,9214.616911999901,9214.616911999901,0.0,0
2025-06-11 10:00:00,9214.616911999901,9214.616911999901,0.0,0
2025-06-11 10:15:00,9214.616911999901,9214.616911999901,0.0,0
2025-06-11 10:30:00,9214.616911999901,9214.616911999901,0.0,0
2025-06-11 10:45:00,9214.616911999901,9214.616911999901,0.0,0
2025-06-11 11:00:00,9214.616911999901,9214.616911999901,0.0,0
2025-06-11 11:15:00,9214.616911999901,9214.616911999901,0.0,0
2025-06-11 11:30:00,9214.616911999901,9214.616911999901,0.0,0
2025-06-11 13:00:00,9214.616911999901,9214.616911999901,0.0,0
2025-06-11 13:15:00,9214.616911999901,9214.616911999901,0.0,0
2025-06-11 13:30:00,9214.616911999901,9214.616911999901,0.0,0
2025-06-11 13:45:00,9214.616911999901,9214.616911999901,0.0,0
2025-06-11 14:00:00,9214.616911999901,9214.616911999901,0.0,0
2025-06-11 14:15:00,9214.616911999901,9214.616911999901,0.0,0
2025-06-11 14:30:00,9214.616911999901,9214.616911999901,0.0,0
2025-06-11 14:45:00,9214.616911999901,9214.616911999901,0.0,0
2025-06-11 15:00:00,9214.616911999901,9214.616911999901,0.0,0
2025-06-12 09:30:00,9214.616911999901,9214.616911999901,0.0,0
2025-06-12 09:45:00,9214.616911999901,9214.616911999901,0.0,0
2025-06-12 10:00:00,9214.616911999901,9214.616911999901,0.0,0
2025-06-12 10:15:00,9214.616911999901,9214.616911999901,0.0,0
2025-06-12 10:30:00,9214.616911999901,9214.616911999901,0.0,0
2025-06-12 10:45:00,9214.616911999901,9214.616911999901,0.0,0
2025-06-12 11:00:00,9214.616911999901,9214.616911999901,0.0,0
2025-06-12 11:15:00,9214.616911999901,9214.616911999901,0.0,0
2025-06-12 11:30:00,9214.616911999901,9214.616911999901,0.0,0
2025-06-12 13:00:00,9214.616911999901,9214.616911999901,0.0,0
2025-06-12 13:15:00,9214.616911999901,9214.616911999901,0.0,0
2025-06-12 13:30:00,9214.616911999901,9214.616911999901,0.0,0
2025-06-12 13:45:00,9214.616911999901,9214.616911999901,0.0,0
2025-06-12 14:00:00,9214.616911999901,9214.616911999901,0.0,0
2025-06-12 14:15:00,9214.616911999901,9214.616911999901,0.0,0
2025-06-12 14:30:00,9214.616911999901,9214.616911999901,0.0,0
2025-06-12 14:45:00,9214.616911999901,9214.616911999901,0.0,0
2025-06-12 15:00:00,9214.616911999901,9214.616911999901,0.0,0
2025-06-13 09:30:00,9214.616911999901,9214.616911999901,0.0,0
2025-06-13 09:45:00,9214.616911999901,9214.616911999901,0.0,0
2025-06-13 10:00:00,9214.616911999901,9214.616911999901,0.0,0
2025-06-13 10:15:00,9214.616911999901,9214.616911999901,0.0,0
2025-06-13 10:30:00,9214.616911999901,9214.616911999901,0.0,0
2025-06-13 10:45:00,9214.616911999901,9214.616911999901,0.0,0
2025-06-13 11:00:00,9214.616911999901,9214.616911999901,0.0,0
2025-06-13 11:15:00,9214.616911999901,9214.616911999901,0.0,0
2025-06-13 11:30:00,9214.616911999901,9214.616911999901,0.0,0
2025-06-13 13:00:00,9214.616911999901,9214.616911999901,0.0,0
2025-06-13 13:15:00,9214.616911999901,9214.616911999901,0.0,0
2025-06-13 13:30:00,9214.616911999901,9214.616911999901,0.0,0
2025-06-13 13:45:00,9214.616911999901,9214.616911999901,0.0,0
2025-06-13 14:00:00,9214.616911999901,9214.616911999901,0.0,0
2025-06-13 14:15:00,9214.616911999901,9214.616911999901,0.0,0
2025-06-13 14:30:00,9214.616911999901,9214.616911999901,0.0,0
2025-06-13 14:45:00,9214.616911999901,9214.616911999901,0.0,0
2025-06-13 15:00:00,9214.616911999901,9214.616911999901,0.0,0
2025-06-16 09:30:00,9214.616911999901,9214.616911999901,0.0,0
2025-06-16 09:45:00,9214.616911999901,9214.616911999901,0.0,0
2025-06-16 10:00:00,9214.616911999901,9214.616911999901,0.0,0
2025-06-16 10:15:00,9214.616911999901,9214.616911999901,0.0,0
2025-06-16 10:30:00,9214.616911999901,9214.616911999901,0.0,0
2025-06-16 10:45:00,9214.616911999901,9214.616911999901,0.0,0
2025-06-16 11:00:00,9214.616911999901,9214.616911999901,0.0,0
2025-06-16 11:15:00,9214.616911999901,9214.616911999901,0.0,0
2025-06-16 11:30:00,9214.616911999901,9214.616911999901,0.0,0
2025-06-16 13:00:00,9214.616911999901,9214.616911999901,0.0,0
2025-06-16 13:15:00,9214.616911999901,9214.616911999901,0.0,0
2025-06-16 13:30:00,9214.616911999901,9214.616911999901,0.0,0
2025-06-16 13:45:00,9214.616911999901,9214.616911999901,0.0,0
2025-06-16 14:00:00,9214.616911999901,9214.616911999901,0.0,0
2025-06-16 14:15:00,9214.616911999901,9214.616911999901,0.0,0
2025-06-16 14:30:00,9214.616911999901,9214.616911999901,0.0,0
2025-06-16 14:45:00,9214.616911999901,9214.616911999901,0.0,0
2025-06-16 15:00:00,9214.616911999901,9214.616911999901,0.0,0
2025-06-17 09:30:00,9214.616911999901,9214.616911999901,0.0,0
2025-06-17 09:45:00,9214.616911999901,9214.616911999901,0.0,0
2025-06-17 10:00:00,9214.616911999901,9214.616911999901,0.0,0
2025-06-17 10:15:00,9214.616911999901,9214.616911999901,0.0,0
2025-06-17 10:30:00,9214.616911999901,9214.616911999901,0.0,0
2025-06-17 10:45:00,9214.616911999901,9214.616911999901,0.0,0
2025-06-17 11:00:00,9214.616911999901,9214.616911999901,0.0,0
2025-06-17 11:15:00,9214.616911999901,9214.616911999901,0.0,0
2025-06-17 11:30:00,9214.616911999901,9214.616911999901,0.0,0
2025-06-17 13:00:00,9214.616911999901,9214.616911999901,0.0,0
2025-06-17 13:15:00,9214.616911999901,9214.616911999901,0.0,0
2025-06-17 13:30:00,9214.616911999901,9214.616911999901,0.0,0
2025-06-17 13:45:00,9214.616911999901,9214.616911999901,0.0,0
2025-06-17 14:00:00,9214.616911999901,9214.616911999901,0.0,0
2025-06-17 14:15:00,9214.616911999901,9214.616911999901,0.0,0
2025-06-17 14:30:00,9214.616911999901,9214.616911999901,0.0,0
2025-06-17 14:45:00,9214.616911999901,9214.616911999901,0.0,0
2025-06-17 15:00:00,9214.616911999901,9214.616911999901,0.0,0
2025-06-18 09:30:00,9214.616911999901,9214.616911999901,0.0,0
2025-06-18 09:45:00,9214.616911999901,9214.616911999901,0.0,0
2025-06-18 10:00:00,9214.616911999901,9214.616911999901,0.0,0
2025-06-18 10:15:00,9214.616911999901,9214.616911999901,0.0,0
2025-06-18 10:30:00,9214.616911999901,9214.616911999901,0.0,0
2025-06-18 10:45:00,9214.616911999901,9214.616911999901,0.0,0
2025-06-18 11:00:00,9214.616911999901,9214.616911999901,0.0,0
2025-06-18 11:15:00,9214.616911999901,9214.616911999901,0.0,0
2025-06-18 11:30:00,9214.616911999901,9214.616911999901,0.0,0
2025-06-18 13:00:00,9214.616911999901,9214.616911999901,0.0,0
2025-06-18 13:15:00,9214.616911999901,9214.616911999901,0.0,0
2025-06-18 13:30:00,9214.616911999901,9214.616911999901,0.0,0
2025-06-18 13:45:00,9214.616911999901,9214.616911999901,0.0,0
2025-06-18 14:00:00,9214.616911999901,9214.616911999901,0.0,0
2025-06-18 14:15:00,9214.616911999901,9214.616911999901,0.0,0
2025-06-18 14:30:00,9214.616911999901,9214.616911999901,0.0,0
2025-06-18 14:45:00,9214.616911999901,9214.616911999901,0.0,0
2025-06-18 15:00:00,9214.616911999901,9214.616911999901,0.0,0
2025-06-19 09:30:00,9214.616911999901,9214.616911999901,0.0,0
2025-06-19 09:45:00,9214.616911999901,9214.616911999901,0.0,0
2025-06-19 10:00:00,9214.616911999901,9214.616911999901,0.0,0
2025-06-19 10:15:00,9214.616911999901,9214.616911999901,0.0,0
2025-06-19 10:30:00,9214.616911999901,9214.616911999901,0.0,0
2025-06-19 10:45:00,9214.616911999901,9214.616911999901,0.0,0
2025-06-19 11:00:00,9214.616911999901,9214.616911999901,0.0,0
2025-06-19 11:15:00,9214.616911999901,9214.616911999901,0.0,0
2025-06-19 11:30:00,9214.616911999901,9214.616911999901,0.0,0
2025-06-19 13:00:00,9214.616911999901,9214.616911999901,0.0,0
2025-06-19 13:15:00,9214.616911999901,9214.616911999901,0.0,0
2025-06-19 13:30:00,9214.616911999901,9214.616911999901,0.0,0
2025-06-19 13:45:00,9214.616911999901,9214.616911999901,0.0,0
2025-06-19 14:00:00,9214.616911999901,9214.616911999901,0.0,0
2025-06-19 14:15:00,9214.616911999901,9214.616911999901,0.0,0
2025-06-19 14:30:00,9214.616911999901,9214.616911999901,0.0,0
2025-06-19 14:45:00,9214.616911999901,9214.616911999901,0.0,0
2025-06-19 15:00:00,9214.616911999901,9214.616911999901,0.0,0
2025-06-20 09:30:00,9214.616911999901,9214.616911999901,0.0,0
2025-06-20 09:45:00,9214.616911999901,9214.616911999901,0.0,0
2025-06-20 10:00:00,9214.616911999901,9214.616911999901,0.0,0
2025-06-20 10:15:00,9214.616911999901,9214.616911999901,0.0,0
2025-06-20 10:30:00,9214.616911999901,9214.616911999901,0.0,0
2025-06-20 10:45:00,9214.616911999901,9214.616911999901,0.0,0
2025-06-20 11:00:00,9214.616911999901,9214.616911999901,0.0,0
2025-06-20 11:15:00,9214.616911999901,9214.616911999901,0.0,0
2025-06-20 11:30:00,9214.616911999901,9214.616911999901,0.0,0
2025-06-20 13:00:00,9214.616911999901,9214.616911999901,0.0,0
2025-06-20 13:15:00,9214.616911999901,9214.616911999901,0.0,0
2025-06-20 13:30:00,9214.616911999901,9214.616911999901,0.0,0
2025-06-20 13:45:00,9214.616911999901,9214.616911999901,0.0,0
2025-06-20 14:00:00,9214.616911999901,9214.616911999901,0.0,0
2025-06-20 14:15:00,9214.616911999901,9214.616911999901,0.0,0
2025-06-20 14:30:00,9214.616911999901,9214.616911999901,0.0,0
2025-06-20 14:45:00,9214.616911999901,9214.616911999901,0.0,0
2025-06-20 15:00:00,9214.616911999901,9214.616911999901,0.0,0
2025-06-23 09:30:00,9214.616911999901,9214.616911999901,0.0,0
2025-06-23 09:45:00,9214.616911999901,9214.616911999901,0.0,0
2025-06-23 10:00:00,9214.616911999901,9214.616911999901,0.0,0
2025-06-23 10:15:00,9214.616911999901,9214.616911999901,0.0,0
2025-06-23 10:30:00,9214.616911999901,9214.616911999901,0.0,0
2025-06-23 10:45:00,9214.616911999901,9214.616911999901,0.0,0
2025-06-23 11:00:00,9214.616911999901,9214.616911999901,0.0,0
2025-06-23 11:15:00,9214.616911999901,9214.616911999901,0.0,0
2025-06-23 11:30:00,9214.616911999901,9214.616911999901,0.0,0
2025-06-23 13:00:00,9214.616911999901,9214.616911999901,0.0,0
2025-06-23 13:15:00,9214.616911999901,9214.616911999901,0.0,0
2025-06-23 13:30:00,9214.616911999901,9214.616911999901,0.0,0
2025-06-23 13:45:00,9214.616911999901,9214.616911999901,0.0,0
2025-06-23 14:00:00,9214.616911999901,9214.616911999901,0.0,0
2025-06-23 14:15:00,9214.616911999901,9214.616911999901,0.0,0
2025-06-23 14:30:00,9214.616911999901,9214.616911999901,0.0,0
2025-06-23 14:45:00,9214.616911999901,9214.616911999901,0.0,0
2025-06-23 15:00:00,9214.616911999901,9214.616911999901,0.0,0
2025-06-24 09:30:00,9214.616911999901,9214.616911999901,0.0,0
2025-06-24 09:45:00,9214.616911999901,9214.616911999901,0.0,0
2025-06-24 10:00:00,9214.616911999901,9214.616911999901,0.0,0
2025-06-24 10:15:00,9214.616911999901,9214.616911999901,0.0,0
2025-06-24 10:30:00,9214.616911999901,9214.616911999901,0.0,0
2025-06-24 10:45:00,9214.616911999901,9214.616911999901,0.0,0
2025-06-24 11:00:00,9214.616911999901,9214.616911999901,0.0,0
2025-06-24 11:15:00,9214.616911999901,9214.616911999901,0.0,0
2025-06-24 11:30:00,9214.616911999901,9214.616911999901,0.0,0
2025-06-24 13:00:00,9214.616911999901,9214.616911999901,0.0,0
2025-06-24 13:15:00,9214.616911999901,9214.616911999901,0.0,0
2025-06-24 13:30:00,9214.616911999901,9214.616911999901,0.0,0
2025-06-24 13:45:00,9214.616911999901,9214.616911999901,0.0,0
2025-06-24 14:00:00,9214.616911999901,9214.616911999901,0.0,0
2025-06-24 14:15:00,9214.616911999901,9214.616911999901,0.0,0
2025-06-24 14:30:00,9214.616911999901,9214.616911999901,0.0,0
2025-06-24 14:45:00,9214.616911999901,9214.616911999901,0.0,0
2025-06-24 15:00:00,9214.616911999901,9214.616911999901,0.0,0
2025-06-25 09:30:00,9214.616911999901,9214.616911999901,0.0,0
2025-06-25 09:45:00,9214.616911999901,9214.616911999901,0.0,0
2025-06-25 10:00:00,9214.616911999901,9214.616911999901,0.0,0
2025-06-25 10:15:00,9214.616911999901,9214.616911999901,0.0,0
2025-06-25 10:30:00,9214.616911999901,9214.616911999901,0.0,0
2025-06-25 10:45:00,9214.616911999901,9214.616911999901,0.0,0
2025-06-25 11:00:00,9214.616911999901,9214.616911999901,0.0,0
2025-06-25 11:15:00,9214.616911999901,9214.616911999901,0.0,0
2025-06-25 11:30:00,9214.616911999901,9214.616911999901,0.0,0
2025-06-25 13:00:00,9214.616911999901,9214.616911999901,0.0,0
2025-06-25 13:15:00,9214.616911999901,9214.616911999901,0.0,0
2025-06-25 13:30:00,9214.616911999901,9214.616911999901,0.0,0
2025-06-25 13:45:00,9214.616911999901,9214.616911999901,0.0,0
2025-06-25 14:00:00,9214.616911999901,9214.616911999901,0.0,0
2025-06-25 14:15:00,9214.616911999901,9214.616911999901,0.0,0
2025-06-25 14:30:00,9214.616911999901,9214.616911999901,0.0,0
2025-06-25 14:45:00,9214.616911999901,9214.616911999901,0.0,0
2025-06-25 15:00:00,9214.616911999901,9214.616911999901,0.0,0
2025-06-26 09:30:00,9214.616911999901,9214.616911999901,0.0,0
2025-06-26 09:45:00,9214.616911999901,9214.616911999901,0.0,0
2025-06-26 10:00:00,9214.616911999901,9214.616911999901,0.0,0
2025-06-26 10:15:00,9214.616911999901,9214.616911999901,0.0,0
2025-06-26 10:30:00,9214.616911999901,9214.616911999901,0.0,0
2025-06-26 10:45:00,9214.616911999901,9214.616911999901,0.0,0
2025-06-26 11:00:00,9214.616911999901,9214.616911999901,0.0,0
2025-06-26 11:15:00,9214.616911999901,9214.616911999901,0.0,0
2025-06-26 11:30:00,9214.616911999901,9214.616911999901,0.0,0
2025-06-26 13:00:00,9214.616911999901,9214.616911999901,0.0,0
2025-06-26 13:15:00,9214.616911999901,9214.616911999901,0.0,0
2025-06-26 13:30:00,9214.616911999901,9214.616911999901,0.0,0
2025-06-26 13:45:00,9214.616911999901,9214.616911999901,0.0,0
2025-06-26 14:00:00,9214.616911999901,9214.616911999901,0.0,0
2025-06-26 14:15:00,9214.616911999901,9214.616911999901,0.0,0
2025-06-26 14:30:00,9214.616911999901,9214.616911999901,0.0,0
2025-06-26 14:45:00,9214.616911999901,9214.616911999901,0.0,0
2025-06-26 15:00:00,9214.616911999901,9214.616911999901,0.0,0
2025-06-27 09:30:00,9214.616911999901,9214.616911999901,0.0,0
2025-06-27 09:45:00,9214.616911999901,9214.616911999901,0.0,0
2025-06-27 10:00:00,9214.616911999901,9214.616911999901,0.0,0
2025-06-27 10:15:00,9214.616911999901,9214.616911999901,0.0,0
2025-06-27 10:30:00,9214.616911999901,9214.616911999901,0.0,0
2025-06-27 10:45:00,9214.616911999901,9214.616911999901,0.0,0
2025-06-27 11:00:00,9214.616911999901,9214.616911999901,0.0,0
2025-06-27 11:15:00,9214.616911999901,9214.616911999901,0.0,0
2025-06-27 11:30:00,9214.616911999901,9214.616911999901,0.0,0
2025-06-27 13:00:00,9214.616911999901,9214.616911999901,0.0,0
2025-06-27 13:15:00,9214.616911999901,9214.616911999901,0.0,0
2025-06-27 13:30:00,9214.616911999901,9214.616911999901,0.0,0
2025-06-27 13:45:00,9214.616911999901,9214.616911999901,0.0,0
2025-06-27 14:00:00,9214.616911999901,9214.616911999901,0.0,0
2025-06-27 14:15:00,9214.616911999901,9214.616911999901,0.0,0
2025-06-27 14:30:00,9214.616911999901,9214.616911999901,0.0,0
2025-06-27 14:45:00,9214.616911999901,9214.616911999901,0.0,0
2025-06-27 15:00:00,9214.616911999901,9214.616911999901,0.0,0
2025-06-30 09:30:00,9214.616911999901,9214.616911999901,0.0,0
2025-06-30 09:45:00,9214.616911999901,9214.616911999901,0.0,0
2025-06-30 10:00:00,9214.616911999901,9214.616911999901,0.0,0
2025-06-30 10:15:00,9214.616911999901,9214.616911999901,0.0,0
2025-06-30 10:30:00,9214.616911999901,9214.616911999901,0.0,0
2025-06-30 10:45:00,9214.616911999901,9214.616911999901,0.0,0
2025-06-30 11:00:00,9214.616911999901,9214.616911999901,0.0,0
2025-06-30 11:15:00,9214.616911999901,9214.616911999901,0.0,0
2025-06-30 11:30:00,9214.616911999901,9214.616911999901,0.0,0
2025-06-30 13:00:00,9214.616911999901,9214.616911999901,0.0,0
2025-06-30 13:15:00,9214.616911999901,9214.616911999901,0.0,0
2025-06-30 13:30:00,9214.616911999901,9214.616911999901,0.0,0
2025-06-30 13:45:00,9214.616911999901,9214.616911999901,0.0,0
2025-06-30 14:00:00,9214.616911999901,9214.616911999901,0.0,0
2025-06-30 14:15:00,9214.616911999901,9214.616911999901,0.0,0
2025-06-30 14:30:00,9214.616911999901,9214.616911999901,0.0,0
2025-06-30 14:45:00,9214.616911999901,9214.616911999901,0.0,0
2025-06-30 15:00:00,9214.616911999901,9214.616911999901,0.0,0
2025-07-01 09:30:00,9214.616911999901,9214.616911999901,0.0,0
2025-07-01 09:45:00,9214.616911999901,9214.616911999901,0.0,0
2025-07-01 10:00:00,9214.616911999901,9214.616911999901,0.0,0
2025-07-01 10:15:00,9214.616911999901,9214.616911999901,0.0,0
2025-07-01 10:30:00,9214.616911999901,9214.616911999901,0.0,0
2025-07-01 10:45:00,9214.616911999901,9214.616911999901,0.0,0
2025-07-01 11:00:00,9214.616911999901,9214.616911999901,0.0,0
2025-07-01 11:15:00,9214.616911999901,9214.616911999901,0.0,0
2025-07-01 11:30:00,9214.616911999901,9214.616911999901,0.0,0
2025-07-01 13:00:00,9214.616911999901,9214.616911999901,0.0,0
2025-07-01 13:15:00,9214.616911999901,9214.616911999901,0.0,0
2025-07-01 13:30:00,9214.616911999901,9214.616911999901,0.0,0
2025-07-01 13:45:00,9214.616911999901,9214.616911999901,0.0,0
2025-07-01 14:00:00,9214.616911999901,9214.616911999901,0.0,0
2025-07-01 14:15:00,9214.616911999901,9214.616911999901,0.0,0
2025-07-01 14:30:00,9214.616911999901,9214.616911999901,0.0,0
2025-07-01 14:45:00,9214.616911999901,9214.616911999901,0.0,0
2025-07-01 15:00:00,9214.616911999901,9214.616911999901,0.0,0
2025-07-02 09:30:00,9214.616911999901,9214.616911999901,0.0,0
2025-07-02 09:45:00,9214.616911999901,9214.616911999901,0.0,0
2025-07-02 10:00:00,9214.616911999901,9214.616911999901,0.0,0
2025-07-02 10:15:00,9214.616911999901,9214.616911999901,0.0,0
2025-07-02 10:30:00,9214.616911999901,9214.616911999901,0.0,0
2025-07-02 10:45:00,9214.616911999901,9214.616911999901,0.0,0
2025-07-02 11:00:00,9214.616911999901,9214.616911999901,0.0,0
2025-07-02 11:15:00,9214.616911999901,9214.616911999901,0.0,0
2025-07-02 11:30:00,9214.616911999901,9214.616911999901,0.0,0
2025-07-02 13:00:00,9214.616911999901,9214.616911999901,0.0,0
2025-07-02 13:15:00,9214.616911999901,9214.616911999901,0.0,0
2025-07-02 13:30:00,9214.616911999901,9214.616911999901,0.0,0
2025-07-02 13:45:00,9214.616911999901,9214.616911999901,0.0,0
2025-07-02 14:00:00,9214.616911999901,9214.616911999901,0.0,0
2025-07-02 14:15:00,9214.616911999901,9214.616911999901,0.0,0
2025-07-02 14:30:00,9214.616911999901,9214.616911999901,0.0,0
2025-07-02 14:45:00,9214.616911999901,9214.616911999901,0.0,0
2025-07-02 15:00:00,9214.616911999901,9214.616911999901,0.0,0
2025-07-03 09:30:00,9214.616911999901,9214.616911999901,0.0,0
2025-07-03 09:45:00,9214.616911999901,9214.616911999901,0.0,0
2025-07-03 10:00:00,9214.616911999901,9214.616911999901,0.0,0
2025-07-03 10:15:00,9214.616911999901,9214.616911999901,0.0,0
2025-07-03 10:30:00,9214.616911999901,9214.616911999901,0.0,0
2025-07-03 10:45:00,9214.616911999901,9214.616911999901,0.0,0
2025-07-03 11:00:00,9214.616911999901,9214.616911999901,0.0,0
2025-07-03 11:15:00,9214.616911999901,9214.616911999901,0.0,0
2025-07-03 11:30:00,9214.616911999901,9214.616911999901,0.0,0
2025-07-03 13:00:00,9214.616911999901,9214.616911999901,0.0,0
2025-07-03 13:15:00,9214.616911999901,9214.616911999901,0.0,0
2025-07-03 13:30:00,9214.616911999901,9214.616911999901,0.0,0
2025-07-03 13:45:00,9214.616911999901,9214.616911999901,0.0,0
2025-07-03 14:00:00,9214.616911999901,9214.616911999901,0.0,0
2025-07-03 14:15:00,9214.616911999901,9214.616911999901,0.0,0
2025-07-03 14:30:00,9214.616911999901,9214.616911999901,0.0,0
2025-07-03 14:45:00,9214.616911999901,9214.616911999901,0.0,0
2025-07-03 15:00:00,9214.616911999901,9214.616911999901,0.0,0
2025-07-04 09:30:00,9214.616911999901,9214.616911999901,0.0,0
2025-07-04 09:45:00,9214.616911999901,9214.616911999901,0.0,0
2025-07-04 10:00:00,9214.616911999901,9214.616911999901,0.0,0
2025-07-04 10:15:00,9214.616911999901,9214.616911999901,0.0,0
2025-07-04 10:30:00,9214.616911999901,9214.616911999901,0.0,0
2025-07-04 10:45:00,9214.616911999901,9214.616911999901,0.0,0
2025-07-04 11:00:00,9214.616911999901,9214.616911999901,0.0,0
2025-07-04 11:15:00,9214.616911999901,9214.616911999901,0.0,0
2025-07-04 11:30:00,9214.616911999901,9214.616911999901,0.0,0
2025-07-04 13:00:00,9214.616911999901,9214.616911999901,0.0,0
2025-07-04 13:15:00,9214.616911999901,9214.616911999901,0.0,0
2025-07-04 13:30:00,9214.616911999901,9214.616911999901,0.0,0
2025-07-04 13:45:00,9214.616911999901,9214.616911999901,0.0,0
2025-07-04 14:00:00,9214.616911999901,9214.616911999901,0.0,0
2025-07-04 14:15:00,9214.616911999901,9214.616911999901,0.0,0
2025-07-04 14:30:00,9214.616911999901,9214.616911999901,0.0,0
2025-07-04 14:45:00,9214.616911999901,9214.616911999901,0.0,0
2025-07-04 15:00:00,9214.616911999901,9214.616911999901,0.0,0
2025-07-07 09:30:00,9214.616911999901,9214.616911999901,0.0,0
2025-07-07 09:45:00,9214.616911999901,9214.616911999901,0.0,0
2025-07-07 10:00:00,9214.616911999901,9214.616911999901,0.0,0
2025-07-07 10:15:00,9214.616911999901,9214.616911999901,0.0,0
2025-07-07 10:30:00,9214.616911999901,9214.616911999901,0.0,0
2025-07-07 10:45:00,9214.616911999901,9214.616911999901,0.0,0
2025-07-07 11:00:00,9214.616911999901,9214.616911999901,0.0,0
2025-07-07 11:15:00,9214.616911999901,9214.616911999901,0.0,0
2025-07-07 11:30:00,9214.616911999901,9214.616911999901,0.0,0
2025-07-07 13:00:00,9214.616911999901,9214.616911999901,0.0,0
2025-07-07 13:15:00,9214.616911999901,9214.616911999901,0.0,0
2025-07-07 13:30:00,9214.616911999901,9214.616911999901,0.0,0
2025-07-07 13:45:00,9214.616911999901,9214.616911999901,0.0,0
2025-07-07 14:00:00,9214.616911999901,9214.616911999901,0.0,0
2025-07-07 14:15:00,9214.616911999901,9214.616911999901,0.0,0
2025-07-07 14:30:00,9214.616911999901,9214.616911999901,0.0,0
2025-07-07 14:45:00,9214.616911999901,9214.616911999901,0.0,0
2025-07-07 15:00:00,9214.616911999901,9214.616911999901,0.0,0
2025-07-08 09:30:00,9214.616911999901,9214.616911999901,0.0,0
2025-07-08 09:45:00,9214.616911999901,9214.616911999901,0.0,0
2025-07-08 10:00:00,9214.616911999901,9214.616911999901,0.0,0
2025-07-08 10:15:00,9214.616911999901,9214.616911999901,0.0,0
2025-07-08 10:30:00,9214.616911999901,9214.616911999901,0.0,0
2025-07-08 10:45:00,9214.616911999901,9214.616911999901,0.0,0
2025-07-08 11:00:00,9214.616911999901,9214.616911999901,0.0,0
2025-07-08 11:15:00,9214.616911999901,9214.616911999901,0.0,0
2025-07-08 11:30:00,9214.616911999901,9214.616911999901,0.0,0
2025-07-08 13:00:00,9214.616911999901,9214.616911999901,0.0,0
2025-07-08 13:15:00,9214.616911999901,9214.616911999901,0.0,0
2025-07-08 13:30:00,9214.616911999901,9214.616911999901,0.0,0
2025-07-08 13:45:00,9214.616911999901,9214.616911999901,0.0,0
2025-07-08 14:00:00,9214.616911999901,9214.616911999901,0.0,0
2025-07-08 14:15:00,9214.616911999901,9214.616911999901,0.0,0
2025-07-08 14:30:00,9214.616911999901,9214.616911999901,0.0,0
2025-07-08 14:45:00,9214.616911999901,9214.616911999901,0.0,0
2025-07-08 15:00:00,9214.616911999901,9214.616911999901,0.0,0
2025-07-09 09:30:00,9214.616911999901,9214.616911999901,0.0,0
2025-07-09 09:45:00,9214.616911999901,9214.616911999901,0.0,0
2025-07-09 10:00:00,9214.616911999901,9214.616911999901,0.0,0
2025-07-09 10:15:00,9214.616911999901,9214.616911999901,0.0,0
2025-07-09 10:30:00,9214.616911999901,9214.616911999901,0.0,0
2025-07-09 10:45:00,9214.616911999901,9214.616911999901,0.0,0
2025-07-09 11:00:00,9214.616911999901,9214.616911999901,0.0,0
2025-07-09 11:15:00,9214.616911999901,9214.616911999901,0.0,0
2025-07-09 11:30:00,9214.616911999901,9214.616911999901,0.0,0
2025-07-09 13:00:00,9214.616911999901,9214.616911999901,0.0,0
2025-07-09 13:15:00,9214.616911999901,9214.616911999901,0.0,0
2025-07-09 13:30:00,9214.616911999901,9214.616911999901,0.0,0
2025-07-09 13:45:00,9214.616911999901,9214.616911999901,0.0,0
2025-07-09 14:00:00,9214.616911999901,9214.616911999901,0.0,0
2025-07-09 14:15:00,9214.616911999901,9214.616911999901,0.0,0
2025-07-09 14:30:00,9214.616911999901,9214.616911999901,0.0,0
2025-07-09 14:45:00,9214.616911999901,9214.616911999901,0.0,0
2025-07-09 15:00:00,9214.616911999901,9214.616911999901,0.0,0
2025-07-10 09:30:00,9214.616911999901,9214.616911999901,0.0,0
2025-07-10 09:45:00,9214.616911999901,9214.616911999901,0.0,0
2025-07-10 10:00:00,9214.616911999901,9214.616911999901,0.0,0
2025-07-10 10:15:00,9214.616911999901,9214.616911999901,0.0,0
2025-07-10 10:30:00,9214.616911999901,9214.616911999901,0.0,0
2025-07-10 10:45:00,9214.616911999901,9214.616911999901,0.0,0
2025-07-10 11:00:00,9214.616911999901,9214.616911999901,0.0,0
2025-07-10 11:15:00,9214.616911999901,9214.616911999901,0.0,0
2025-07-10 11:30:00,9214.616911999901,9214.616911999901,0.0,0
2025-07-10 13:00:00,9214.616911999901,9214.616911999901,0.0,0
2025-07-10 13:15:00,9214.616911999901,9214.616911999901,0.0,0
2025-07-10 13:30:00,9214.616911999901,9214.616911999901,0.0,0
2025-07-10 13:45:00,9214.616911999901,9214.616911999901,0.0,0
2025-07-10 14:00:00,9214.616911999901,9214.616911999901,0.0,0
2025-07-10 14:15:00,9214.616911999901,9214.616911999901,0.0,0
2025-07-10 14:30:00,9214.616911999901,9214.616911999901,0.0,0
2025-07-10 14:45:00,9214.616911999901,9214.616911999901,0.0,0
2025-07-10 15:00:00,9214.616911999901,9214.616911999901,0.0,0
2025-07-11 09:30:00,9214.616911999901,9214.616911999901,0.0,0
2025-07-11 09:45:00,9214.616911999901,9214.616911999901,0.0,0
2025-07-11 10:00:00,9214.616911999901,9214.616911999901,0.0,0
2025-07-11 10:15:00,9214.616911999901,9214.616911999901,0.0,0
2025-07-11 10:30:00,9214.616911999901,9214.616911999901,0.0,0
2025-07-11 10:45:00,9214.616911999901,9214.616911999901,0.0,0
2025-07-11 11:00:00,9214.616911999901,9214.616911999901,0.0,0
2025-07-11 11:15:00,9214.616911999901,9214.616911999901,0.0,0
2025-07-11 11:30:00,9214.616911999901,9214.616911999901,0.0,0
2025-07-11 13:00:00,9214.616911999901,9214.616911999901,0.0,0
2025-07-11 13:15:00,9214.616911999901,9214.616911999901,0.0,0
2025-07-11 13:30:00,9214.616911999901,9214.616911999901,0.0,0
2025-07-11 13:45:00,9214.616911999901,9214.616911999901,0.0,0
2025-07-11 14:00:00,9214.616911999901,9214.616911999901,0.0,0
2025-07-11 14:15:00,9214.616911999901,9214.616911999901,0.0,0
2025-07-11 14:30:00,9214.616911999901,9214.616911999901,0.0,0
2025-07-11 14:45:00,9214.616911999901,9214.616911999901,0.0,0
2025-07-11 15:00:00,9214.616911999901,9214.616911999901,0.0,0
2025-07-14 09:30:00,9214.616911999901,9214.616911999901,0.0,0
2025-07-14 09:45:00,9214.616911999901,9214.616911999901,0.0,0
2025-07-14 10:00:00,9214.616911999901,9214.616911999901,0.0,0
2025-07-14 10:15:00,9214.616911999901,9214.616911999901,0.0,0
2025-07-14 10:30:00,9214.616911999901,9214.616911999901,0.0,0
2025-07-14 10:45:00,9214.616911999901,9214.616911999901,0.0,0
2025-07-14 11:00:00,9214.616911999901,9214.616911999901,0.0,0
2025-07-14 11:15:00,9214.616911999901,9214.616911999901,0.0,0
2025-07-14 11:30:00,9214.616911999901,9214.616911999901,0.0,0
2025-07-14 13:00:00,9214.616911999901,9214.616911999901,0.0,0
2025-07-14 13:15:00,9214.616911999901,9214.616911999901,0.0,0
2025-07-14 13:30:00,9214.616911999901,9214.616911999901,0.0,0
2025-07-14 13:45:00,9214.616911999901,9214.616911999901,0.0,0
2025-07-14 14:00:00,9214.616911999901,9214.616911999901,0.0,0
2025-07-14 14:15:00,9214.616911999901,9214.616911999901,0.0,0
2025-07-14 14:30:00,9214.616911999901,9214.616911999901,0.0,0
2025-07-14 14:45:00,9214.616911999901,9214.616911999901,0.0,0
2025-07-14 15:00:00,9214.616911999901,9214.616911999901,0.0,0
2025-07-15 09:30:00,9214.616911999901,9214.616911999901,0.0,0
2025-07-15 09:45:00,9214.616911999901,9214.616911999901,0.0,0
2025-07-15 10:00:00,9214.616911999901,9214.616911999901,0.0,0
2025-07-15 10:15:00,9214.616911999901,9214.616911999901,0.0,0
2025-07-15 10:30:00,9214.616911999901,9214.616911999901,0.0,0
2025-07-15 10:45:00,9214.616911999901,9214.616911999901,0.0,0
2025-07-15 11:00:00,9214.616911999901,9214.616911999901,0.0,0
2025-07-15 11:15:00,9214.616911999901,9214.616911999901,0.0,0
2025-07-15 11:30:00,9214.616911999901,9214.616911999901,0.0,0
2025-07-15 13:00:00,9214.616911999901,9214.616911999901,0.0,0
2025-07-15 13:15:00,9214.616911999901,9214.616911999901,0.0,0
2025-07-15 13:30:00,9214.616911999901,9214.616911999901,0.0,0
2025-07-15 13:45:00,9214.616911999901,9214.616911999901,0.0,0
2025-07-15 14:00:00,9214.616911999901,9214.616911999901,0.0,0
2025-07-15 14:15:00,9214.616911999901,9214.616911999901,0.0,0
2025-07-15 14:30:00,9214.616911999901,9214.616911999901,0.0,0
2025-07-15 14:45:00,9214.616911999901,9214.616911999901,0.0,0
2025-07-15 15:00:00,9214.616911999901,9214.616911999901,0.0,0
2025-07-16 09:30:00,9214.616911999901,9214.616911999901,0.0,0
2025-07-16 09:45:00,9214.616911999901,9214.616911999901,0.0,0
2025-07-16 10:00:00,9214.616911999901,9214.616911999901,0.0,0
2025-07-16 10:15:00,9214.616911999901,9214.616911999901,0.0,0
2025-07-16 10:30:00,9214.616911999901,9214.616911999901,0.0,0
2025-07-16 10:45:00,9214.616911999901,9214.616911999901,0.0,0
2025-07-16 11:00:00,9214.616911999901,9214.616911999901,0.0,0
2025-07-16 11:15:00,9214.616911999901,9214.616911999901,0.0,0
2025-07-16 11:30:00,9214.616911999901,9214.616911999901,0.0,0
2025-07-16 13:00:00,9214.616911999901,9214.616911999901,0.0,0
2025-07-16 13:15:00,9214.616911999901,9214.616911999901,0.0,0
2025-07-16 13:30:00,9214.616911999901,9214.616911999901,0.0,0
2025-07-16 13:45:00,9214.616911999901,9214.616911999901,0.0,0
2025-07-16 14:00:00,9214.616911999901,9214.616911999901,0.0,0
2025-07-16 14:15:00,9214.616911999901,9214.616911999901,0.0,0
2025-07-16 14:30:00,9214.616911999901,9214.616911999901,0.0,0
2025-07-16 14:45:00,9214.616911999901,9214.616911999901,0.0,0
2025-07-16 15:00:00,9214.616911999901,9214.616911999901,0.0,0
2025-07-17 09:30:00,9214.616911999901,9214.616911999901,0.0,0
2025-07-17 09:45:00,9214.616911999901,9214.616911999901,0.0,0
2025-07-17 10:00:00,9214.616911999901,9214.616911999901,0.0,0
2025-07-17 10:15:00,9214.616911999901,9214.616911999901,0.0,0
2025-07-17 10:30:00,9214.616911999901,9214.616911999901,0.0,0
2025-07-17 10:45:00,9214.616911999901,9214.616911999901,0.0,0
2025-07-17 11:00:00,9214.616911999901,9214.616911999901,0.0,0
2025-07-17 11:15:00,9214.616911999901,9214.616911999901,0.0,0
2025-07-17 11:30:00,9214.616911999901,9214.616911999901,0.0,0
2025-07-17 13:00:00,9214.616911999901,9214.616911999901,0.0,0
2025-07-17 13:15:00,9214.616911999901,9214.616911999901,0.0,0
2025-07-17 13:30:00,9214.616911999901,9214.616911999901,0.0,0
2025-07-17 13:45:00,9214.616911999901,9214.616911999901,0.0,0
2025-07-17 14:00:00,9214.616911999901,9214.616911999901,0.0,0
2025-07-17 14:15:00,9214.616911999901,9214.616911999901,0.0,0
2025-07-17 14:30:00,9214.616911999901,9214.616911999901,0.0,0
2025-07-17 14:45:00,9214.616911999901,9214.616911999901,0.0,0
2025-07-17 15:00:00,9214.616911999901,9214.616911999901,0.0,0
2025-07-18 09:30:00,9214.616911999901,9214.616911999901,0.0,0
2025-07-18 09:45:00,9214.616911999901,9214.616911999901,0.0,0
2025-07-18 10:00:00,9214.616911999901,9214.616911999901,0.0,0
2025-07-18 10:15:00,9214.616911999901,9214.616911999901,0.0,0
2025-07-18 10:30:00,9214.616911999901,9214.616911999901,0.0,0
2025-07-18 10:45:00,9214.616911999901,9214.616911999901,0.0,0
2025-07-18 11:00:00,9214.616911999901,9214.616911999901,0.0,0
2025-07-18 11:15:00,9214.616911999901,9214.616911999901,0.0,0
2025-07-18 11:30:00,9214.616911999901,9214.616911999901,0.0,0
2025-07-18 13:00:00,9214.616911999901,9214.616911999901,0.0,0
2025-07-18 13:15:00,9214.616911999901,9214.616911999901,0.0,0
2025-07-18 13:30:00,9214.616911999901,9214.616911999901,0.0,0
2025-07-18 13:45:00,9214.616911999901,9214.616911999901,0.0,0
2025-07-18 14:00:00,9214.616911999901,9214.616911999901,0.0,0
2025-07-18 14:15:00,9214.616911999901,9214.616911999901,0.0,0
2025-07-18 14:30:00,9214.616911999901,9214.616911999901,0.0,0
2025-07-18 14:45:00,9214.616911999901,9214.616911999901,0.0,0
2025-07-18 15:00:00,9214.616911999901,9214.616911999901,0.0,0
2025-07-21 09:30:00,9214.616911999901,9214.616911999901,0.0,0
2025-07-21 09:45:00,9214.616911999901,9214.616911999901,0.0,0
2025-07-21 10:00:00,9214.616911999901,9214.616911999901,0.0,0
2025-07-21 10:15:00,9214.616911999901,9214.616911999901,0.0,0
2025-07-21 10:30:00,9214.616911999901,9214.616911999901,0.0,0
2025-07-21 10:45:00,9214.616911999901,9214.616911999901,0.0,0
2025-07-21 11:00:00,9214.616911999901,9214.616911999901,0.0,0
2025-07-21 11:15:00,9214.616911999901,9214.616911999901,0.0,0
2025-07-21 11:30:00,9214.616911999901,9214.616911999901,0.0,0
2025-07-21 13:00:00,9214.616911999901,9214.616911999901,0.0,0
2025-07-21 13:15:00,9214.616911999901,9214.616911999901,0.0,0
2025-07-21 13:30:00,9214.616911999901,9214.616911999901,0.0,0
2025-07-21 13:45:00,9214.616911999901,9214.616911999901,0.0,0
2025-07-21 14:00:00,9214.616911999901,9214.616911999901,0.0,0
2025-07-21 14:15:00,9214.616911999901,9214.616911999901,0.0,0
2025-07-21 14:30:00,9214.616911999901,9214.616911999901,0.0,0
2025-07-21 14:45:00,9214.616911999901,9214.616911999901,0.0,0
2025-07-21 15:00:00,9214.616911999901,9214.616911999901,0.0,0
2025-07-22 09:30:00,9214.616911999901,9214.616911999901,0.0,0
2025-07-22 09:45:00,9214.616911999901,9214.616911999901,0.0,0
2025-07-22 10:00:00,9214.616911999901,9214.616911999901,0.0,0
2025-07-22 10:15:00,9214.616911999901,9214.616911999901,0.0,0
2025-07-22 10:30:00,9214.616911999901,9214.616911999901,0.0,0
2025-07-22 10:45:00,9214.616911999901,9214.616911999901,0.0,0
2025-07-22 11:00:00,9214.616911999901,9214.616911999901,0.0,0
2025-07-22 11:15:00,9214.616911999901,9214.616911999901,0.0,0
2025-07-22 11:30:00,9214.616911999901,9214.616911999901,0.0,0
2025-07-22 13:00:00,9214.616911999901,9214.616911999901,0.0,0
2025-07-22 13:15:00,9214.616911999901,9214.616911999901,0.0,0
2025-07-22 13:30:00,9214.616911999901,9214.616911999901,0.0,0
2025-07-22 13:45:00,9214.616911999901,9214.616911999901,0.0,0
2025-07-22 14:00:00,9214.616911999901,9214.616911999901,0.0,0
2025-07-22 14:15:00,9214.616911999901,9214.616911999901,0.0,0
2025-07-22 14:30:00,9214.616911999901,9214.616911999901,0.0,0
2025-07-22 14:45:00,9214.616911999901,9214.616911999901,0.0,0
2025-07-22 15:00:00,9214.616911999901,9214.616911999901,0.0,0
2025-07-23 09:30:00,9214.616911999901,9214.616911999901,0.0,0
2025-07-23 09:45:00,9214.616911999901,9214.616911999901,0.0,0
2025-07-23 10:00:00,9214.616911999901,9214.616911999901,0.0,0
2025-07-23 10:15:00,9214.616911999901,9214.616911999901,0.0,0
2025-07-23 10:30:00,9214.616911999901,9214.616911999901,0.0,0
2025-07-23 10:45:00,9214.616911999901,9214.616911999901,0.0,0
2025-07-23 11:00:00,9214.616911999901,9214.616911999901,0.0,0
2025-07-23 11:15:00,9214.616911999901,9214.616911999901,0.0,0
2025-07-23 11:30:00,9214.616911999901,9214.616911999901,0.0,0
2025-07-23 13:00:00,9214.616911999901,9214.616911999901,0.0,0
2025-07-23 13:15:00,9214.616911999901,9214.616911999901,0.0,0
2025-07-23 13:30:00,9214.616911999901,9214.616911999901,0.0,0
2025-07-23 13:45:00,9214.616911999901,9214.616911999901,0.0,0
2025-07-23 14:00:00,9214.616911999901,9214.616911999901,0.0,0
2025-07-23 14:15:00,9214.616911999901,9214.616911999901,0.0,0
2025-07-23 14:30:00,9214.616911999901,9214.616911999901,0.0,0
2025-07-23 14:45:00,9214.616911999901,9214.616911999901,0.0,0
2025-07-23 15:00:00,9214.616911999901,9214.616911999901,0.0,0
2025-07-24 09:30:00,9214.616911999901,9214.616911999901,0.0,0
2025-07-24 09:45:00,9214.616911999901,9214.616911999901,0.0,0
2025-07-24 10:00:00,9214.616911999901,9214.616911999901,0.0,0
2025-07-24 10:15:00,9214.616911999901,9214.616911999901,0.0,0
2025-07-24 10:30:00,9214.616911999901,9214.616911999901,0.0,0
2025-07-24 10:45:00,9214.616911999901,9214.616911999901,0.0,0
2025-07-24 11:00:00,9214.616911999901,9214.616911999901,0.0,0
2025-07-24 11:15:00,9214.616911999901,9214.616911999901,0.0,0
2025-07-24 11:30:00,9214.616911999901,9214.616911999901,0.0,0
2025-07-24 13:00:00,9214.616911999901,9214.616911999901,0.0,0
2025-07-24 13:15:00,9214.616911999901,9214.616911999901,0.0,0
2025-07-24 13:30:00,9214.616911999901,9214.616911999901,0.0,0
2025-07-24 13:45:00,9214.616911999901,9214.616911999901,0.0,0
2025-07-24 14:00:00,9214.616911999901,9214.616911999901,0.0,0
2025-07-24 14:15:00,9214.616911999901,9214.616911999901,0.0,0
2025-07-24 14:30:00,9214.616911999901,9214.616911999901,0.0,0
2025-07-24 14:45:00,9214.616911999901,9214.616911999901,0.0,0
2025-07-24 15:00:00,9214.616911999901,9214.616911999901,0.0,0
2025-07-25 09:30:00,9214.616911999901,9214.616911999901,0.0,0
2025-07-25 09:45:00,9214.616911999901,9214.616911999901,0.0,0
2025-07-25 10:00:00,9214.616911999901,9214.616911999901,0.0,0
2025-07-25 10:15:00,9214.616911999901,9214.616911999901,0.0,0
2025-07-25 10:30:00,9214.616911999901,9214.616911999901,0.0,0
2025-07-25 10:45:00,9214.616911999901,9214.616911999901,0.0,0
2025-07-25 11:00:00,9214.616911999901,9214.616911999901,0.0,0
2025-07-25 11:15:00,9214.616911999901,9214.616911999901,0.0,0
2025-07-25 11:30:00,9214.616911999901,9214.616911999901,0.0,0
2025-07-25 13:00:00,9214.616911999901,9214.616911999901,0.0,0
2025-07-25 13:15:00,9214.616911999901,9214.616911999901,0.0,0
2025-07-25 13:30:00,9214.616911999901,9214.616911999901,0.0,0
2025-07-25 13:45:00,9214.616911999901,9214.616911999901,0.0,0
2025-07-25 14:00:00,9214.616911999901,9214.616911999901,0.0,0
2025-07-25 14:15:00,9214.616911999901,9214.616911999901,0.0,0
2025-07-25 14:30:00,9214.616911999901,9214.616911999901,0.0,0
2025-07-25 14:45:00,9214.616911999901,9214.616911999901,0.0,0
2025-07-25 15:00:00,9214.616911999901,9214.616911999901,0.0,0
2025-07-28 09:30:00,9214.616911999901,9214.616911999901,0.0,0
2025-07-28 09:45:00,9214.616911999901,9214.616911999901,0.0,0
2025-07-28 10:00:00,9214.616911999901,9214.616911999901,0.0,0
2025-07-28 10:15:00,9214.616911999901,9214.616911999901,0.0,0
2025-07-28 10:30:00,9214.616911999901,9214.616911999901,0.0,0
2025-07-28 10:45:00,9214.616911999901,9214.616911999901,0.0,0
2025-07-28 11:00:00,9214.616911999901,9214.616911999901,0.0,0
2025-07-28 11:15:00,9214.616911999901,9214.616911999901,0.0,0
2025-07-28 11:30:00,9214.616911999901,9214.616911999901,0.0,0
2025-07-28 13:00:00,9214.616911999901,9214.616911999901,0.0,0
2025-07-28 13:15:00,9214.616911999901,9214.616911999901,0.0,0
2025-07-28 13:30:00,9214.616911999901,9214.616911999901,0.0,0
2025-07-28 13:45:00,9214.616911999901,9214.616911999901,0.0,0
2025-07-28 14:00:00,9214.616911999901,9214.616911999901,0.0,0
2025-07-28 14:15:00,9214.616911999901,9214.616911999901,0.0,0
2025-07-28 14:30:00,9214.616911999901,9214.616911999901,0.0,0
2025-07-28 14:45:00,9214.616911999901,9214.616911999901,0.0,0
2025-07-28 15:00:00,9214.616911999901,9214.616911999901,0.0,0
2025-07-29 09:30:00,9214.616911999901,9214.616911999901,0.0,0
2025-07-29 09:45:00,9214.616911999901,9214.616911999901,0.0,0
2025-07-29 10:00:00,9214.616911999901,9214.616911999901,0.0,0
2025-07-29 10:15:00,9214.616911999901,9214.616911999901,0.0,0
2025-07-29 10:30:00,9214.616911999901,9214.616911999901,0.0,0
2025-07-29 10:45:00,9214.616911999901,9214.616911999901,0.0,0
2025-07-29 11:00:00,9214.616911999901,9214.616911999901,0.0,0
2025-07-29 11:15:00,9214.616911999901,9214.616911999901,0.0,0
2025-07-29 11:30:00,9214.616911999901,9214.616911999901,0.0,0
2025-07-29 13:00:00,9214.616911999901,9214.616911999901,0.0,0
2025-07-29 13:15:00,9214.616911999901,9214.616911999901,0.0,0
2025-07-29 13:30:00,9214.616911999901,9214.616911999901,0.0,0
2025-07-29 13:45:00,9214.616911999901,9214.616911999901,0.0,0
2025-07-29 14:00:00,9214.616911999901,9214.616911999901,0.0,0
2025-07-29 14:15:00,9214.616911999901,9214.616911999901,0.0,0
2025-07-29 14:30:00,9214.616911999901,9214.616911999901,0.0,0
2025-07-29 14:45:00,9214.616911999901,9214.616911999901,0.0,0
2025-07-29 15:00:00,9214.616911999901,9214.616911999901,0.0,0
2025-07-30 09:30:00,9214.616911999901,9214.616911999901,0.0,0
2025-07-30 09:45:00,9214.616911999901,9214.616911999901,0.0,0
2025-07-30 10:00:00,9214.616911999901,9214.616911999901,0.0,0
2025-07-30 10:15:00,9214.616911999901,9214.616911999901,0.0,0
2025-07-30 10:30:00,9214.616911999901,9214.616911999901,0.0,0
2025-07-30 10:45:00,9214.616911999901,9214.616911999901,0.0,0
2025-07-30 11:00:00,9214.616911999901,9214.616911999901,0.0,0
2025-07-30 11:15:00,9214.616911999901,9214.616911999901,0.0,0
2025-07-30 11:30:00,9214.616911999901,9214.616911999901,0.0,0
2025-07-30 13:00:00,9214.616911999901,9214.616911999901,0.0,0
2025-07-30 13:15:00,9214.616911999901,9214.616911999901,0.0,0
2025-07-30 13:30:00,9214.616911999901,9214.616911999901,0.0,0
2025-07-30 13:45:00,9214.616911999901,9214.616911999901,0.0,0
2025-07-30 14:00:00,9214.616911999901,9214.616911999901,0.0,0
2025-07-30 14:15:00,9214.616911999901,9214.616911999901,0.0,0
2025-07-30 14:30:00,9214.616911999901,9214.616911999901,0.0,0
2025-07-30 14:45:00,9214.616911999901,9214.616911999901,0.0,0
2025-07-30 15:00:00,9214.616911999901,9214.616911999901,0.0,0
2025-07-31 09:30:00,9214.616911999901,9214.616911999901,0.0,0
2025-07-31 09:45:00,9214.616911999901,9214.616911999901,0.0,0
2025-07-31 10:00:00,9214.616911999901,9214.616911999901,0.0,0
2025-07-31 10:15:00,9214.616911999901,9214.616911999901,0.0,0
2025-07-31 10:30:00,9214.616911999901,9214.616911999901,0.0,0
2025-07-31 10:45:00,9214.616911999901,9214.616911999901,0.0,0
2025-07-31 11:00:00,9214.616911999901,9214.616911999901,0.0,0
2025-07-31 11:15:00,9214.616911999901,9214.616911999901,0.0,0
2025-07-31 11:30:00,9214.616911999901,9214.616911999901,0.0,0
2025-07-31 13:00:00,9214.616911999901,9214.616911999901,0.0,0
2025-07-31 13:15:00,9214.616911999901,9214.616911999901,0.0,0
2025-07-31 13:30:00,9214.616911999901,9214.616911999901,0.0,0
2025-07-31 13:45:00,9214.616911999901,9214.616911999901,0.0,0
2025-07-31 14:00:00,9214.616911999901,9214.616911999901,0.0,0
2025-07-31 14:15:00,9214.616911999901,9214.616911999901,0.0,0
2025-07-31 14:30:00,9214.616911999901,9214.616911999901,0.0,0
2025-07-31 14:45:00,9214.616911999901,9214.616911999901,0.0,0
2025-07-31 15:00:00,9214.616911999901,9214.616911999901,0.0,0
2025-08-01 09:30:00,9214.616911999901,9214.616911999901,0.0,0
2025-08-01 09:45:00,9214.616911999901,9214.616911999901,0.0,0
2025-08-01 10:00:00,9214.616911999901,9214.616911999901,0.0,0
2025-08-01 10:15:00,9214.616911999901,9214.616911999901,0.0,0
2025-08-01 10:30:00,9214.616911999901,9214.616911999901,0.0,0
2025-08-01 10:45:00,9214.616911999901,9214.616911999901,0.0,0
2025-08-01 11:00:00,9214.616911999901,9214.616911999901,0.0,0
2025-08-01 11:15:00,9214.616911999901,9214.616911999901,0.0,0
2025-08-01 11:30:00,9214.616911999901,9214.616911999901,0.0,0
2025-08-01 13:00:00,9214.616911999901,9214.616911999901,0.0,0
2025-08-01 13:15:00,9214.616911999901,9214.616911999901,0.0,0
2025-08-01 13:30:00,9214.616911999901,9214.616911999901,0.0,0
2025-08-01 13:45:00,9214.616911999901,9214.616911999901,0.0,0
2025-08-01 14:00:00,9214.616911999901,9214.616911999901,0.0,0
2025-08-01 14:15:00,9214.616911999901,9214.616911999901,0.0,0
2025-08-01 14:30:00,9214.616911999901,9214.616911999901,0.0,0
2025-08-01 14:45:00,9214.616911999901,9214.616911999901,0.0,0
2025-08-01 15:00:00,9214.616911999901,9214.616911999901,0.0,0
2025-08-04 09:30:00,9214.616911999901,9214.616911999901,0.0,0
2025-08-04 09:45:00,9214.616911999901,9214.616911999901,0.0,0
2025-08-04 10:00:00,9214.616911999901,9214.616911999901,0.0,0
2025-08-04 10:15:00,9214.616911999901,9214.616911999901,0.0,0
2025-08-04 10:30:00,9214.616911999901,9214.616911999901,0.0,0
2025-08-04 10:45:00,9214.616911999901,9214.616911999901,0.0,0
2025-08-04 11:00:00,9214.616911999901,9214.616911999901,0.0,0
2025-08-04 11:15:00,9214.616911999901,9214.616911999901,0.0,0
2025-08-04 11:30:00,9214.616911999901,9214.616911999901,0.0,0
2025-08-04 13:00:00,9214.616911999901,9214.616911999901,0.0,0
2025-08-04 13:15:00,9214.616911999901,9214.616911999901,0.0,0
2025-08-04 13:30:00,9214.616911999901,9214.616911999901,0.0,0
2025-08-04 13:45:00,9214.616911999901,9214.616911999901,0.0,0
2025-08-04 14:00:00,9214.616911999901,9214.616911999901,0.0,0
2025-08-04 14:15:00,9214.616911999901,9214.616911999901,0.0,0
2025-08-04 14:30:00,9214.616911999901,9214.616911999901,0.0,0
2025-08-04 14:45:00,9214.616911999901,9214.616911999901,0.0,0
2025-08-04 15:00:00,9214.616911999901,9214.616911999901,0.0,0
2025-08-05 09:30:00,9214.616911999901,9214.616911999901,0.0,0
2025-08-05 09:45:00,9214.616911999901,9214.616911999901,0.0,0
2025-08-05 10:00:00,9214.616911999901,9214.616911999901,0.0,0
2025-08-05 10:15:00,9214.616911999901,9214.616911999901,0.0,0
2025-08-05 10:30:00,9214.616911999901,9214.616911999901,0.0,0
2025-08-05 10:45:00,9214.616911999901,9214.616911999901,0.0,0
2025-08-05 11:00:00,9214.616911999901,9214.616911999901,0.0,0
2025-08-05 11:15:00,9214.616911999901,9214.616911999901,0.0,0
2025-08-05 11:30:00,9214.616911999901,9214.616911999901,0.0,0
2025-08-05 13:00:00,9214.616911999901,9214.616911999901,0.0,0
2025-08-05 13:15:00,9214.616911999901,9214.616911999901,0.0,0
2025-08-05 13:30:00,9214.616911999901,9214.616911999901,0.0,0
2025-08-05 13:45:00,9214.616911999901,9214.616911999901,0.0,0
2025-08-05 14:00:00,9214.616911999901,9214.616911999901,0.0,0
2025-08-05 14:15:00,9214.616911999901,9214.616911999901,0.0,0
2025-08-05 14:30:00,9214.616911999901,9214.616911999901,0.0,0
2025-08-05 14:45:00,9214.616911999901,9214.616911999901,0.0,0
2025-08-05 15:00:00,9214.616911999901,9214.616911999901,0.0,0
2025-08-06 09:30:00,9214.616911999901,9214.616911999901,0.0,0
2025-08-06 09:45:00,9214.616911999901,9214.616911999901,0.0,0
2025-08-06 10:00:00,9214.616911999901,9214.616911999901,0.0,0
2025-08-06 10:15:00,9214.616911999901,9214.616911999901,0.0,0
2025-08-06 10:30:00,9214.616911999901,9214.616911999901,0.0,0
2025-08-06 10:45:00,9214.616911999901,9214.616911999901,0.0,0
2025-08-06 11:00:00,9214.616911999901,9214.616911999901,0.0,0
2025-08-06 11:15:00,9214.616911999901,9214.616911999901,0.0,0
2025-08-06 11:30:00,9214.616911999901,9214.616911999901,0.0,0
2025-08-06 13:00:00,9214.616911999901,9214.616911999901,0.0,0
2025-08-06 13:15:00,9214.616911999901,9214.616911999901,0.0,0
2025-08-06 13:30:00,9214.616911999901,9214.616911999901,0.0,0
2025-08-06 13:45:00,9214.616911999901,9214.616911999901,0.0,0
2025-08-06 14:00:00,9214.616911999901,9214.616911999901,0.0,0
2025-08-06 14:15:00,9214.616911999901,9214.616911999901,0.0,0
2025-08-06 14:30:00,9214.616911999901,9214.616911999901,0.0,0
2025-08-06 14:45:00,9214.616911999901,9214.616911999901,0.0,0
2025-08-06 15:00:00,9214.616911999901,9214.616911999901,0.0,0
2025-08-07 09:30:00,9214.616911999901,9214.616911999901,0.0,0
2025-08-07 09:45:00,9214.616911999901,9214.616911999901,0.0,0
2025-08-07 10:00:00,9214.616911999901,9214.616911999901,0.0,0
2025-08-07 10:15:00,9214.616911999901,9214.616911999901,0.0,0
2025-08-07 10:30:00,9214.616911999901,9214.616911999901,0.0,0
2025-08-07 10:45:00,9214.616911999901,9214.616911999901,0.0,0
2025-08-07 11:00:00,9214.616911999901,9214.616911999901,0.0,0
2025-08-07 11:15:00,9214.616911999901,9214.616911999901,0.0,0
2025-08-07 11:30:00,9214.616911999901,9214.616911999901,0.0,0
2025-08-07 13:00:00,9214.616911999901,9214.616911999901,0.0,0
2025-08-07 13:15:00,9214.616911999901,9214.616911999901,0.0,0
2025-08-07 13:30:00,9214.616911999901,9214.616911999901,0.0,0
2025-08-07 13:45:00,9214.616911999901,9214.616911999901,0.0,0
2025-08-07 14:00:00,9214.616911999901,9214.616911999901,0.0,0
2025-08-07 14:15:00,9214.616911999901,9214.616911999901,0.0,0
2025-08-07 14:30:00,9214.616911999901,9214.616911999901,0.0,0
2025-08-07 14:45:00,9214.616911999901,9214.616911999901,0.0,0
2025-08-07 15:00:00,9214.616911999901,9214.616911999901,0.0,0
2025-08-08 09:30:00,9214.616911999901,9214.616911999901,0.0,0
2025-08-08 09:45:00,9214.616911999901,9214.616911999901,0.0,0
2025-08-08 10:00:00,9214.616911999901,9214.616911999901,0.0,0
2025-08-08 10:15:00,9214.616911999901,9214.616911999901,0.0,0
2025-08-08 10:30:00,9214.616911999901,9214.616911999901,0.0,0
2025-08-08 10:45:00,9214.616911999901,9214.616911999901,0.0,0
2025-08-08 11:00:00,9214.616911999901,9214.616911999901,0.0,0
2025-08-08 11:15:00,9214.616911999901,9214.616911999901,0.0,0
2025-08-08 11:30:00,9214.616911999901,9214.616911999901,0.0,0
2025-08-08 13:00:00,9214.616911999901,9214.616911999901,0.0,0
2025-08-08 13:15:00,9214.616911999901,9214.616911999901,0.0,0
2025-08-08 13:30:00,9214.616911999901,9214.616911999901,0.0,0
2025-08-08 13:45:00,9214.616911999901,9214.616911999901,0.0,0
2025-08-08 14:00:00,9214.616911999901,9214.616911999901,0.0,0
2025-08-08 14:15:00,9214.616911999901,9214.616911999901,0.0,0
2025-08-08 14:30:00,9214.616911999901,9214.616911999901,0.0,0
2025-08-08 14:45:00,9214.616911999901,9214.616911999901,0.0,0
2025-08-08 15:00:00,9214.616911999901,9214.616911999901,0.0,0
2025-08-11 09:30:00,9214.616911999901,9214.616911999901,0.0,0
2025-08-11 09:45:00,9214.616911999901,9214.616911999901,0.0,0
2025-08-11 10:00:00,9214.616911999901,9214.616911999901,0.0,0
2025-08-11 10:15:00,9214.616911999901,9214.616911999901,0.0,0
2025-08-11 10:30:00,9214.616911999901,9214.616911999901,0.0,0
2025-08-11 10:45:00,9214.616911999901,9214.616911999901,0.0,0
2025-08-11 11:00:00,9214.616911999901,9214.616911999901,0.0,0
2025-08-11 11:15:00,9214.616911999901,9214.616911999901,0.0,0
2025-08-11 11:30:00,9214.616911999901,9214.616911999901,0.0,0
2025-08-11 13:00:00,9214.616911999901,9214.616911999901,0.0,0
2025-08-11 13:15:00,9214.616911999901,9214.616911999901,0.0,0
2025-08-11 13:30:00,9214.616911999901,9214.616911999901,0.0,0
2025-08-11 13:45:00,9214.616911999901,9214.616911999901,0.0,0
2025-08-11 14:00:00,9214.616911999901,9214.616911999901,0.0,0
2025-08-11 14:15:00,9214.616911999901,9214.616911999901,0.0,0
2025-08-11 14:30:00,9214.616911999901,9214.616911999901,0.0,0
2025-08-11 14:45:00,9214.616911999901,9214.616911999901,0.0,0
2025-08-11 15:00:00,9214.616911999901,9214.616911999901,0.0,0
2025-08-12 09:30:00,9214.616911999901,9214.616911999901,0.0,0
2025-08-12 09:45:00,9214.616911999901,9214.616911999901,0.0,0
2025-08-12 10:00:00,9214.616911999901,9214.616911999901,0.0,0
2025-08-12 10:15:00,9214.616911999901,9214.616911999901,0.0,0
2025-08-12 10:30:00,9214.616911999901,9214.616911999901,0.0,0
2025-08-12 10:45:00,9214.616911999901,9214.616911999901,0.0,0
2025-08-12 11:00:00,9214.616911999901,9214.616911999901,0.0,0
2025-08-12 11:15:00,9214.616911999901,9214.616911999901,0.0,0
2025-08-12 11:30:00,9214.616911999901,9214.616911999901,0.0,0
2025-08-12 13:00:00,9214.616911999901,9214.616911999901,0.0,0
2025-08-12 13:15:00,9214.616911999901,9214.616911999901,0.0,0
2025-08-12 13:30:00,9214.616911999901,9214.616911999901,0.0,0
2025-08-12 13:45:00,9214.616911999901,9214.616911999901,0.0,0
2025-08-12 14:00:00,9214.616911999901,9214.616911999901,0.0,0
2025-08-12 14:15:00,9214.616911999901,9214.616911999901,0.0,0
2025-08-12 14:30:00,9214.616911999901,9214.616911999901,0.0,0
2025-08-12 14:45:00,9214.616911999901,9214.616911999901,0.0,0
2025-08-12 15:00:00,9214.616911999901,9214.616911999901,0.0,0
2025-08-13 09:30:00,9214.616911999901,9214.616911999901,0.0,0
2025-08-13 09:45:00,9214.616911999901,9214.616911999901,0.0,0
2025-08-13 10:00:00,9214.616911999901,9214.616911999901,0.0,0
2025-08-13 10:15:00,9214.616911999901,9214.616911999901,0.0,0
2025-08-13 10:30:00,9214.616911999901,9214.616911999901,0.0,0
2025-08-13 10:45:00,9214.616911999901,9214.616911999901,0.0,0
2025-08-13 11:00:00,9214.616911999901,9214.616911999901,0.0,0
2025-08-13 11:15:00,9214.616911999901,9214.616911999901,0.0,0
2025-08-13 11:30:00,9214.616911999901,9214.616911999901,0.0,0
2025-08-13 13:00:00,9214.616911999901,9214.616911999901,0.0,0
2025-08-13 13:15:00,9214.616911999901,9214.616911999901,0.0,0
2025-08-13 13:30:00,9214.616911999901,9214.616911999901,0.0,0
2025-08-13 13:45:00,9214.616911999901,9214.616911999901,0.0,0
2025-08-13 14:00:00,9214.616911999901,9214.616911999901,0.0,0
2025-08-13 14:15:00,9214.616911999901,9214.616911999901,0.0,0
2025-08-13 14:30:00,9214.616911999901,9214.616911999901,0.0,0
2025-08-13 14:45:00,9214.616911999901,9214.616911999901,0.0,0
2025-08-13 15:00:00,9214.616911999901,9214.616911999901,0.0,0
2025-08-14 09:30:00,9214.616911999901,9214.616911999901,0.0,0
2025-08-14 09:45:00,9214.616911999901,9214.616911999901,0.0,0
2025-08-14 10:00:00,9214.616911999901,9214.616911999901,0.0,0
2025-08-14 10:15:00,9214.616911999901,9214.616911999901,0.0,0
2025-08-14 10:30:00,9214.616911999901,9214.616911999901,0.0,0
2025-08-14 10:45:00,9214.616911999901,9214.616911999901,0.0,0
2025-08-14 11:00:00,9214.616911999901,9214.616911999901,0.0,0
2025-08-14 11:15:00,9214.616911999901,9214.616911999901,0.0,0
2025-08-14 11:30:00,9214.616911999901,9214.616911999901,0.0,0
2025-08-14 13:00:00,9214.616911999901,9214.616911999901,0.0,0
2025-08-14 13:15:00,9214.616911999901,9214.616911999901,0.0,0
2025-08-14 13:30:00,9214.616911999901,9214.616911999901,0.0,0
2025-08-14 13:45:00,9214.616911999901,9214.616911999901,0.0,0
2025-08-14 14:00:00,9214.616911999901,9214.616911999901,0.0,0
2025-08-14 14:15:00,9214.616911999901,9214.616911999901,0.0,0
2025-08-14 14:30:00,9214.616911999901,9214.616911999901,0.0,0
2025-08-14 14:45:00,9214.616911999901,9214.616911999901,0.0,0
2025-08-14 15:00:00,9214.616911999901,9214.616911999901,0.0,0
2025-08-15 09:30:00,9214.616911999901,9214.616911999901,0.0,0
2025-08-15 09:45:00,9214.616911999901,9214.616911999901,0.0,0
2025-08-15 10:00:00,9214.616911999901,9214.616911999901,0.0,0
2025-08-15 10:15:00,9214.616911999901,9214.616911999901,0.0,0
2025-08-15 10:30:00,9214.616911999901,9214.616911999901,0.0,0
2025-08-15 10:45:00,9214.616911999901,9214.616911999901,0.0,0
2025-08-15 11:00:00,9214.616911999901,9214.616911999901,0.0,0
2025-08-15 11:15:00,9214.616911999901,9214.616911999901,0.0,0
2025-08-15 11:30:00,9214.616911999901,9214.616911999901,0.0,0
2025-08-15 13:00:00,9214.616911999901,9214.616911999901,0.0,0
2025-08-15 13:15:00,9214.616911999901,9214.616911999901,0.0,0
2025-08-15 13:30:00,9214.616911999901,9214.616911999901,0.0,0
2025-08-15 13:45:00,9214.616911999901,9214.616911999901,0.0,0
2025-08-15 14:00:00,9214.616911999901,9214.616911999901,0.0,0
2025-08-15 14:15:00,9214.616911999901,9214.616911999901,0.0,0
2025-08-15 14:30:00,9214.616911999901,9214.616911999901,0.0,0
2025-08-15 14:45:00,9214.616911999901,9214.616911999901,0.0,0
2025-08-15 15:00:00,9214.616911999901,9214.616911999901,0.0,0
2025-08-18 09:30:00,9214.616911999901,9214.616911999901,0.0,0
2025-08-18 09:45:00,9214.616911999901,9214.616911999901,0.0,0
2025-08-18 10:00:00,9214.616911999901,9214.616911999901,0.0,0
2025-08-18 10:15:00,9214.616911999901,9214.616911999901,0.0,0
2025-08-18 10:30:00,9214.616911999901,9214.616911999901,0.0,0
2025-08-18 10:45:00,9214.616911999901,9214.616911999901,0.0,0
2025-08-18 11:00:00,9214.616911999901,9214.616911999901,0.0,0
2025-08-18 11:15:00,9214.616911999901,9214.616911999901,0.0,0
2025-08-18 11:30:00,9214.616911999901,9214.616911999901,0.0,0
2025-08-18 13:00:00,9214.616911999901,9214.616911999901,0.0,0
2025-08-18 13:15:00,9214.616911999901,9214.616911999901,0.0,0
2025-08-18 13:30:00,9214.616911999901,9214.616911999901,0.0,0
2025-08-18 13:45:00,9214.616911999901,9214.616911999901,0.0,0
2025-08-18 14:00:00,9214.616911999901,9214.616911999901,0.0,0
2025-08-18 14:15:00,9214.616911999901,9214.616911999901,0.0,0
2025-08-18 14:30:00,9214.616911999901,9214.616911999901,0.0,0
2025-08-18 14:45:00,9214.616911999901,9214.616911999901,0.0,0
2025-08-18 15:00:00,9214.616911999901,9214.616911999901,0.0,0
2025-08-19 09:30:00,9214.616911999901,9214.616911999901,0.0,0
2025-08-19 09:45:00,9214.616911999901,9214.616911999901,0.0,0
2025-08-19 10:00:00,9214.616911999901,9214.616911999901,0.0,0
2025-08-19 10:15:00,9214.616911999901,9214.616911999901,0.0,0
2025-08-19 10:30:00,9214.616911999901,9214.616911999901,0.0,0
2025-08-19 10:45:00,9214.616911999901,9214.616911999901,0.0,0
2025-08-19 11:00:00,9214.616911999901,9214.616911999901,0.0,0
2025-08-19 11:15:00,9214.616911999901,9214.616911999901,0.0,0
2025-08-19 11:30:00,9214.616911999901,9214.616911999901,0.0,0
2025-08-19 13:00:00,9214.616911999901,9214.616911999901,0.0,0
2025-08-19 13:15:00,9214.616911999901,9214.616911999901,0.0,0
2025-08-19 13:30:00,9214.616911999901,9214.616911999901,0.0,0
2025-08-19 13:45:00,9214.616911999901,9214.616911999901,0.0,0
2025-08-19 14:00:00,9214.616911999901,9214.616911999901,0.0,0
2025-08-19 14:15:00,9214.616911999901,9214.616911999901,0.0,0
2025-08-19 14:30:00,9214.616911999901,9214.616911999901,0.0,0
2025-08-19 14:45:00,9214.616911999901,9214.616911999901,0.0,0
2025-08-19 15:00:00,9214.616911999901,9214.616911999901,0.0,0
2025-08-20 09:30:00,9214.616911999901,9214.616911999901,0.0,0
2025-08-20 09:45:00,9214.616911999901,9214.616911999901,0.0,0
2025-08-20 10:00:00,9214.616911999901,9214.616911999901,0.0,0
2025-08-20 10:15:00,9214.616911999901,9214.616911999901,0.0,0
2025-08-20 10:30:00,9214.616911999901,9214.616911999901,0.0,0
2025-08-20 10:45:00,9214.616911999901,9214.616911999901,0.0,0
2025-08-20 11:00:00,9214.616911999901,9214.616911999901,0.0,0
2025-08-20 11:15:00,9214.616911999901,9214.616911999901,0.0,0
2025-08-20 11:30:00,9214.616911999901,9214.616911999901,0.0,0
2025-08-20 13:00:00,9214.616911999901,9214.616911999901,0.0,0
2025-08-20 13:15:00,9214.616911999901,9214.616911999901,0.0,0
2025-08-20 13:30:00,9214.616911999901,9214.616911999901,0.0,0
2025-08-20 13:45:00,9214.616911999901,9214.616911999901,0.0,0
2025-08-20 14:00:00,9214.616911999901,9214.616911999901,0.0,0
2025-08-20 14:15:00,9214.616911999901,9214.616911999901,0.0,0
2025-08-20 14:30:00,9214.616911999901,9214.616911999901,0.0,0
2025-08-20 14:45:00,9214.616911999901,9214.616911999901,0.0,0
2025-08-20 15:00:00,9214.616911999901,9214.616911999901,0.0,0
2025-08-21 09:30:00,9214.616911999901,9214.616911999901,0.0,0
2025-08-21 09:45:00,9214.616911999901,9214.616911999901,0.0,0
2025-08-21 10:00:00,9214.616911999901,9214.616911999901,0.0,0
2025-08-21 10:15:00,9214.616911999901,9214.616911999901,0.0,0
2025-08-21 10:30:00,9214.616911999901,9214.616911999901,0.0,0
2025-08-21 10:45:00,9214.616911999901,9214.616911999901,0.0,0
2025-08-21 11:00:00,9214.616911999901,9214.616911999901,0.0,0
2025-08-21 11:15:00,9214.616911999901,9214.616911999901,0.0,0
2025-08-21 11:30:00,9214.616911999901,9214.616911999901,0.0,0
2025-08-21 13:00:00,9214.616911999901,9214.616911999901,0.0,0
2025-08-21 13:15:00,9214.616911999901,9214.616911999901,0.0,0
2025-08-21 13:30:00,9214.616911999901,9214.616911999901,0.0,0
2025-08-21 13:45:00,9214.616911999901,9214.616911999901,0.0,0
2025-08-21 14:00:00,9214.616911999901,9214.616911999901,0.0,0
2025-08-21 14:15:00,9214.616911999901,9214.616911999901,0.0,0
2025-08-21 14:30:00,9214.616911999901,9214.616911999901,0.0,0
2025-08-21 14:45:00,9214.616911999901,9214.616911999901,0.0,0
2025-08-21 15:00:00,9214.616911999901,9214.616911999901,0.0,0
2025-08-22 09:30:00,9214.616911999901,9214.616911999901,0.0,0
2025-08-22 09:45:00,9214.616911999901,9214.616911999901,0.0,0
2025-08-22 10:00:00,9214.616911999901,9214.616911999901,0.0,0
2025-08-22 10:15:00,9214.616911999901,9214.616911999901,0.0,0
2025-08-22 10:30:00,9214.616911999901,9214.616911999901,0.0,0
2025-08-22 10:45:00,9214.616911999901,9214.616911999901,0.0,0
2025-08-22 11:00:00,9214.616911999901,9214.616911999901,0.0,0
2025-08-22 11:15:00,9214.616911999901,9214.616911999901,0.0,0
2025-08-22 11:30:00,9214.616911999901,9214.616911999901,0.0,0
2025-08-22 13:00:00,9214.616911999901,9214.616911999901,0.0,0
2025-08-22 13:15:00,9214.616911999901,9214.616911999901,0.0,0
2025-08-22 13:30:00,9214.616911999901,9214.616911999901,0.0,0
2025-08-22 13:45:00,9214.616911999901,9214.616911999901,0.0,0
2025-08-22 14:00:00,9214.616911999901,9214.616911999901,0.0,0
2025-08-22 14:15:00,9214.616911999901,9214.616911999901,0.0,0
2025-08-22 14:30:00,9214.616911999901,9214.616911999901,0.0,0
2025-08-22 14:45:00,9214.616911999901,9214.616911999901,0.0,0
2025-08-22 15:00:00,9214.616911999901,9214.616911999901,0.0,0
2025-08-25 09:30:00,9214.616911999901,9214.616911999901,0.0,0
2025-08-25 09:45:00,9214.616911999901,9214.616911999901,0.0,0
2025-08-25 10:00:00,9214.616911999901,9214.616911999901,0.0,0
2025-08-25 10:15:00,9214.616911999901,9214.616911999901,0.0,0
2025-08-25 10:30:00,9214.616911999901,9214.616911999901,0.0,0
2025-08-25 10:45:00,9214.616911999901,9214.616911999901,0.0,0
2025-08-25 11:00:00,9214.616911999901,9214.616911999901,0.0,0
2025-08-25 11:15:00,9214.616911999901,9214.616911999901,0.0,0
2025-08-25 11:30:00,9214.616911999901,9214.616911999901,0.0,0
2025-08-25 13:00:00,9214.616911999901,9214.616911999901,0.0,0
2025-08-25 13:15:00,9214.616911999901,9214.616911999901,0.0,0
2025-08-25 13:30:00,9214.616911999901,9214.616911999901,0.0,0
2025-08-25 13:45:00,9214.616911999901,9214.616911999901,0.0,0
2025-08-25 14:00:00,9214.616911999901,9214.616911999901,0.0,0
2025-08-25 14:15:00,9214.616911999901,9214.616911999901,0.0,0
2025-08-25 14:30:00,9214.616911999901,9214.616911999901,0.0,0
2025-08-25 14:45:00,9214.616911999901,9214.616911999901,0.0,0
2025-08-25 15:00:00,9214.616911999901,9214.616911999901,0.0,0
2025-08-26 09:30:00,9214.616911999901,9214.616911999901,0.0,0
2025-08-26 09:45:00,9214.616911999901,9214.616911999901,0.0,0
2025-08-26 10:00:00,9214.616911999901,9214.616911999901,0.0,0
2025-08-26 10:15:00,9214.616911999901,9214.616911999901,0.0,0
2025-08-26 10:30:00,9214.616911999901,9214.616911999901,0.0,0
2025-08-26 10:45:00,9214.616911999901,9214.616911999901,0.0,0
2025-08-26 11:00:00,9214.616911999901,9214.616911999901,0.0,0
2025-08-26 11:15:00,9214.616911999901,9214.616911999901,0.0,0
2025-08-26 11:30:00,9214.616911999901,9214.616911999901,0.0,0
2025-08-26 13:00:00,9214.616911999901,9214.616911999901,0.0,0
2025-08-26 13:15:00,9214.616911999901,9214.616911999901,0.0,0
2025-08-26 13:30:00,9214.616911999901,9214.616911999901,0.0,0
2025-08-26 13:45:00,9214.616911999901,9214.616911999901,0.0,0
2025-08-26 14:00:00,9214.616911999901,9214.616911999901,0.0,0
2025-08-26 14:15:00,9214.616911999901,9214.616911999901,0.0,0
2025-08-26 14:30:00,9214.616911999901,9214.616911999901,0.0,0
2025-08-26 14:45:00,9214.616911999901,9214.616911999901,0.0,0
2025-08-26 15:00:00,9214.616911999901,9214.616911999901,0.0,0
2025-08-27 09:30:00,9214.616911999901,9214.616911999901,0.0,0
2025-08-27 09:45:00,9214.616911999901,9214.616911999901,0.0,0
2025-08-27 10:00:00,9214.616911999901,9214.616911999901,0.0,0
2025-08-27 10:15:00,9214.616911999901,9214.616911999901,0.0,0
2025-08-27 10:30:00,9214.616911999901,9214.616911999901,0.0,0
2025-08-27 10:45:00,9214.616911999901,9214.616911999901,0.0,0
2025-08-27 11:00:00,9214.616911999901,9214.616911999901,0.0,0
2025-08-27 11:15:00,9214.616911999901,9214.616911999901,0.0,0
2025-08-27 11:30:00,9214.616911999901,9214.616911999901,0.0,0
2025-08-27 13:00:00,9214.616911999901,9214.616911999901,0.0,0
2025-08-27 13:15:00,9214.616911999901,9214.616911999901,0.0,0
2025-08-27 13:30:00,9214.616911999901,9214.616911999901,0.0,0
2025-08-27 13:45:00,9214.616911999901,9214.616911999901,0.0,0
2025-08-27 14:00:00,9214.616911999901,9214.616911999901,0.0,0
2025-08-27 14:15:00,9214.616911999901,9214.616911999901,0.0,0
2025-08-27 14:30:00,9214.616911999901,9214.616911999901,0.0,0
2025-08-27 14:45:00,9214.616911999901,9214.616911999901,0.0,0
2025-08-27 15:00:00,9214.616911999901,9214.616911999901,0.0,0
2025-08-28 09:30:00,9214.616911999901,9214.616911999901,0.0,0
2025-08-28 09:45:00,9214.616911999901,9214.616911999901,0.0,0
2025-08-28 10:00:00,9214.616911999901,9214.616911999901,0.0,0
2025-08-28 10:15:00,9214.616911999901,9214.616911999901,0.0,0
2025-08-28 10:30:00,9214.616911999901,9214.616911999901,0.0,0
2025-08-28 10:45:00,9214.616911999901,9214.616911999901,0.0,0
2025-08-28 11:00:00,9214.616911999901,9214.616911999901,0.0,0
2025-08-28 11:15:00,9214.616911999901,9214.616911999901,0.0,0
2025-08-28 11:30:00,9214.616911999901,9214.616911999901,0.0,0
2025-08-28 13:00:00,9214.616911999901,9214.616911999901,0.0,0
2025-08-28 13:15:00,9214.616911999901,9214.616911999901,0.0,0
2025-08-28 13:30:00,9214.616911999901,9214.616911999901,0.0,0
2025-08-28 13:45:00,9214.616911999901,9214.616911999901,0.0,0
2025-08-28 14:00:00,9214.616911999901,9214.616911999901,0.0,0
2025-08-28 14:15:00,9214.616911999901,9214.616911999901,0.0,0
2025-08-28 14:30:00,9214.616911999901,9214.616911999901,0.0,0
2025-08-28 14:45:00,9214.616911999901,9214.616911999901,0.0,0
2025-08-28 15:00:00,9214.616911999901,9214.616911999901,0.0,0
2025-08-29 09:30:00,9214.616911999901,9214.616911999901,0.0,0
2025-08-29 09:45:00,9214.616911999901,9214.616911999901,0.0,0
2025-08-29 10:00:00,9214.616911999901,9214.616911999901,0.0,0
2025-08-29 10:15:00,9214.616911999901,9214.616911999901,0.0,0
2025-08-29 10:30:00,9214.616911999901,9214.616911999901,0.0,0
2025-08-29 10:45:00,9214.616911999901,9214.616911999901,0.0,0
2025-08-29 11:00:00,9214.616911999901,9214.616911999901,0.0,0
2025-08-29 11:15:00,9214.616911999901,9214.616911999901,0.0,0
2025-08-29 11:30:00,9214.616911999901,9214.616911999901,0.0,0
2025-08-29 13:00:00,9214.616911999901,9214.616911999901,0.0,0
2025-08-29 13:15:00,9214.616911999901,9214.616911999901,0.0,0
2025-08-29 13:30:00,9214.616911999901,9214.616911999901,0.0,0
2025-08-29 13:45:00,9214.616911999901,9214.616911999901,0.0,0
2025-08-29 14:00:00,9214.616911999901,9214.616911999901,0.0,0
2025-08-29 14:15:00,9214.616911999901,9214.616911999901,0.0,0
2025-08-29 14:30:00,9214.616911999901,9214.616911999901,0.0,0
2025-08-29 14:45:00,9214.616911999901,9214.616911999901,0.0,0
2025-08-29 15:00:00,9214.616911999901,9214.616911999901,0.0,0
2025-09-01 09:30:00,9214.616911999901,9214.616911999901,0.0,0
2025-09-01 09:45:00,9214.616911999901,9214.616911999901,0.0,0
2025-09-01 10:00:00,9214.616911999901,9214.616911999901,0.0,0
2025-09-01 10:15:00,9214.616911999901,9214.616911999901,0.0,0
2025-09-01 10:30:00,9214.616911999901,9214.616911999901,0.0,0
2025-09-01 10:45:00,9214.616911999901,9214.616911999901,0.0,0
2025-09-01 11:00:00,9214.616911999901,9214.616911999901,0.0,0
2025-09-01 11:15:00,9214.616911999901,9214.616911999901,0.0,0
2025-09-01 11:30:00,9214.616911999901,9214.616911999901,0.0,0
2025-09-01 13:00:00,9214.616911999901,9214.616911999901,0.0,0
2025-09-01 13:15:00,9214.616911999901,9214.616911999901,0.0,0
2025-09-01 13:30:00,9214.616911999901,9214.616911999901,0.0,0
2025-09-01 13:45:00,9214.616911999901,9214.616911999901,0.0,0
2025-09-01 14:00:00,9214.616911999901,9214.616911999901,0.0,0
2025-09-01 14:15:00,9214.616911999901,9214.616911999901,0.0,0
2025-09-01 14:30:00,9214.616911999901,9214.616911999901,0.0,0
2025-09-01 14:45:00,9214.616911999901,9214.616911999901,0.0,0
2025-09-01 15:00:00,9214.616911999901,9214.616911999901,0.0,0
2025-09-02 09:30:00,9214.616911999901,9214.616911999901,0.0,0
2025-09-02 09:45:00,9214.616911999901,9214.616911999901,0.0,0
2025-09-02 10:00:00,9214.616911999901,9214.616911999901,0.0,0
2025-09-02 10:15:00,9214.616911999901,9214.616911999901,0.0,0
2025-09-02 10:30:00,9214.616911999901,9214.616911999901,0.0,0
2025-09-02 10:45:00,9214.616911999901,9214.616911999901,0.0,0
2025-09-02 11:00:00,9214.616911999901,9214.616911999901,0.0,0
2025-09-02 11:15:00,9214.616911999901,9214.616911999901,0.0,0
2025-09-02 11:30:00,9214.616911999901,9214.616911999901,0.0,0
2025-09-02 13:00:00,9214.616911999901,9214.616911999901,0.0,0
2025-09-02 13:15:00,9214.616911999901,9214.616911999901,0.0,0
2025-09-02 13:30:00,9214.616911999901,9214.616911999901,0.0,0
2025-09-02 13:45:00,9214.616911999901,9214.616911999901,0.0,0
2025-09-02 14:00:00,9214.616911999901,9214.616911999901,0.0,0
2025-09-02 14:15:00,9214.616911999901,9214.616911999901,0.0,0
2025-09-02 14:30:00,9214.616911999901,9214.616911999901,0.0,0
2025-09-02 14:45:00,9214.616911999901,9214.616911999901,0.0,0
2025-09-02 15:00:00,9214.616911999901,9214.616911999901,0.0,0
2025-09-03 09:30:00,9214.616911999901,9214.616911999901,0.0,0
2025-09-03 09:45:00,9214.616911999901,9214.616911999901,0.0,0
2025-09-03 10:00:00,9214.616911999901,9214.616911999901,0.0,0
2025-09-03 10:15:00,9214.616911999901,9214.616911999901,0.0,0
2025-09-03 10:30:00,9214.616911999901,9214.616911999901,0.0,0
2025-09-03 10:45:00,9214.616911999901,9214.616911999901,0.0,0
2025-09-03 11:00:00,9214.616911999901,9214.616911999901,0.0,0
2025-09-03 11:15:00,9214.616911999901,9214.616911999901,0.0,0
2025-09-03 11:30:00,9214.616911999901,9214.616911999901,0.0,0
2025-09-03 13:00:00,9214.616911999901,9214.616911999901,0.0,0
2025-09-03 13:15:00,9214.616911999901,9214.616911999901,0.0,0
2025-09-03 13:30:00,9214.616911999901,9214.616911999901,0.0,0
2025-09-03 13:45:00,9214.616911999901,9214.616911999901,0.0,0
2025-09-03 14:00:00,9214.616911999901,9214.616911999901,0.0,0
2025-09-03 14:15:00,9214.616911999901,9214.616911999901,0.0,0
2025-09-03 14:30:00,9214.616911999901,9214.616911999901,0.0,0
2025-09-03 14:45:00,9214.616911999901,9214.616911999901,0.0,0
2025-09-03 15:00:00,9214.616911999901,9214.616911999901,0.0,0
2025-09-04 09:30:00,9214.616911999901,9214.616911999901,0.0,0
2025-09-04 09:45:00,9214.616911999901,9214.616911999901,0.0,0
2025-09-04 10:00:00,9214.616911999901,9214.616911999901,0.0,0
2025-09-04 10:15:00,9214.616911999901,9214.616911999901,0.0,0
2025-09-04 10:30:00,9214.616911999901,9214.616911999901,0.0,0
2025-09-04 10:45:00,9214.616911999901,9214.616911999901,0.0,0
2025-09-04 11:00:00,9214.616911999901,9214.616911999901,0.0,0
2025-09-04 11:15:00,9214.616911999901,9214.616911999901,0.0,0
2025-09-04 11:30:00,9214.616911999901,9214.616911999901,0.0,0
2025-09-04 13:00:00,9214.616911999901,9214.616911999901,0.0,0
2025-09-04 13:15:00,9214.616911999901,9214.616911999901,0.0,0
2025-09-04 13:30:00,9214.616911999901,9214.616911999901,0.0,0
2025-09-04 13:45:00,9214.616911999901,9214.616911999901,0.0,0
2025-09-04 14:00:00,9214.616911999901,9214.616911999901,0.0,0
2025-09-04 14:15:00,9214.616911999901,9214.616911999901,0.0,0
2025-09-04 14:30:00,9214.616911999901,9214.616911999901,0.0,0
2025-09-04 14:45:00,9214.616911999901,9214.616911999901,0.0,0
2025-09-04 15:00:00,9214.616911999901,9214.616911999901,0.0,0
2025-09-05 09:30:00,9214.616911999901,9214.616911999901,0.0,0
2025-09-05 09:45:00,9214.616911999901,9214.616911999901,0.0,0
2025-09-05 10:00:00,9214.616911999901,9214.616911999901,0.0,0
2025-09-05 10:15:00,9214.616911999901,9214.616911999901,0.0,0
2025-09-05 10:30:00,9214.616911999901,9214.616911999901,0.0,0
2025-09-05 10:45:00,9214.616911999901,9214.616911999901,0.0,0
2025-09-05 11:00:00,9214.616911999901,9214.616911999901,0.0,0
2025-09-05 11:15:00,9214.616911999901,9214.616911999901,0.0,0
2025-09-05 11:30:00,9214.616911999901,9214.616911999901,0.0,0
2025-09-05 13:00:00,9214.616911999901,9214.616911999901,0.0,0
2025-09-05 13:15:00,9214.616911999901,9214.616911999901,0.0,0
2025-09-05 13:30:00,9214.616911999901,9214.616911999901,0.0,0
2025-09-05 13:45:00,9214.616911999901,9214.616911999901,0.0,0
2025-09-05 14:00:00,9214.616911999901,9214.616911999901,0.0,0
2025-09-05 14:15:00,9214.616911999901,9214.616911999901,0.0,0
2025-09-05 14:30:00,9214.616911999901,9214.616911999901,0.0,0
2025-09-05 14:45:00,9214.616911999901,9214.616911999901,0.0,0
2025-09-05 15:00:00,9214.616911999901,9214.616911999901,0.0,0
2025-09-08 09:30:00,9214.616911999901,9214.616911999901,0.0,0
2025-09-08 09:45:00,9214.616911999901,9214.616911999901,0.0,0
2025-09-08 10:00:00,9214.616911999901,9214.616911999901,0.0,0
2025-09-08 10:15:00,9214.616911999901,9214.616911999901,0.0,0
2025-09-08 10:30:00,9214.616911999901,9214.616911999901,0.0,0
2025-09-08 10:45:00,9214.616911999901,9214.616911999901,0.0,0
2025-09-08 11:00:00,9214.616911999901,9214.616911999901,0.0,0
2025-09-08 11:15:00,9214.616911999901,9214.616911999901,0.0,0
2025-09-08 11:30:00,9214.616911999901,9214.616911999901,0.0,0
2025-09-08 13:00:00,9214.616911999901,9214.616911999901,0.0,0
2025-09-08 13:15:00,9214.616911999901,9214.616911999901,0.0,0
2025-09-08 13:30:00,9214.616911999901,9214.616911999901,0.0,0
2025-09-08 13:45:00,9214.616911999901,9214.616911999901,0.0,0
2025-09-08 14:00:00,9214.616911999901,9214.616911999901,0.0,0
2025-09-08 14:15:00,9214.616911999901,9214.616911999901,0.0,0
2025-09-08 14:30:00,9214.616911999901,9214.616911999901,0.0,0
2025-09-08 14:45:00,9214.616911999901,9214.616911999901,0.0,0
2025-09-08 15:00:00,9214.616911999901,9214.616911999901,0.0,0
2025-09-09 09:30:00,9214.616911999901,9214.616911999901,0.0,0
2025-09-09 09:45:00,9214.616911999901,9214.616911999901,0.0,0
2025-09-09 10:00:00,9214.616911999901,9214.616911999901,0.0,0
2025-09-09 10:15:00,9214.616911999901,9214.616911999901,0.0,0
2025-09-09 10:30:00,9214.616911999901,9214.616911999901,0.0,0
2025-09-09 10:45:00,9214.616911999901,9214.616911999901,0.0,0
2025-09-09 11:00:00,9214.616911999901,9214.616911999901,0.0,0
2025-09-09 11:15:00,9214.616911999901,9214.616911999901,0.0,0
2025-09-09 11:30:00,9214.616911999901,9214.616911999901,0.0,0
2025-09-09 13:00:00,9214.616911999901,9214.616911999901,0.0,0
2025-09-09 13:15:00,9214.616911999901,9214.616911999901,0.0,0
2025-09-09 13:30:00,9214.616911999901,9214.616911999901,0.0,0
2025-09-09 13:45:00,9214.616911999901,9214.616911999901,0.0,0
2025-09-09 14:00:00,9214.616911999901,9214.616911999901,0.0,0
2025-09-09 14:15:00,9214.616911999901,9214.616911999901,0.0,0
2025-09-09 14:30:00,9214.616911999901,9214.616911999901,0.0,0
2025-09-09 14:45:00,9214.616911999901,9214.616911999901,0.0,0
2025-09-09 15:00:00,9214.616911999901,9214.616911999901,0.0,0
2025-09-10 09:30:00,9214.616911999901,9214.616911999901,0.0,0
2025-09-10 09:45:00,9214.616911999901,9214.616911999901,0.0,0
2025-09-10 10:00:00,9214.616911999901,9214.616911999901,0.0,0
2025-09-10 10:15:00,9214.616911999901,9214.616911999901,0.0,0
2025-09-10 10:30:00,9214.616911999901,9214.616911999901,0.0,0
2025-09-10 10:45:00,9214.616911999901,9214.616911999901,0.0,0
2025-09-10 11:00:00,9214.616911999901,9214.616911999901,0.0,0
2025-09-10 11:15:00,9214.616911999901,9214.616911999901,0.0,0
2025-09-10 11:30:00,9214.616911999901,9214.616911999901,0.0,0
2025-09-10 13:00:00,9214.616911999901,9214.616911999901,0.0,0
2025-09-10 13:15:00,9214.616911999901,9214.616911999901,0.0,0
2025-09-10 13:30:00,9214.616911999901,9214.616911999901,0.0,0
2025-09-10 13:45:00,9214.616911999901,9214.616911999901,0.0,0
2025-09-10 14:00:00,9214.616911999901,9214.616911999901,0.0,0
2025-09-10 14:15:00,9214.616911999901,9214.616911999901,0.0,0
2025-09-10 14:30:00,9214.616911999901,9214.616911999901,0.0,0
2025-09-10 14:45:00,9214.616911999901,9214.616911999901,0.0,0
2025-09-10 15:00:00,9214.616911999901,9214.616911999901,0.0,0
2025-09-11 09:30:00,9214.616911999901,9214.616911999901,0.0,0
2025-09-11 09:45:00,9214.616911999901,9214.616911999901,0.0,0
2025-09-11 10:00:00,9214.616911999901,9214.616911999901,0.0,0
2025-09-11 10:15:00,9214.616911999901,9214.616911999901,0.0,0
2025-09-11 10:30:00,9214.616911999901,9214.616911999901,0.0,0
2025-09-11 10:45:00,9214.616911999901,9214.616911999901,0.0,0
2025-09-11 11:00:00,9214.616911999901,9214.616911999901,0.0,0
2025-09-11 11:15:00,9214.616911999901,9214.616911999901,0.0,0
2025-09-11 11:30:00,9214.616911999901,9214.616911999901,0.0,0
2025-09-11 13:00:00,9214.616911999901,9214.616911999901,0.0,0
2025-09-11 13:15:00,9214.616911999901,9214.616911999901,0.0,0
2025-09-11 13:30:00,9214.616911999901,9214.616911999901,0.0,0
2025-09-11 13:45:00,9214.616911999901,9214.616911999901,0.0,0
2025-09-11 14:00:00,9214.616911999901,9214.616911999901,0.0,0
2025-09-11 14:15:00,9214.616911999901,9214.616911999901,0.0,0
2025-09-11 14:30:00,9214.616911999901,9214.616911999901,0.0,0
2025-09-11 14:45:00,9214.616911999901,9214.616911999901,0.0,0
2025-09-11 15:00:00,9214.616911999901,9214.616911999901,0.0,0
2025-09-12 09:30:00,9214.616911999901,9214.616911999901,0.0,0
2025-09-12 09:45:00,9214.616911999901,9214.616911999901,0.0,0
2025-09-12 10:00:00,9214.616911999901,9214.616911999901,0.0,0
2025-09-12 10:15:00,9214.616911999901,9214.616911999901,0.0,0
2025-09-12 10:30:00,9214.616911999901,9214.616911999901,0.0,0
2025-09-12 10:45:00,9214.616911999901,9214.616911999901,0.0,0
2025-09-12 11:00:00,9214.616911999901,9214.616911999901,0.0,0
2025-09-12 11:15:00,9214.616911999901,9214.616911999901,0.0,0
2025-09-12 11:30:00,9214.616911999901,9214.616911999901,0.0,0
2025-09-12 13:00:00,9214.616911999901,9214.616911999901,0.0,0
2025-09-12 13:15:00,9214.616911999901,9214.616911999901,0.0,0
2025-09-12 13:30:00,9214.616911999901,9214.616911999901,0.0,0
2025-09-12 13:45:00,9214.616911999901,9214.616911999901,0.0,0
2025-09-12 14:00:00,9214.616911999901,9214.616911999901,0.0,0
2025-09-12 14:15:00,9214.616911999901,9214.616911999901,0.0,0
2025-09-12 14:30:00,9214.616911999901,9214.616911999901,0.0,0
2025-09-12 14:45:00,9214.616911999901,9214.616911999901,0.0,0
2025-09-12 15:00:00,9214.616911999901,9214.616911999901,0.0,0
2025-09-15 09:30:00,9214.616911999901,9214.616911999901,0.0,0
2025-09-15 09:45:00,9214.616911999901,9214.616911999901,0.0,0
2025-09-15 10:00:00,9214.616911999901,9214.616911999901,0.0,0
2025-09-15 10:15:00,9214.616911999901,9214.616911999901,0.0,0
2025-09-15 10:30:00,9214.616911999901,9214.616911999901,0.0,0
2025-09-15 10:45:00,9214.616911999901,9214.616911999901,0.0,0
2025-09-15 11:00:00,9214.616911999901,9214.616911999901,0.0,0
2025-09-15 11:15:00,9214.616911999901,9214.616911999901,0.0,0
2025-09-15 11:30:00,9214.616911999901,9214.616911999901,0.0,0
2025-09-15 13:00:00,9214.616911999901,9214.616911999901,0.0,0
2025-09-15 13:15:00,9214.616911999901,9214.616911999901,0.0,0
2025-09-15 13:30:00,9214.616911999901,9214.616911999901,0.0,0
2025-09-15 13:45:00,9214.616911999901,9214.616911999901,0.0,0
2025-09-15 14:00:00,9214.616911999901,9214.616911999901,0.0,0
2025-09-15 14:15:00,9214.616911999901,9214.616911999901,0.0,0
2025-09-15 14:30:00,9214.616911999901,9214.616911999901,0.0,0
2025-09-15 14:45:00,9214.616911999901,9214.616911999901,0.0,0
2025-09-15 15:00:00,9214.616911999901,9214.616911999901,0.0,0
2025-09-16 09:30:00,9214.616911999901,9214.616911999901,0.0,0
2025-09-16 09:45:00,9214.616911999901,9214.616911999901,0.0,0
2025-09-16 10:00:00,9214.616911999901,9214.616911999901,0.0,0
2025-09-16 10:15:00,9214.616911999901,9214.616911999901,0.0,0
2025-09-16 10:30:00,9214.616911999901,9214.616911999901,0.0,0
2025-09-16 10:45:00,9214.616911999901,9214.616911999901,0.0,0
2025-09-16 11:00:00,9214.616911999901,9214.616911999901,0.0,0
2025-09-16 11:15:00,9214.616911999901,9214.616911999901,0.0,0
2025-09-16 11:30:00,9214.616911999901,9214.616911999901,0.0,0
2025-09-16 13:00:00,9214.616911999901,9214.616911999901,0.0,0
2025-09-16 13:15:00,9214.616911999901,9214.616911999901,0.0,0
2025-09-16 13:30:00,9214.616911999901,9214.616911999901,0.0,0
2025-09-16 13:45:00,9214.616911999901,9214.616911999901,0.0,0
2025-09-16 14:00:00,9214.616911999901,9214.616911999901,0.0,0
2025-09-16 14:15:00,9214.616911999901,9214.616911999901,0.0,0
2025-09-16 14:30:00,9214.616911999901,9214.616911999901,0.0,0
2025-09-16 14:45:00,9214.616911999901,9214.616911999901,0.0,0
2025-09-16 15:00:00,9214.616911999901,9214.616911999901,0.0,0
2025-09-17 09:30:00,9214.616911999901,9214.616911999901,0.0,0
2025-09-17 09:45:00,9214.616911999901,9214.616911999901,0.0,0
2025-09-17 10:00:00,9214.616911999901,9214.616911999901,0.0,0
2025-09-17 10:15:00,9214.616911999901,9214.616911999901,0.0,0
2025-09-17 10:30:00,9214.616911999901,9214.616911999901,0.0,0
2025-09-17 10:45:00,9214.616911999901,9214.616911999901,0.0,0
2025-09-17 11:00:00,9214.616911999901,9214.616911999901,0.0,0
2025-09-17 11:15:00,9214.616911999901,9214.616911999901,0.0,0
2025-09-17 11:30:00,9214.616911999901,9214.616911999901,0.0,0
2025-09-17 13:00:00,9214.616911999901,9214.616911999901,0.0,0
2025-09-17 13:15:00,9214.616911999901,9214.616911999901,0.0,0
2025-09-17 13:30:00,9214.616911999901,9214.616911999901,0.0,0
2025-09-17 13:45:00,9214.616911999901,9214.616911999901,0.0,0
2025-09-17 14:00:00,9214.616911999901,9214.616911999901,0.0,0
2025-09-17 14:15:00,9214.616911999901,9214.616911999901,0.0,0
2025-09-17 14:30:00,9214.616911999901,9214.616911999901,0.0,0
2025-09-17 14:45:00,9214.616911999901,9214.616911999901,0.0,0
2025-09-17 15:00:00,9214.616911999901,9214.616911999901,0.0,0
2025-09-18 09:30:00,9214.616911999901,9214.616911999901,0.0,0
2025-09-18 09:45:00,9214.616911999901,9214.616911999901,0.0,0
2025-09-18 10:00:00,9214.616911999901,9214.616911999901,0.0,0
2025-09-18 10:15:00,9214.616911999901,9214.616911999901,0.0,0
2025-09-18 10:30:00,9214.616911999901,9214.616911999901,0.0,0
2025-09-18 10:45:00,9214.616911999901,9214.616911999901,0.0,0
2025-09-18 11:00:00,9214.616911999901,9214.616911999901,0.0,0
2025-09-18 11:15:00,9214.616911999901,9214.616911999901,0.0,0
2025-09-18 11:30:00,9214.616911999901,9214.616911999901,0.0,0
2025-09-18 13:00:00,9214.616911999901,9214.616911999901,0.0,0
2025-09-18 13:15:00,9214.616911999901,9214.616911999901,0.0,0
2025-09-18 13:30:00,9214.616911999901,9214.616911999901,0.0,0
2025-09-18 13:45:00,9214.616911999901,9214.616911999901,0.0,0
2025-09-18 14:00:00,9214.616911999901,9214.616911999901,0.0,0
2025-09-18 14:15:00,9214.616911999901,9214.616911999901,0.0,0
2025-09-18 14:30:00,9214.616911999901,9214.616911999901,0.0,0
2025-09-18 14:45:00,9214.616911999901,9214.616911999901,0.0,0
2025-09-18 15:00:00,9214.616911999901,9214.616911999901,0.0,0
2025-09-19 09:30:00,9214.616911999901,9214.616911999901,0.0,0
2025-09-19 09:45:00,9214.616911999901,9214.616911999901,0.0,0
2025-09-19 10:00:00,9214.616911999901,9214.616911999901,0.0,0
2025-09-19 10:15:00,9214.616911999901,9214.616911999901,0.0,0
2025-09-19 10:30:00,9214.616911999901,9214.616911999901,0.0,0
2025-09-19 10:45:00,9214.616911999901,9214.616911999901,0.0,0
2025-09-19 11:00:00,9214.616911999901,9214.616911999901,0.0,0
2025-09-19 11:15:00,9214.616911999901,9214.616911999901,0.0,0
2025-09-19 11:30:00,9214.616911999901,9214.616911999901,0.0,0
2025-09-19 13:00:00,9214.616911999901,9214.616911999901,0.0,0
2025-09-19 13:15:00,9214.616911999901,9214.616911999901,0.0,0
2025-09-19 13:30:00,9214.616911999901,9214.616911999901,0.0,0
2025-09-19 13:45:00,9214.616911999901,9214.616911999901,0.0,0
2025-09-19 14:00:00,9214.616911999901,9214.616911999901,0.0,0
2025-09-19 14:15:00,9214.616911999901,9214.616911999901,0.0,0
2025-09-19 14:30:00,9214.616911999901,9214.616911999901,0.0,0
2025-09-19 14:45:00,9214.616911999901,9214.616911999901,0.0,0
2025-09-19 15:00:00,9214.616911999901,9214.616911999901,0.0,0
2025-09-22 09:30:00,9214.616911999901,9214.616911999901,0.0,0
2025-09-22 09:45:00,9214.616911999901,9214.616911999901,0.0,0
2025-09-22 10:00:00,9214.616911999901,9214.616911999901,0.0,0
2025-09-22 10:15:00,9214.616911999901,9214.616911999901,0.0,0
2025-09-22 10:30:00,9214.616911999901,9214.616911999901,0.0,0
2025-09-22 10:45:00,9214.616911999901,9214.616911999901,0.0,0
2025-09-22 11:00:00,9214.616911999901,9214.616911999901,0.0,0
2025-09-22 11:15:00,9214.616911999901,9214.616911999901,0.0,0
2025-09-22 11:30:00,9214.616911999901,9214.616911999901,0.0,0
2025-09-22 13:00:00,9214.616911999901,9214.616911999901,0.0,0
2025-09-22 13:15:00,9214.616911999901,9214.616911999901,0.0,0
2025-09-22 13:30:00,9214.616911999901,9214.616911999901,0.0,0
2025-09-22 13:45:00,9214.616911999901,9214.616911999901,0.0,0
2025-09-22 14:00:00,9214.616911999901,9214.616911999901,0.0,0
2025-09-22 14:15:00,9214.616911999901,9214.616911999901,0.0,0
2025-09-22 14:30:00,9214.616911999901,9214.616911999901,0.0,0
2025-09-22 14:45:00,9214.616911999901,9214.616911999901,0.0,0
2025-09-22 15:00:00,9214.616911999901,9214.616911999901,0.0,0
2025-09-23 09:30:00,9214.616911999901,9214.616911999901,0.0,0
2025-09-23 09:45:00,9214.616911999901,9214.616911999901,0.0,0
2025-09-23 10:00:00,9214.616911999901,9214.616911999901,0.0,0
2025-09-23 10:15:00,9214.616911999901,9214.616911999901,0.0,0
2025-09-23 10:30:00,9214.616911999901,9214.616911999901,0.0,0
2025-09-23 10:45:00,9214.616911999901,9214.616911999901,0.0,0
2025-09-23 11:00:00,9214.616911999901,9214.616911999901,0.0,0
2025-09-23 11:15:00,9214.616911999901,9214.616911999901,0.0,0
2025-09-23 11:30:00,9214.616911999901,9214.616911999901,0.0,0
2025-09-23 13:00:00,9214.616911999901,9214.616911999901,0.0,0
2025-09-23 13:15:00,9214.616911999901,9214.616911999901,0.0,0
2025-09-23 13:30:00,9214.616911999901,9214.616911999901,0.0,0
2025-09-23 13:45:00,9214.616911999901,9214.616911999901,0.0,0
2025-09-23 14:00:00,9214.616911999901,9214.616911999901,0.0,0
2025-09-23 14:15:00,9214.616911999901,9214.616911999901,0.0,0
2025-09-23 14:30:00,9214.616911999901,9214.616911999901,0.0,0
2025-09-23 14:45:00,9214.616911999901,9214.616911999901,0.0,0
2025-09-23 15:00:00,9214.616911999901,9214.616911999901,0.0,0
2025-09-24 09:30:00,9214.616911999901,9214.616911999901,0.0,0
2025-09-24 09:45:00,9214.616911999901,9214.616911999901,0.0,0
2025-09-24 10:00:00,9214.616911999901,9214.616911999901,0.0,0
2025-09-24 10:15:00,9214.616911999901,9214.616911999901,0.0,0
2025-09-24 10:30:00,9214.616911999901,9214.616911999901,0.0,0
2025-09-24 10:45:00,9214.616911999901,9214.616911999901,0.0,0
2025-09-24 11:00:00,9214.616911999901,9214.616911999901,0.0,0
2025-09-24 11:15:00,9214.616911999901,9214.616911999901,0.0,0
2025-09-24 11:30:00,9214.616911999901,9214.616911999901,0.0,0
2025-09-24 13:00:00,9214.616911999901,9214.616911999901,0.0,0
2025-09-24 13:15:00,9214.616911999901,9214.616911999901,0.0,0
2025-09-24 13:30:00,9214.616911999901,9214.616911999901,0.0,0
2025-09-24 13:45:00,9214.616911999901,9214.616911999901,0.0,0
2025-09-24 14:00:00,9214.616911999901,9214.616911999901,0.0,0
2025-09-24 14:15:00,9214.616911999901,9214.616911999901,0.0,0
2025-09-24 14:30:00,9214.616911999901,9214.616911999901,0.0,0
2025-09-24 14:45:00,9214.616911999901,9214.616911999901,0.0,0
2025-09-24 15:00:00,9214.616911999901,9214.616911999901,0.0,0
2025-09-25 09:30:00,9214.616911999901,9214.616911999901,0.0,0
2025-09-25 09:45:00,9214.616911999901,9214.616911999901,0.0,0
2025-09-25 10:00:00,9214.616911999901,9214.616911999901,0.0,0
2025-09-25 10:15:00,9214.616911999901,9214.616911999901,0.0,0
2025-09-25 10:30:00,9214.616911999901,9214.616911999901,0.0,0
2025-09-25 10:45:00,9214.616911999901,9214.616911999901,0.0,0
2025-09-25 11:00:00,9214.616911999901,9214.616911999901,0.0,0
2025-09-25 11:15:00,9214.616911999901,9214.616911999901,0.0,0
2025-09-25 11:30:00,9214.616911999901,9214.616911999901,0.0,0
2025-09-25 13:00:00,9214.616911999901,9214.616911999901,0.0,0
2025-09-25 13:15:00,9214.616911999901,9214.616911999901,0.0,0
2025-09-25 13:30:00,9214.616911999901,9214.616911999901,0.0,0
2025-09-25 13:45:00,9214.616911999901,9214.616911999901,0.0,0
2025-09-25 14:00:00,9214.616911999901,9214.616911999901,0.0,0
2025-09-25 14:15:00,9214.616911999901,9214.616911999901,0.0,0
2025-09-25 14:30:00,9214.616911999901,9214.616911999901,0.0,0
2025-09-25 14:45:00,9214.616911999901,9214.616911999901,0.0,0
2025-09-25 15:00:00,9214.616911999901,9214.616911999901,0.0,0
2025-09-26 09:30:00,9214.616911999901,9214.616911999901,0.0,0
2025-09-26 09:45:00,9214.616911999901,9214.616911999901,0.0,0
2025-09-26 10:00:00,9214.616911999901,9214.616911999901,0.0,0
2025-09-26 10:15:00,9214.616911999901,9214.616911999901,0.0,0
2025-09-26 10:30:00,9214.616911999901,9214.616911999901,0.0,0
2025-09-26 10:45:00,9214.616911999901,9214.616911999901,0.0,0
2025-09-26 11:00:00,9214.616911999901,9214.616911999901,0.0,0
2025-09-26 11:15:00,9214.616911999901,9214.616911999901,0.0,0
2025-09-26 11:30:00,9214.616911999901,9214.616911999901,0.0,0
2025-09-26 13:00:00,9214.616911999901,9214.616911999901,0.0,0
2025-09-26 13:15:00,9214.616911999901,9214.616911999901,0.0,0
2025-09-26 13:30:00,9214.616911999901,9214.616911999901,0.0,0
2025-09-26 13:45:00,9214.616911999901,9214.616911999901,0.0,0
2025-09-26 14:00:00,9214.616911999901,9214.616911999901,0.0,0
2025-09-26 14:15:00,9214.616911999901,9214.616911999901,0.0,0
2025-09-26 14:30:00,9214.616911999901,9214.616911999901,0.0,0
2025-09-26 14:45:00,9214.616911999901,9214.616911999901,0.0,0
2025-09-26 15:00:00,9214.616911999901,9214.616911999901,0.0,0
2025-09-29 09:30:00,9214.616911999901,9214.616911999901,0.0,0
2025-09-29 09:45:00,9214.616911999901,9214.616911999901,0.0,0
2025-09-29 10:00:00,9214.616911999901,9214.616911999901,0.0,0
2025-09-29 10:15:00,9214.616911999901,9214.616911999901,0.0,0
2025-09-29 10:30:00,9214.616911999901,9214.616911999901,0.0,0
2025-09-29 10:45:00,9214.616911999901,9214.616911999901,0.0,0
2025-09-29 11:00:00,9214.616911999901,9214.616911999901,0.0,0
2025-09-29 11:15:00,9214.616911999901,9214.616911999901,0.0,0
2025-09-29 11:30:00,9214.616911999901,9214.616911999901,0.0,0
2025-09-29 13:00:00,9214.616911999901,9214.616911999901,0.0,0
2025-09-29 13:15:00,9214.616911999901,9214.616911999901,0.0,0
2025-09-29 13:30:00,9214.616911999901,9214.616911999901,0.0,0
2025-09-29 13:45:00,9214.616911999901,9214.616911999901,0.0,0
2025-09-29 14:00:00,9214.616911999901,9214.616911999901,0.0,0
2025-09-29 14:15:00,9214.616911999901,9214.616911999901,0.0,0
2025-09-29 14:30:00,9214.616911999901,9214.616911999901,0.0,0
2025-09-29 14:45:00,9214.616911999901,9214.616911999901,0.0,0
2025-09-29 15:00:00,9214.616911999901,9214.616911999901,0.0,0
2025-09-30 09:30:00,9214.616911999901,9214.616911999901,0.0,0
2025-09-30 09:45:00,9214.616911999901,9214.616911999901,0.0,0
2025-09-30 10:00:00,9214.616911999901,9214.616911999901,0.0,0
2025-09-30 10:15:00,9214.616911999901,9214.616911999901,0.0,0
2025-09-30 10:30:00,9214.616911999901,9214.616911999901,0.0,0
2025-09-30 10:45:00,9214.616911999901,9214.616911999901,0.0,0
2025-09-30 11:00:00,9214.616911999901,9214.616911999901,0.0,0
2025-09-30 11:15:00,9214.616911999901,9214.616911999901,0.0,0
2025-09-30 11:30:00,9214.616911999901,9214.616911999901,0.0,0
2025-09-30 13:00:00,9214.616911999901,9214.616911999901,0.0,0
2025-09-30 13:15:00,9214.616911999901,9214.616911999901,0.0,0
2025-09-30 13:30:00,9214.616911999901,9214.616911999901,0.0,0
2025-09-30 13:45:00,9214.616911999901,9214.616911999901,0.0,0
2025-09-30 14:00:00,9214.616911999901,9214.616911999901,0.0,0
2025-09-30 14:15:00,9214.616911999901,9214.616911999901,0.0,0
2025-09-30 14:30:00,9214.616911999901,9214.616911999901,0.0,0
2025-09-30 14:45:00,9214.616911999901,9214.616911999901,0.0,0
2025-09-30 15:00:00,9214.616911999901,9214.616911999901,0.0,0
2025-10-09 09:30:00,9214.616911999901,9214.616911999901,0.0,0
2025-10-09 09:45:00,9214.616911999901,9214.616911999901,0.0,0
2025-10-09 10:00:00,9214.616911999901,9214.616911999901,0.0,0
2025-10-09 10:15:00,9214.616911999901,9214.616911999901,0.0,0
2025-10-09 10:30:00,9214.616911999901,9214.616911999901,0.0,0
2025-10-09 10:45:00,9214.616911999901,9214.616911999901,0.0,0
2025-10-09 11:00:00,9214.616911999901,9214.616911999901,0.0,0
2025-10-09 11:15:00,9214.616911999901,9214.616911999901,0.0,0
2025-10-09 11:30:00,9214.616911999901,9214.616911999901,0.0,0
2025-10-09 13:00:00,9214.616911999901,9214.616911999901,0.0,0
2025-10-09 13:15:00,9214.616911999901,9214.616911999901,0.0,0
2025-10-09 13:30:00,9214.616911999901,9214.616911999901,0.0,0
2025-10-09 13:45:00,9214.616911999901,9214.616911999901,0.0,0
2025-10-09 14:00:00,9214.616911999901,9214.616911999901,0.0,0
2025-10-09 14:15:00,9214.616911999901,9214.616911999901,0.0,0
2025-10-09 14:30:00,9214.616911999901,9214.616911999901,0.0,0
2025-10-09 14:45:00,9214.616911999901,9214.616911999901,0.0,0
2025-10-09 15:00:00,9214.616911999901,9214.616911999901,0.0,0
2025-10-10 09:30:00,9214.616911999901,9214.616911999901,0.0,0
2025-10-10 09:45:00,9214.616911999901,9214.616911999901,0.0,0
2025-10-10 10:00:00,9214.616911999901,9214.616911999901,0.0,0
2025-10-10 10:15:00,9214.616911999901,9214.616911999901,0.0,0
2025-10-10 10:30:00,9214.616911999901,9214.616911999901,0.0,0
2025-10-10 10:45:00,9214.616911999901,9214.616911999901,0.0,0
2025-10-10 11:00:00,9214.616911999901,9214.616911999901,0.0,0
2025-10-10 11:15:00,9214.616911999901,9214.616911999901,0.0,0
2025-10-10 11:30:00,9214.616911999901,9214.616911999901,0.0,0
2025-10-10 13:00:00,9214.616911999901,9214.616911999901,0.0,0
2025-10-10 13:15:00,9214.616911999901,9214.616911999901,0.0,0
2025-10-10 13:30:00,9214.616911999901,9214.616911999901,0.0,0
2025-10-10 13:45:00,9214.616911999901,9214.616911999901,0.0,0
2025-10-10 14:00:00,9214.616911999901,9214.616911999901,0.0,0
2025-10-10 14:15:00,9214.616911999901,9214.616911999901,0.0,0
2025-10-10 14:30:00,9214.616911999901,9214.616911999901,0.0,0
2025-10-10 14:45:00,9214.616911999901,9214.616911999901,0.0,0
2025-10-10 15:00:00,9214.616911999901,9214.616911999901,0.0,0
2025-10-13 09:30:00,9214.616911999901,9214.616911999901,0.0,0
2025-10-13 09:45:00,9214.616911999901,9214.616911999901,0.0,0
2025-10-13 10:00:00,9214.616911999901,9214.616911999901,0.0,0
2025-10-13 10:15:00,9214.616911999901,9214.616911999901,0.0,0
2025-10-13 10:30:00,9214.616911999901,9214.616911999901,0.0,0
2025-10-13 10:45:00,9214.616911999901,9214.616911999901,0.0,0
2025-10-13 11:00:00,9214.616911999901,9214.616911999901,0.0,0
2025-10-13 11:15:00,9214.616911999901,9214.616911999901,0.0,0
2025-10-13 11:30:00,9214.616911999901,9214.616911999901,0.0,0
2025-10-13 13:00:00,9214.616911999901,9214.616911999901,0.0,0
2025-10-13 13:15:00,9214.616911999901,9214.616911999901,0.0,0
2025-10-13 13:30:00,9214.616911999901,9214.616911999901,0.0,0
2025-10-13 13:45:00,9214.616911999901,9214.616911999901,0.0,0
2025-10-13 14:00:00,9214.616911999901,9214.616911999901,0.0,0
2025-10-13 14:15:00,9214.616911999901,9214.616911999901,0.0,0
2025-10-13 14:30:00,9214.616911999901,9214.616911999901,0.0,0
2025-10-13 14:45:00,9214.616911999901,9214.616911999901,0.0,0
2025-10-13 15:00:00,9214.616911999901,9214.616911999901,0.0,0
2025-10-14 09:30:00,9214.616911999901,9214.616911999901,0.0,0
2025-10-14 09:45:00,9214.616911999901,9214.616911999901,0.0,0
2025-10-14 10:00:00,9214.616911999901,9214.616911999901,0.0,0
2025-10-14 10:15:00,9214.616911999901,9214.616911999901,0.0,0
2025-10-14 10:30:00,9214.616911999901,9214.616911999901,0.0,0
2025-10-14 10:45:00,9214.616911999901,9214.616911999901,0.0,0
2025-10-14 11:00:00,9214.616911999901,9214.616911999901,0.0,0
2025-10-14 11:15:00,9214.616911999901,9214.616911999901,0.0,0
2025-10-14 11:30:00,9214.616911999901,9214.616911999901,0.0,0
2025-10-14 13:00:00,9214.616911999901,9214.616911999901,0.0,0
2025-10-14 13:15:00,9214.616911999901,9214.616911999901,0.0,0
2025-10-14 13:30:00,9214.616911999901,9214.616911999901,0.0,0
2025-10-14 13:45:00,9214.616911999901,9214.616911999901,0.0,0
2025-10-14 14:00:00,9214.616911999901,9214.616911999901,0.0,0
2025-10-14 14:15:00,9214.616911999901,9214.616911999901,0.0,0
2025-10-14 14:30:00,9214.616911999901,9214.616911999901,0.0,0
2025-10-14 14:45:00,9214.616911999901,9214.616911999901,0.0,0
2025-10-14 15:00:00,9214.616911999901,9214.616911999901,0.0,0
2025-10-15 09:30:00,9214.616911999901,9214.616911999901,0.0,0
2025-10-15 09:45:00,9214.616911999901,9214.616911999901,0.0,0
2025-10-15 10:00:00,9214.616911999901,9214.616911999901,0.0,0
2025-10-15 10:15:00,9214.616911999901,9214.616911999901,0.0,0
2025-10-15 10:30:00,9214.616911999901,9214.616911999901,0.0,0
2025-10-15 10:45:00,9214.616911999901,9214.616911999901,0.0,0
2025-10-15 11:00:00,9214.616911999901,9214.616911999901,0.0,0
2025-10-15 11:15:00,9214.616911999901,9214.616911999901,0.0,0
2025-10-15 11:30:00,9214.616911999901,9214.616911999901,0.0,0
2025-10-15 13:00:00,9214.616911999901,9214.616911999901,0.0,0
2025-10-15 13:15:00,9214.616911999901,9214.616911999901,0.0,0
2025-10-15 13:30:00,9214.616911999901,9214.616911999901,0.0,0
2025-10-15 13:45:00,9214.616911999901,9214.616911999901,0.0,0
2025-10-15 14:00:00,9214.616911999901,9214.616911999901,0.0,0
2025-10-15 14:15:00,9214.616911999901,9214.616911999901,0.0,0
2025-10-15 14:30:00,9214.616911999901,9214.616911999901,0.0,0
2025-10-15 14:45:00,9214.616911999901,9214.616911999901,0.0,0
2025-10-15 15:00:00,9214.616911999901,9214.616911999901,0.0,0
2025-10-16 09:30:00,9214.616911999901,9214.616911999901,0.0,0
2025-10-16 09:45:00,9214.616911999901,9214.616911999901,0.0,0
2025-10-16 10:00:00,9214.616911999901,9214.616911999901,0.0,0
2025-10-16 10:15:00,9214.616911999901,9214.616911999901,0.0,0
2025-10-16 10:30:00,9214.616911999901,9214.616911999901,0.0,0
2025-10-16 10:45:00,9214.616911999901,9214.616911999901,0.0,0
2025-10-16 11:00:00,9214.616911999901,9214.616911999901,0.0,0
2025-10-16 11:15:00,9214.616911999901,9214.616911999901,0.0,0
2025-10-16 11:30:00,9214.616911999901,9214.616911999901,0.0,0
2025-10-16 13:00:00,9214.616911999901,9214.616911999901,0.0,0
2025-10-16 13:15:00,9214.616911999901,9214.616911999901,0.0,0
2025-10-16 13:30:00,9214.616911999901,9214.616911999901,0.0,0
2025-10-16 13:45:00,9214.616911999901,9214.616911999901,0.0,0
2025-10-16 14:00:00,9214.616911999901,9214.616911999901,0.0,0
2025-10-16 14:15:00,9214.616911999901,9214.616911999901,0.0,0
2025-10-16 14:30:00,9214.616911999901,9214.616911999901,0.0,0
2025-10-16 14:45:00,9214.616911999901,9214.616911999901,0.0,0
2025-10-16 15:00:00,9214.616911999901,9214.616911999901,0.0,0
2025-10-17 09:30:00,9214.616911999901,9214.616911999901,0.0,0
2025-10-17 09:45:00,9214.616911999901,9214.616911999901,0.0,0
2025-10-17 10:00:00,9214.616911999901,9214.616911999901,0.0,0
2025-10-17 10:15:00,9214.616911999901,9214.616911999901,0.0,0
2025-10-17 10:30:00,9214.616911999901,9214.616911999901,0.0,0
2025-10-17 10:45:00,9214.616911999901,9214.616911999901,0.0,0
2025-10-17 11:00:00,9214.616911999901,9214.616911999901,0.0,0
2025-10-17 11:15:00,9214.616911999901,9214.616911999901,0.0,0
2025-10-17 11:30:00,9214.616911999901,9214.616911999901,0.0,0
2025-10-17 13:00:00,9214.616911999901,9214.616911999901,0.0,0
2025-10-17 13:15:00,9214.616911999901,9214.616911999901,0.0,0
2025-10-17 13:30:00,9214.616911999901,9214.616911999901,0.0,0
2025-10-17 13:45:00,9214.616911999901,9214.616911999901,0.0,0
2025-10-17 14:00:00,9214.616911999901,9214.616911999901,0.0,0
2025-10-17 14:15:00,9214.616911999901,9214.616911999901,0.0,0
2025-10-17 14:30:00,9214.616911999901,9214.616911999901,0.0,0
2025-10-17 14:45:00,9214.616911999901,9214.616911999901,0.0,0
2025-10-17 15:00:00,9214.616911999901,9214.616911999901,0.0,0
2025-10-20 09:30:00,9214.616911999901,9214.616911999901,0.0,0
2025-10-20 09:45:00,9214.616911999901,9214.616911999901,0.0,0
2025-10-20 10:00:00,9214.616911999901,9214.616911999901,0.0,0
2025-10-20 10:15:00,9214.616911999901,9214.616911999901,0.0,0
2025-10-20 10:30:00,9214.616911999901,9214.616911999901,0.0,0
2025-10-20 10:45:00,9214.616911999901,9214.616911999901,0.0,0
2025-10-20 11:00:00,9214.616911999901,9214.616911999901,0.0,0
2025-10-20 11:15:00,9214.616911999901,9214.616911999901,0.0,0
2025-10-20 11:30:00,9214.616911999901,9214.616911999901,0.0,0
2025-10-20 13:00:00,9214.616911999901,9214.616911999901,0.0,0
2025-10-20 13:15:00,9214.616911999901,9214.616911999901,0.0,0
2025-10-20 13:30:00,9214.616911999901,9214.616911999901,0.0,0
2025-10-20 13:45:00,9214.616911999901,9214.616911999901,0.0,0
2025-10-20 14:00:00,9214.616911999901,9214.616911999901,0.0,0
2025-10-20 14:15:00,9214.616911999901,9214.616911999901,0.0,0
2025-10-20 14:30:00,9214.616911999901,9214.616911999901,0.0,0
2025-10-20 14:45:00,9214.616911999901,9214.616911999901,0.0,0
2025-10-20 15:00:00,9214.616911999901,9214.616911999901,0.0,0
2025-10-21 09:30:00,9214.616911999901,9214.616911999901,0.0,0
2025-10-21 09:45:00,9214.616911999901,9214.616911999901,0.0,0
2025-10-21 10:00:00,9214.616911999901,9214.616911999901,0.0,0
2025-10-21 10:15:00,9214.616911999901,9214.616911999901,0.0,0
2025-10-21 10:30:00,9214.616911999901,9214.616911999901,0.0,0
2025-10-21 10:45:00,9214.616911999901,9214.616911999901,0.0,0
2025-10-21 11:00:00,9214.616911999901,9214.616911999901,0.0,0
2025-10-21 11:15:00,9214.616911999901,9214.616911999901,0.0,0
2025-10-21 11:30:00,9214.616911999901,9214.616911999901,0.0,0
2025-10-21 13:00:00,9214.616911999901,9214.616911999901,0.0,0
2025-10-21 13:15:00,9214.616911999901,9214.616911999901,0.0,0
2025-10-21 13:30:00,9214.616911999901,9214.616911999901,0.0,0
2025-10-21 13:45:00,9214.616911999901,9214.616911999901,0.0,0
2025-10-21 14:00:00,9214.616911999901,9214.616911999901,0.0,0
2025-10-21 14:15:00,9214.616911999901,9214.616911999901,0.0,0
2025-10-21 14:30:00,9214.616911999901,9214.616911999901,0.0,0
2025-10-21 14:45:00,9214.616911999901,9214.616911999901,0.0,0
2025-10-21 15:00:00,9214.616911999901,9214.616911999901,0.0,0
2025-10-22 09:30:00,9214.616911999901,9214.616911999901,0.0,0
2025-10-22 09:45:00,9214.616911999901,9214.616911999901,0.0,0
2025-10-22 10:00:00,9214.616911999901,9214.616911999901,0.0,0
2025-10-22 10:15:00,9214.616911999901,9214.616911999901,0.0,0
2025-10-22 10:30:00,9214.616911999901,9214.616911999901,0.0,0
2025-10-22 10:45:00,9214.616911999901,9214.616911999901,0.0,0
2025-10-22 11:00:00,9214.616911999901,9214.616911999901,0.0,0
2025-10-22 11:15:00,9214.616911999901,9214.616911999901,0.0,0
2025-10-22 11:30:00,9214.616911999901,9214.616911999901,0.0,0
2025-10-22 13:00:00,9214.616911999901,9214.616911999901,0.0,0
2025-10-22 13:15:00,9214.616911999901,9214.616911999901,0.0,0
2025-10-22 13:30:00,9214.616911999901,9214.616911999901,0.0,0
2025-10-22 13:45:00,9214.616911999901,9214.616911999901,0.0,0
2025-10-22 14:00:00,9214.616911999901,9214.616911999901,0.0,0
2025-10-22 14:15:00,9214.616911999901,9214.616911999901,0.0,0
2025-10-22 14:30:00,9214.616911999901,9214.616911999901,0.0,0
2025-10-22 14:45:00,9214.616911999901,9214.616911999901,0.0,0
2025-10-22 15:00:00,9214.616911999901,9214.616911999901,0.0,0
2025-10-23 09:30:00,9214.616911999901,9214.616911999901,0.0,0
2025-10-23 09:45:00,9214.616911999901,9214.616911999901,0.0,0
2025-10-23 10:00:00,9214.616911999901,9214.616911999901,0.0,0
2025-10-23 10:15:00,9214.616911999901,9214.616911999901,0.0,0
2025-10-23 10:30:00,9214.616911999901,9214.616911999901,0.0,0
2025-10-23 10:45:00,9214.616911999901,9214.616911999901,0.0,0
2025-10-23 11:00:00,9214.616911999901,9214.616911999901,0.0,0
2025-10-23 11:15:00,9214.616911999901,9214.616911999901,0.0,0
2025-10-23 11:30:00,9214.616911999901,9214.616911999901,0.0,0
2025-10-23 13:00:00,9214.616911999901,9214.616911999901,0.0,0
2025-10-23 13:15:00,9214.616911999901,9214.616911999901,0.0,0
2025-10-23 13:30:00,9214.616911999901,9214.616911999901,0.0,0
2025-10-23 13:45:00,9214.616911999901,9214.616911999901,0.0,0
2025-10-23 14:00:00,9214.616911999901,9214.616911999901,0.0,0
2025-10-23 14:15:00,9214.616911999901,9214.616911999901,0.0,0
2025-10-23 14:30:00,9214.616911999901,9214.616911999901,0.0,0
2025-10-23 14:45:00,9214.616911999901,9214.616911999901,0.0,0
2025-10-23 15:00:00,9214.616911999901,9214.616911999901,0.0,0
2025-10-24 09:30:00,9214.616911999901,9214.616911999901,0.0,0
2025-10-24 09:45:00,9214.616911999901,9214.616911999901,0.0,0
2025-10-24 10:00:00,9214.616911999901,9214.616911999901,0.0,0
2025-10-24 10:15:00,9214.616911999901,9214.616911999901,0.0,0
2025-10-24 10:30:00,9214.616911999901,9214.616911999901,0.0,0
2025-10-24 10:45:00,9214.616911999901,9214.616911999901,0.0,0
2025-10-24 11:00:00,9214.616911999901,9214.616911999901,0.0,0
2025-10-24 11:15:00,9214.616911999901,9214.616911999901,0.0,0
2025-10-24 11:30:00,9214.616911999901,9214.616911999901,0.0,0
2025-10-24 13:00:00,9214.616911999901,9214.616911999901,0.0,0
2025-10-24 13:15:00,9214.616911999901,9214.616911999901,0.0,0
2025-10-24 13:30:00,9214.616911999901,9214.616911999901,0.0,0
2025-10-24 13:45:00,9214.616911999901,9214.616911999901,0.0,0
2025-10-24 14:00:00,9214.616911999901,9214.616911999901,0.0,0
2025-10-24 14:15:00,9214.616911999901,9214.616911999901,0.0,0
2025-10-24 14:30:00,9214.616911999901,9214.616911999901,0.0,0
2025-10-24 14:45:00,9214.616911999901,9214.616911999901,0.0,0
2025-10-24 15:00:00,9214.616911999901,9214.616911999901,0.0,0
2025-10-27 09:30:00,9214.616911999901,9214.616911999901,0.0,0
2025-10-27 09:45:00,9214.616911999901,9214.616911999901,0.0,0
2025-10-27 10:00:00,9214.616911999901,9214.616911999901,0.0,0
2025-10-27 10:15:00,9214.616911999901,9214.616911999901,0.0,0
2025-10-27 10:30:00,9214.616911999901,9214.616911999901,0.0,0
2025-10-27 10:45:00,9214.616911999901,9214.616911999901,0.0,0
2025-10-27 11:00:00,9214.616911999901,9214.616911999901,0.0,0
2025-10-27 11:15:00,9214.616911999901,9214.616911999901,0.0,0
2025-10-27 11:30:00,9214.616911999901,9214.616911999901,0.0,0
2025-10-27 13:00:00,9214.616911999901,9214.616911999901,0.0,0
2025-10-27 13:15:00,9214.616911999901,9214.616911999901,0.0,0
2025-10-27 13:30:00,9214.616911999901,9214.616911999901,0.0,0
2025-10-27 13:45:00,9214.616911999901,9214.616911999901,0.0,0
2025-10-27 14:00:00,9214.616911999901,9214.616911999901,0.0,0
2025-10-27 14:15:00,9214.616911999901,9214.616911999901,0.0,0
2025-10-27 14:30:00,9214.616911999901,9214.616911999901,0.0,0
2025-10-27 14:45:00,9214.616911999901,9214.616911999901,0.0,0
2025-10-27 15:00:00,9214.616911999901,9214.616911999901,0.0,0
2025-10-28 09:30:00,9214.616911999901,9214.616911999901,0.0,0
2025-10-28 09:45:00,9214.616911999901,9214.616911999901,0.0,0
2025-10-28 10:00:00,9214.616911999901,9214.616911999901,0.0,0
2025-10-28 10:15:00,9214.616911999901,9214.616911999901,0.0,0
2025-10-28 10:30:00,9214.616911999901,9214.616911999901,0.0,0
2025-10-28 10:45:00,9214.616911999901,9214.616911999901,0.0,0
2025-10-28 11:00:00,9214.616911999901,9214.616911999901,0.0,0
2025-10-28 11:15:00,9214.616911999901,9214.616911999901,0.0,0
2025-10-28 11:30:00,9214.616911999901,9214.616911999901,0.0,0
2025-10-28 13:00:00,9214.616911999901,9214.616911999901,0.0,0
2025-10-28 13:15:00,9214.616911999901,9214.616911999901,0.0,0
2025-10-28 13:30:00,9214.616911999901,9214.616911999901,0.0,0
2025-10-28 13:45:00,9214.616911999901,9214.616911999901,0.0,0
2025-10-28 14:00:00,9214.616911999901,9214.616911999901,0.0,0
2025-10-28 14:15:00,9214.616911999901,9214.616911999901,0.0,0
2025-10-28 14:30:00,9214.616911999901,9214.616911999901,0.0,0
2025-10-28 14:45:00,9214.616911999901,9214.616911999901,0.0,0
2025-10-28 15:00:00,9214.616911999901,9214.616911999901,0.0,0
2025-10-29 09:30:00,9214.616911999901,9214.616911999901,0.0,0
2025-10-29 09:45:00,9214.616911999901,9214.616911999901,0.0,0
2025-10-29 10:00:00,9214.616911999901,9214.616911999901,0.0,0
2025-10-29 10:15:00,9214.616911999901,9214.616911999901,0.0,0
2025-10-29 10:30:00,9214.616911999901,9214.616911999901,0.0,0
2025-10-29 10:45:00,9214.616911999901,9214.616911999901,0.0,0
2025-10-29 11:00:00,9214.616911999901,9214.616911999901,0.0,0
2025-10-29 11:15:00,9214.616911999901,9214.616911999901,0.0,0
2025-10-29 11:30:00,9214.616911999901,9214.616911999901,0.0,0
2025-10-29 13:00:00,9214.616911999901,9214.616911999901,0.0,0
2025-10-29 13:15:00,9214.616911999901,9214.616911999901,0.0,0
2025-10-29 13:30:00,9214.616911999901,9214.616911999901,0.0,0
2025-10-29 13:45:00,9214.616911999901,9214.616911999901,0.0,0
2025-10-29 14:00:00,9214.616911999901,9214.616911999901,0.0,0
2025-10-29 14:15:00,9214.616911999901,9214.616911999901,0.0,0
2025-10-29 14:30:00,9214.616911999901,9214.616911999901,0.0,0
2025-10-29 14:45:00,9214.616911999901,9214.616911999901,0.0,0
2025-10-29 15:00:00,9214.616911999901,9214.616911999901,0.0,0
2025-10-30 09:30:00,9214.616911999901,9214.616911999901,0.0,0
2025-10-30 09:45:00,9214.616911999901,9214.616911999901,0.0,0
2025-10-30 10:00:00,9214.616911999901,9214.616911999901,0.0,0
2025-10-30 10:15:00,9214.616911999901,9214.616911999901,0.0,0
2025-10-30 10:30:00,9214.616911999901,9214.616911999901,0.0,0
2025-10-30 10:45:00,9214.616911999901,9214.616911999901,0.0,0
2025-10-30 11:00:00,9214.616911999901,9214.616911999901,0.0,0
2025-10-30 11:15:00,9214.616911999901,9214.616911999901,0.0,0
2025-10-30 11:30:00,9214.616911999901,9214.616911999901,0.0,0
2025-10-30 13:00:00,9214.616911999901,9214.616911999901,0.0,0
2025-10-30 13:15:00,9214.616911999901,9214.616911999901,0.0,0
2025-10-30 13:30:00,9214.616911999901,9214.616911999901,0.0,0
2025-10-30 13:45:00,9214.616911999901,9214.616911999901,0.0,0
2025-10-30 14:00:00,9214.616911999901,9214.616911999901,0.0,0
2025-10-30 14:15:00,9214.616911999901,9214.616911999901,0.0,0
2025-10-30 14:30:00,9214.616911999901,9214.616911999901,0.0,0
2025-10-30 14:45:00,9214.616911999901,9214.616911999901,0.0,0
2025-10-30 15:00:00,9214.616911999901,9214.616911999901,0.0,0
2025-10-31 09:30:00,9214.616911999901,9214.616911999901,0.0,0
2025-10-31 09:45:00,9214.616911999901,9214.616911999901,0.0,0
2025-10-31 10:00:00,9214.616911999901,9214.616911999901,0.0,0
2025-10-31 10:15:00,9214.616911999901,9214.616911999901,0.0,0
2025-10-31 10:30:00,9214.616911999901,9214.616911999901,0.0,0
2025-10-31 10:45:00,9214.616911999901,9214.616911999901,0.0,0
2025-10-31 11:00:00,9214.616911999901,9214.616911999901,0.0,0
2025-10-31 11:15:00,9214.616911999901,9214.616911999901,0.0,0
2025-10-31 11:30:00,9214.616911999901,9214.616911999901,0.0,0
2025-10-31 13:00:00,9214.616911999901,9214.616911999901,0.0,0
2025-10-31 13:15:00,9214.616911999901,9214.616911999901,0.0,0
2025-10-31 13:30:00,9214.616911999901,9214.616911999901,0.0,0
2025-10-31 13:45:00,9214.616911999901,9214.616911999901,0.0,0
2025-10-31 14:00:00,9214.616911999901,9214.616911999901,0.0,0
2025-10-31 14:15:00,9214.616911999901,9214.616911999901,0.0,0
2025-10-31 14:30:00,9214.616911999901,9214.616911999901,0.0,0
2025-10-31 14:45:00,9214.616911999901,9214.616911999901,0.0,0
2025-10-31 15:00:00,9214.616911999901,9214.616911999901,0.0,0
2025-11-03 09:30:00,9214.616911999901,9214.616911999901,0.0,0
2025-11-03 09:45:00,9214.616911999901,9214.616911999901,0.0,0
2025-11-03 10:00:00,9214.616911999901,9214.616911999901,0.0,0
2025-11-03 10:15:00,9214.616911999901,9214.616911999901,0.0,0
2025-11-03 10:30:00,9214.616911999901,9214.616911999901,0.0,0
2025-11-03 10:45:00,9214.616911999901,9214.616911999901,0.0,0
2025-11-03 11:00:00,9214.616911999901,9214.616911999901,0.0,0
2025-11-03 11:15:00,9214.616911999901,9214.616911999901,0.0,0
2025-11-03 11:30:00,9214.616911999901,9214.616911999901,0.0,0
2025-11-03 13:00:00,9214.616911999901,9214.616911999901,0.0,0
2025-11-03 13:15:00,9214.616911999901,9214.616911999901,0.0,0
2025-11-03 13:30:00,9214.616911999901,9214.616911999901,0.0,0
2025-11-03 13:45:00,9214.616911999901,9214.616911999901,0.0,0
2025-11-03 14:00:00,9214.616911999901,9214.616911999901,0.0,0
2025-11-03 14:15:00,9214.616911999901,9214.616911999901,0.0,0
2025-11-03 14:30:00,9214.616911999901,9214.616911999901,0.0,0
2025-11-03 14:45:00,9214.616911999901,9214.616911999901,0.0,0
2025-11-03 15:00:00,9214.616911999901,9214.616911999901,0.0,0
2025-11-04 09:30:00,9214.616911999901,9214.616911999901,0.0,0
2025-11-04 09:45:00,9214.616911999901,9214.616911999901,0.0,0
2025-11-04 10:00:00,9214.616911999901,9214.616911999901,0.0,0
2025-11-04 10:15:00,9214.616911999901,9214.616911999901,0.0,0
2025-11-04 10:30:00,9214.616911999901,9214.616911999901,0.0,0
2025-11-04 10:45:00,9214.616911999901,9214.616911999901,0.0,0
2025-11-04 11:00:00,9214.616911999901,9214.616911999901,0.0,0
2025-11-04 11:15:00,9214.616911999901,9214.616911999901,0.0,0
2025-11-04 11:30:00,9214.616911999901,9214.616911999901,0.0,0
2025-11-04 13:00:00,9214.616911999901,9214.616911999901,0.0,0
2025-11-04 13:15:00,9214.616911999901,9214.616911999901,0.0,0
2025-11-04 13:30:00,9214.616911999901,9214.616911999901,0.0,0
2025-11-04 13:45:00,9214.616911999901,9214.616911999901,0.0,0
2025-11-04 14:00:00,9214.616911999901,9214.616911999901,0.0,0
2025-11-04 14:15:00,9214.616911999901,9214.616911999901,0.0,0
2025-11-04 14:30:00,9214.616911999901,9214.616911999901,0.0,0
2025-11-04 14:45:00,9214.616911999901,9214.616911999901,0.0,0
2025-11-04 15:00:00,9214.616911999901,9214.616911999901,0.0,0
2025-11-05 09:30:00,9214.616911999901,9214.616911999901,0.0,0
2025-11-05 09:45:00,9214.616911999901,9214.616911999901,0.0,0
2025-11-05 10:00:00,9214.616911999901,9214.616911999901,0.0,0
2025-11-05 10:15:00,9214.616911999901,9214.616911999901,0.0,0
2025-11-05 10:30:00,9214.616911999901,9214.616911999901,0.0,0
2025-11-05 10:45:00,9214.616911999901,9214.616911999901,0.0,0
2025-11-05 11:00:00,9214.616911999901,9214.616911999901,0.0,0
2025-11-05 11:15:00,9214.616911999901,9214.616911999901,0.0,0
2025-11-05 11:30:00,9214.616911999901,9214.616911999901,0.0,0
2025-11-05 13:00:00,9214.616911999901,9214.616911999901,0.0,0
2025-11-05 13:15:00,9214.616911999901,9214.616911999901,0.0,0
2025-11-05 13:30:00,9214.616911999901,9214.616911999901,0.0,0
2025-11-05 13:45:00,9214.616911999901,9214.616911999901,0.0,0
2025-11-05 14:00:00,9214.616911999901,9214.616911999901,0.0,0
2025-11-05 14:15:00,9214.616911999901,9214.616911999901,0.0,0
2025-11-05 14:30:00,9214.616911999901,9214.616911999901,0.0,0
2025-11-05 14:45:00,9214.616911999901,9214.616911999901,0.0,0
2025-11-05 15:00:00,9214.616911999901,9214.616911999901,0.0,0
2025-11-06 09:30:00,9214.616911999901,9214.616911999901,0.0,0
2025-11-06 09:45:00,9214.616911999901,9214.616911999901,0.0,0
2025-11-06 10:00:00,9214.616911999901,9214.616911999901,0.0,0
2025-11-06 10:15:00,9214.616911999901,9214.616911999901,0.0,0
2025-11-06 10:30:00,9214.616911999901,9214.616911999901,0.0,0
2025-11-06 10:45:00,9214.616911999901,9214.616911999901,0.0,0
2025-11-06 11:00:00,9214.616911999901,9214.616911999901,0.0,0
2025-11-06 11:15:00,9214.616911999901,9214.616911999901,0.0,0
2025-11-06 11:30:00,9214.616911999901,9214.616911999901,0.0,0
2025-11-06 13:00:00,9214.616911999901,9214.616911999901,0.0,0
2025-11-06 13:15:00,9214.616911999901,9214.616911999901,0.0,0
2025-11-06 13:30:00,9214.616911999901,9214.616911999901,0.0,0
2025-11-06 13:45:00,9214.616911999901,9214.616911999901,0.0,0
2025-11-06 14:00:00,9214.616911999901,9214.616911999901,0.0,0
2025-11-06 14:15:00,9214.616911999901,9214.616911999901,0.0,0
2025-11-06 14:30:00,9214.616911999901,9214.616911999901,0.0,0
2025-11-06 14:45:00,9214.616911999901,9214.616911999901,0.0,0
2025-11-06 15:00:00,9214.616911999901,9214.616911999901,0.0,0
2025-11-07 09:30:00,9214.616911999901,9214.616911999901,0.0,0
2025-11-07 09:45:00,9214.616911999901,9214.616911999901,0.0,0
2025-11-07 10:00:00,9214.616911999901,9214.616911999901,0.0,0
2025-11-07 10:15:00,9214.616911999901,9214.616911999901,0.0,0
2025-11-07 10:30:00,9214.616911999901,9214.616911999901,0.0,0
2025-11-07 10:45:00,9214.616911999901,9214.616911999901,0.0,0
2025-11-07 11:00:00,9214.616911999901,9214.616911999901,0.0,0
2025-11-07 11:15:00,9214.616911999901,9214.616911999901,0.0,0
2025-11-07 11:30:00,9214.616911999901,9214.616911999901,0.0,0
2025-11-07 13:00:00,9214.616911999901,9214.616911999901,0.0,0
2025-11-07 13:15:00,9214.616911999901,9214.616911999901,0.0,0
2025-11-07 13:30:00,9214.616911999901,9214.616911999901,0.0,0
2025-11-07 13:45:00,9214.616911999901,9214.616911999901,0.0,0
2025-11-07 14:00:00,9214.616911999901,9214.616911999901,0.0,0
2025-11-07 14:15:00,9214.616911999901,9214.616911999901,0.0,0
2025-11-07 14:30:00,9214.616911999901,9214.616911999901,0.0,0
2025-11-07 14:45:00,9214.616911999901,9214.616911999901,0.0,0
2025-11-07 15:00:00,9214.616911999901,9214.616911999901,0.0,0
2025-11-10 09:30:00,9214.616911999901,9214.616911999901,0.0,0
2025-11-10 09:45:00,9214.616911999901,9214.616911999901,0.0,0
2025-11-10 10:00:00,9214.616911999901,9214.616911999901,0.0,0
2025-11-10 10:15:00,9214.616911999901,9214.616911999901,0.0,0
2025-11-10 10:30:00,9214.616911999901,9214.616911999901,0.0,0
2025-11-10 10:45:00,9214.616911999901,9214.616911999901,0.0,0
2025-11-10 11:00:00,9214.616911999901,9214.616911999901,0.0,0
2025-11-10 11:15:00,9214.616911999901,9214.616911999901,0.0,0
2025-11-10 11:30:00,9214.616911999901,9214.616911999901,0.0,0
2025-11-10 13:00:00,9214.616911999901,9214.616911999901,0.0,0
2025-11-10 13:15:00,9214.616911999901,9214.616911999901,0.0,0
2025-11-10 13:30:00,9214.616911999901,9214.616911999901,0.0,0
2025-11-10 13:45:00,9214.616911999901,9214.616911999901,0.0,0
2025-11-10 14:00:00,9214.616911999901,9214.616911999901,0.0,0
2025-11-10 14:15:00,9214.616911999901,9214.616911999901,0.0,0
2025-11-10 14:30:00,9214.616911999901,9214.616911999901,0.0,0
2025-11-10 14:45:00,9214.616911999901,9214.616911999901,0.0,0
2025-11-10 15:00:00,9214.616911999901,9214.616911999901,0.0,0
2025-11-11 09:30:00,9214.616911999901,9214.616911999901,0.0,0
2025-11-11 09:45:00,9214.616911999901,9214.616911999901,0.0,0
2025-11-11 10:00:00,9214.616911999901,9214.616911999901,0.0,0
2025-11-11 10:15:00,9214.616911999901,9214.616911999901,0.0,0
2025-11-11 10:30:00,9214.616911999901,9214.616911999901,0.0,0
2025-11-11 10:45:00,9214.616911999901,9214.616911999901,0.0,0
2025-11-11 11:00:00,9214.616911999901,9214.616911999901,0.0,0
2025-11-11 11:15:00,9214.616911999901,9214.616911999901,0.0,0
2025-11-11 11:30:00,9214.616911999901,9214.616911999901,0.0,0
2025-11-11 13:00:00,9214.616911999901,9214.616911999901,0.0,0
2025-11-11 13:15:00,9214.616911999901,9214.616911999901,0.0,0
2025-11-11 13:30:00,9214.616911999901,9214.616911999901,0.0,0
2025-11-11 13:45:00,9214.616911999901,9214.616911999901,0.0,0
2025-11-11 14:00:00,9214.616911999901,9214.616911999901,0.0,0
2025-11-11 14:15:00,9214.616911999901,9214.616911999901,0.0,0
2025-11-11 14:30:00,9214.616911999901,9214.616911999901,0.0,0
2025-11-11 14:45:00,9214.616911999901,9214.616911999901,0.0,0
2025-11-11 15:00:00,9214.616911999901,9214.616911999901,0.0,0
2025-11-12 09:30:00,9214.616911999901,9214.616911999901,0.0,0
2025-11-12 09:45:00,9214.616911999901,9214.616911999901,0.0,0
2025-11-12 10:00:00,9214.616911999901,9214.616911999901,0.0,0
2025-11-12 10:15:00,9214.616911999901,9214.616911999901,0.0,0
2025-11-12 10:30:00,9214.616911999901,9214.616911999901,0.0,0
2025-11-12 10:45:00,9214.616911999901,9214.616911999901,0.0,0
2025-11-12 11:00:00,9214.616911999901,9214.616911999901,0.0,0
2025-11-12 11:15:00,9214.616911999901,9214.616911999901,0.0,0
2025-11-12 11:30:00,9214.616911999901,9214.616911999901,0.0,0
2025-11-12 13:00:00,9214.616911999901,9214.616911999901,0.0,0
2025-11-12 13:15:00,9214.616911999901,9214.616911999901,0.0,0
2025-11-12 13:30:00,9214.616911999901,9214.616911999901,0.0,0
2025-11-12 13:45:00,9214.616911999901,9214.616911999901,0.0,0
2025-11-12 14:00:00,9214.616911999901,9214.616911999901,0.0,0
2025-11-12 14:15:00,9214.616911999901,9214.616911999901,0.0,0
2025-11-12 14:30:00,9214.616911999901,9214.616911999901,0.0,0
2025-11-12 14:45:00,9214.616911999901,9214.616911999901,0.0,0
2025-11-12 15:00:00,9214.616911999901,9214.616911999901,0.0,0
2025-11-13 09:30:00,9214.616911999901,9214.616911999901,0.0,0
2025-11-13 09:45:00,9214.616911999901,9214.616911999901,0.0,0
2025-11-13 10:00:00,9214.616911999901,9214.616911999901,0.0,0
2025-11-13 10:15:00,9214.616911999901,9214.616911999901,0.0,0
2025-11-13 10:30:00,9214.616911999901,9214.616911999901,0.0,0
2025-11-13 10:45:00,9214.616911999901,9214.616911999901,0.0,0
2025-11-13 11:00:00,9214.616911999901,9214.616911999901,0.0,0
2025-11-13 11:15:00,9214.616911999901,9214.616911999901,0.0,0
2025-11-13 11:30:00,9214.616911999901,9214.616911999901,0.0,0
2025-11-13 13:00:00,9214.616911999901,9214.616911999901,0.0,0
2025-11-13 13:15:00,9214.616911999901,9214.616911999901,0.0,0
2025-11-13 13:30:00,9214.616911999901,9214.616911999901,0.0,0
2025-11-13 13:45:00,9214.616911999901,9214.616911999901,0.0,0
2025-11-13 14:00:00,9214.616911999901,9214.616911999901,0.0,0
2025-11-13 14:15:00,9214.616911999901,9214.616911999901,0.0,0
2025-11-13 14:30:00,9214.616911999901,9214.616911999901,0.0,0
2025-11-13 14:45:00,9214.616911999901,9214.616911999901,0.0,0
2025-11-13 15:00:00,9214.616911999901,9214.616911999901,0.0,0
2025-11-14 09:30:00,9214.616911999901,9214.616911999901,0.0,0
2025-11-14 09:45:00,9214.616911999901,9214.616911999901,0.0,0
2025-11-14 10:00:00,9214.616911999901,9214.616911999901,0.0,0
2025-11-14 10:15:00,9214.616911999901,9214.616911999901,0.0,0
2025-11-14 10:30:00,9214.616911999901,9214.616911999901,0.0,0
2025-11-14 10:45:00,9214.616911999901,9214.616911999901,0.0,0
2025-11-14 11:00:00,9214.616911999901,9214.616911999901,0.0,0
2025-11-14 11:15:00,9214.616911999901,9214.616911999901,0.0,0
2025-11-14 11:30:00,9214.616911999901,9214.616911999901,0.0,0
2025-11-14 13:00:00,9214.616911999901,9214.616911999901,0.0,0
2025-11-14 13:15:00,9214.616911999901,9214.616911999901,0.0,0
2025-11-14 13:30:00,9214.616911999901,9214.616911999901,0.0,0
2025-11-14 13:45:00,9214.616911999901,9214.616911999901,0.0,0
2025-11-14 14:00:00,9214.616911999901,9214.616911999901,0.0,0
2025-11-14 14:15:00,9214.616911999901,9214.616911999901,0.0,0
2025-11-14 14:30:00,9214.616911999901,9214.616911999901,0.0,0
2025-11-14 14:45:00,9214.616911999901,9214.616911999901,0.0,0
2025-11-14 15:00:00,9214.616911999901,9214.616911999901,0.0,0
2025-11-17 09:30:00,9214.616911999901,9214.616911999901,0.0,0
2025-11-17 09:45:00,9214.616911999901,9214.616911999901,0.0,0
2025-11-17 10:00:00,9214.616911999901,9214.616911999901,0.0,0
2025-11-17 10:15:00,9214.616911999901,9214.616911999901,0.0,0
2025-11-17 10:30:00,9214.616911999901,9214.616911999901,0.0,0
2025-11-17 10:45:00,9214.616911999901,9214.616911999901,0.0,0
2025-11-17 11:00:00,9214.616911999901,9214.616911999901,0.0,0
2025-11-17 11:15:00,9214.616911999901,9214.616911999901,0.0,0
2025-11-17 11:30:00,9214.616911999901,9214.616911999901,0.0,0
2025-11-17 13:00:00,9214.616911999901,9214.616911999901,0.0,0
2025-11-17 13:15:00,9214.616911999901,9214.616911999901,0.0,0
2025-11-17 13:30:00,9214.616911999901,9214.616911999901,0.0,0
2025-11-17 13:45:00,9214.616911999901,9214.616911999901,0.0,0
2025-11-17 14:00:00,9214.616911999901,9214.616911999901,0.0,0
2025-11-17 14:15:00,9214.616911999901,9214.616911999901,0.0,0
2025-11-17 14:30:00,9214.616911999901,9214.616911999901,0.0,0
2025-11-17 14:45:00,9214.616911999901,9214.616911999901,0.0,0
2025-11-17 15:00:00,9214.616911999901,9214.616911999901,0.0,0
2025-11-18 09:30:00,9214.616911999901,9214.616911999901,0.0,0
2025-11-18 09:45:00,9214.616911999901,9214.616911999901,0.0,0
2025-11-18 10:00:00,9214.616911999901,9214.616911999901,0.0,0
2025-11-18 10:15:00,9214.616911999901,9214.616911999901,0.0,0
2025-11-18 10:30:00,9214.616911999901,9214.616911999901,0.0,0
2025-11-18 10:45:00,9214.616911999901,9214.616911999901,0.0,0
2025-11-18 11:00:00,9214.616911999901,9214.616911999901,0.0,0
2025-11-18 11:15:00,9214.616911999901,9214.616911999901,0.0,0
2025-11-18 11:30:00,9214.616911999901,9214.616911999901,0.0,0
2025-11-18 13:00:00,9214.616911999901,9214.616911999901,0.0,0
2025-11-18 13:15:00,9214.616911999901,9214.616911999901,0.0,0
2025-11-18 13:30:00,9214.616911999901,9214.616911999901,0.0,0
2025-11-18 13:45:00,9214.616911999901,9214.616911999901,0.0,0
2025-11-18 14:00:00,9214.616911999901,9214.616911999901,0.0,0
2025-11-18 14:15:00,9214.616911999901,9214.616911999901,0.0,0
2025-11-18 14:30:00,9214.616911999901,9214.616911999901,0.0,0
2025-11-18 14:45:00,9214.616911999901,9214.616911999901,0.0,0
2025-11-18 15:00:00,9214.616911999901,9214.616911999901,0.0,0
2025-11-19 09:30:00,9214.616911999901,9214.616911999901,0.0,0
2025-11-19 09:45:00,9214.616911999901,9214.616911999901,0.0,0
2025-11-19 10:00:00,9214.616911999901,9214.616911999901,0.0,0
2025-11-19 10:15:00,9214.616911999901,9214.616911999901,0.0,0
2025-11-19 10:30:00,9214.616911999901,9214.616911999901,0.0,0
2025-11-19 10:45:00,9214.616911999901,9214.616911999901,0.0,0
2025-11-19 11:00:00,9214.616911999901,9214.616911999901,0.0,0
2025-11-19 11:15:00,9214.616911999901,9214.616911999901,0.0,0
2025-11-19 11:30:00,9214.616911999901,9214.616911999901,0.0,0
2025-11-19 13:00:00,9214.616911999901,9214.616911999901,0.0,0
2025-11-19 13:15:00,9214.616911999901,9214.616911999901,0.0,0
2025-11-19 13:30:00,9214.616911999901,9214.616911999901,0.0,0
2025-11-19 13:45:00,9214.616911999901,9214.616911999901,0.0,0
2025-11-19 14:00:00,9214.616911999901,9214.616911999901,0.0,0
2025-11-19 14:15:00,9214.616911999901,9214.616911999901,0.0,0
2025-11-19 14:30:00,9214.616911999901,9214.616911999901,0.0,0
2025-11-19 14:45:00,9214.616911999901,9214.616911999901,0.0,0
2025-11-19 15:00:00,9214.616911999901,9214.616911999901,0.0,0
2025-11-20 09:30:00,9214.616911999901,9214.616911999901,0.0,0
2025-11-20 09:45:00,9214.616911999901,9214.616911999901,0.0,0
2025-11-20 10:00:00,9214.616911999901,9214.616911999901,0.0,0
2025-11-20 10:15:00,9214.616911999901,9214.616911999901,0.0,0
2025-11-20 10:30:00,9214.616911999901,9214.616911999901,0.0,0
2025-11-20 10:45:00,9214.616911999901,9214.616911999901,0.0,0
2025-11-20 11:00:00,9214.616911999901,9214.616911999901,0.0,0
2025-11-20 11:15:00,9214.616911999901,9214.616911999901,0.0,0
2025-11-20 11:30:00,9214.616911999901,9214.616911999901,0.0,0
2025-11-20 13:00:00,9214.616911999901,9214.616911999901,0.0,0
2025-11-20 13:15:00,9214.616911999901,9214.616911999901,0.0,0
2025-11-20 13:30:00,9214.616911999901,9214.616911999901,0.0,0
2025-11-20 13:45:00,9214.616911999901,9214.616911999901,0.0,0
2025-11-20 14:00:00,9214.616911999901,9214.616911999901,0.0,0
2025-11-20 14:15:00,9214.616911999901,9214.616911999901,0.0,0
2025-11-20 14:30:00,9214.616911999901,9214.616911999901,0.0,0
2025-11-20 14:45:00,9214.616911999901,9214.616911999901,0.0,0
2025-11-20 15:00:00,9214.616911999901,9214.616911999901,0.0,0
2025-11-21 09:30:00,9214.616911999901,9214.616911999901,0.0,0
2025-11-21 09:45:00,9214.616911999901,9214.616911999901,0.0,0
2025-11-21 10:00:00,9214.616911999901,9214.616911999901,0.0,0
2025-11-21 10:15:00,9214.616911999901,9214.616911999901,0.0,0
2025-11-21 10:30:00,9214.616911999901,9214.616911999901,0.0,0
2025-11-21 10:45:00,9214.616911999901,9214.616911999901,0.0,0
2025-11-21 11:00:00,9214.616911999901,9214.616911999901,0.0,0
2025-11-21 11:15:00,9214.616911999901,9214.616911999901,0.0,0
2025-11-21 11:30:00,9214.616911999901,9214.616911999901,0.0,0
2025-11-21 13:00:00,9214.616911999901,9214.616911999901,0.0,0
2025-11-21 13:15:00,9214.616911999901,9214.616911999901,0.0,0
2025-11-21 13:30:00,9214.616911999901,9214.616911999901,0.0,0
2025-11-21 13:45:00,9214.616911999901,9214.616911999901,0.0,0
2025-11-21 14:00:00,9214.616911999901,9214.616911999901,0.0,0
2025-11-21 14:15:00,9214.616911999901,9214.616911999901,0.0,0
2025-11-21 14:30:00,9214.616911999901,9214.616911999901,0.0,0
2025-11-21 14:45:00,9214.616911999901,9214.616911999901,0.0,0
2025-11-21 15:00:00,9214.616911999901,9214.616911999901,0.0,0
2025-11-24 09:30:00,9214.616911999901,9214.616911999901,0.0,0
2025-11-24 09:45:00,9214.616911999901,9214.616911999901,0.0,0
2025-11-24 10:00:00,9214.616911999901,9214.616911999901,0.0,0
2025-11-24 10:15:00,9214.616911999901,9214.616911999901,0.0,0
2025-11-24 10:30:00,9214.616911999901,9214.616911999901,0.0,0
2025-11-24 10:45:00,9214.616911999901,9214.616911999901,0.0,0
2025-11-24 11:00:00,9214.616911999901,9214.616911999901,0.0,0
2025-11-24 11:15:00,9214.616911999901,9214.616911999901,0.0,0
2025-11-24 11:30:00,9214.616911999901,9214.616911999901,0.0,0
2025-11-24 13:00:00,9214.616911999901,9214.616911999901,0.0,0
2025-11-24 13:15:00,9214.616911999901,9214.616911999901,0.0,0
2025-11-24 13:30:00,9214.616911999901,9214.616911999901,0.0,0
2025-11-24 13:45:00,9214.616911999901,9214.616911999901,0.0,0
2025-11-24 14:00:00,9214.616911999901,9214.616911999901,0.0,0
2025-11-24 14:15:00,9214.616911999901,9214.616911999901,0.0,0
2025-11-24 14:30:00,9214.616911999901,9214.616911999901,0.0,0
2025-11-24 14:45:00,9214.616911999901,9214.616911999901,0.0,0
2025-11-24 15:00:00,9214.616911999901,9214.616911999901,0.0,0
2025-11-25 09:30:00,9214.616911999901,9214.616911999901,0.0,0
2025-11-25 09:45:00,9214.616911999901,9214.616911999901,0.0,0
2025-11-25 10:00:00,9214.616911999901,9214.616911999901,0.0,0
2025-11-25 10:15:00,9214.616911999901,9214.616911999901,0.0,0
2025-11-25 10:30:00,9214.616911999901,9214.616911999901,0.0,0
2025-11-25 10:45:00,9214.616911999901,9214.616911999901,0.0,0
2025-11-25 11:00:00,9214.616911999901,9214.616911999901,0.0,0
2025-11-25 11:15:00,9214.616911999901,9214.616911999901,0.0,0
2025-11-25 11:30:00,9214.616911999901,9214.616911999901,0.0,0
2025-11-25 13:00:00,9214.616911999901,9214.616911999901,0.0,0
2025-11-25 13:15:00,9214.616911999901,9214.616911999901,0.0,0
2025-11-25 13:30:00,9214.616911999901,9214.616911999901,0.0,0
2025-11-25 13:45:00,9214.616911999901,9214.616911999901,0.0,0
2025-11-25 14:00:00,9214.616911999901,9214.616911999901,0.0,0
2025-11-25 14:15:00,9214.616911999901,9214.616911999901,0.0,0
2025-11-25 14:30:00,9214.616911999901,9214.616911999901,0.0,0
2025-11-25 14:45:00,9214.616911999901,9214.616911999901,0.0,0
2025-11-25 15:00:00,9214.616911999901,9214.616911999901,0.0,0
2025-11-26 09:30:00,9214.616911999901,9214.616911999901,0.0,0
2025-11-26 09:45:00,9214.616911999901,9214.616911999901,0.0,0
2025-11-26 10:00:00,9214.616911999901,9214.616911999901,0.0,0
2025-11-26 10:15:00,9214.616911999901,9214.616911999901,0.0,0
2025-11-26 10:30:00,9214.616911999901,9214.616911999901,0.0,0
2025-11-26 10:45:00,9214.616911999901,9214.616911999901,0.0,0
2025-11-26 11:00:00,9214.616911999901,9214.616911999901,0.0,0
2025-11-26 11:15:00,9214.616911999901,9214.616911999901,0.0,0
2025-11-26 11:30:00,9214.616911999901,9214.616911999901,0.0,0
2025-11-26 13:00:00,9214.616911999901,9214.616911999901,0.0,0
2025-11-26 13:15:00,9214.616911999901,9214.616911999901,0.0,0
2025-11-26 13:30:00,9214.616911999901,9214.616911999901,0.0,0
2025-11-26 13:45:00,9214.616911999901,9214.616911999901,0.0,0
2025-11-26 14:00:00,9214.616911999901,9214.616911999901,0.0,0
2025-11-26 14:15:00,9214.616911999901,9214.616911999901,0.0,0
2025-11-26 14:30:00,9214.616911999901,9214.616911999901,0.0,0
2025-11-26 14:45:00,9214.616911999901,9214.616911999901,0.0,0
2025-11-26 15:00:00,9214.616911999901,9214.616911999901,0.0,0
2025-11-27 09:30:00,9214.616911999901,9214.616911999901,0.0,0
2025-11-27 09:45:00,9214.616911999901,9214.616911999901,0.0,0
2025-11-27 10:00:00,9214.616911999901,9214.616911999901,0.0,0
2025-11-27 10:15:00,9214.616911999901,9214.616911999901,0.0,0
2025-11-27 10:30:00,9214.616911999901,9214.616911999901,0.0,0
2025-11-27 10:45:00,9214.616911999901,9214.616911999901,0.0,0
2025-11-27 11:00:00,9214.616911999901,9214.616911999901,0.0,0
2025-11-27 11:15:00,9214.616911999901,9214.616911999901,0.0,0
2025-11-27 11:30:00,9214.616911999901,9214.616911999901,0.0,0
2025-11-27 13:00:00,9214.616911999901,9214.616911999901,0.0,0
2025-11-27 13:15:00,9214.616911999901,9214.616911999901,0.0,0
2025-11-27 13:30:00,9214.616911999901,9214.616911999901,0.0,0
2025-11-27 13:45:00,9214.616911999901,9214.616911999901,0.0,0
2025-11-27 14:00:00,9214.616911999901,9214.616911999901,0.0,0
2025-11-27 14:15:00,9214.616911999901,9214.616911999901,0.0,0
2025-11-27 14:30:00,9214.616911999901,9214.616911999901,0.0,0
2025-11-27 14:45:00,9214.616911999901,9214.616911999901,0.0,0
2025-11-27 15:00:00,9214.616911999901,9214.616911999901,0.0,0
2025-11-28 09:30:00,9214.616911999901,9214.616911999901,0.0,0
2025-11-28 09:45:00,9214.616911999901,9214.616911999901,0.0,0
2025-11-28 10:00:00,9214.616911999901,9214.616911999901,0.0,0
2025-11-28 10:15:00,9214.616911999901,9214.616911999901,0.0,0
2025-11-28 10:30:00,9214.616911999901,9214.616911999901,0.0,0
2025-11-28 10:45:00,9214.616911999901,9214.616911999901,0.0,0
2025-11-28 11:00:00,9214.616911999901,9214.616911999901,0.0,0
2025-11-28 11:15:00,9214.616911999901,9214.616911999901,0.0,0
2025-11-28 11:30:00,9214.616911999901,9214.616911999901,0.0,0
2025-11-28 13:00:00,9214.616911999901,9214.616911999901,0.0,0
2025-11-28 13:15:00,9214.616911999901,9214.616911999901,0.0,0
2025-11-28 13:30:00,9214.616911999901,9214.616911999901,0.0,0
2025-11-28 13:45:00,9214.616911999901,9214.616911999901,0.0,0
2025-11-28 14:00:00,9214.616911999901,9214.616911999901,0.0,0
2025-11-28 14:15:00,9214.616911999901,9214.616911999901,0.0,0
2025-11-28 14:30:00,9214.616911999901,9214.616911999901,0.0,0
2025-11-28 14:45:00,9214.616911999901,9214.616911999901,0.0,0
2025-11-28 15:00:00,9214.616911999901,9214.616911999901,0.0,0
2025-12-01 09:30:00,9214.616911999901,9214.616911999901,0.0,0
2025-12-01 09:45:00,9214.616911999901,9214.616911999901,0.0,0
2025-12-01 10:00:00,9214.616911999901,9214.616911999901,0.0,0
2025-12-01 10:15:00,9214.616911999901,9214.616911999901,0.0,0
2025-12-01 10:30:00,9214.616911999901,9214.616911999901,0.0,0
2025-12-01 10:45:00,9214.616911999901,9214.616911999901,0.0,0
2025-12-01 11:00:00,9214.616911999901,9214.616911999901,0.0,0
2025-12-01 11:15:00,9214.616911999901,9214.616911999901,0.0,0
2025-12-01 11:30:00,9214.616911999901,9214.616911999901,0.0,0
2025-12-01 13:00:00,9214.616911999901,9214.616911999901,0.0,0
2025-12-01 13:15:00,9214.616911999901,9214.616911999901,0.0,0
2025-12-01 13:30:00,9214.616911999901,9214.616911999901,0.0,0
2025-12-01 13:45:00,9214.616911999901,9214.616911999901,0.0,0
2025-12-01 14:00:00,9214.616911999901,9214.616911999901,0.0,0
2025-12-01 14:15:00,9214.616911999901,9214.616911999901,0.0,0
2025-12-01 14:30:00,9214.616911999901,9214.616911999901,0.0,0
2025-12-01 14:45:00,9214.616911999901,9214.616911999901,0.0,0
2025-12-01 15:00:00,9214.616911999901,9214.616911999901,0.0,0
2025-12-02 09:30:00,9214.616911999901,9214.616911999901,0.0,0
2025-12-02 09:45:00,9214.616911999901,9214.616911999901,0.0,0
2025-12-02 10:00:00,9214.616911999901,9214.616911999901,0.0,0
2025-12-02 10:15:00,9214.616911999901,9214.616911999901,0.0,0
2025-12-02 10:30:00,9214.616911999901,9214.616911999901,0.0,0
2025-12-02 10:45:00,9214.616911999901,9214.616911999901,0.0,0
2025-12-02 11:00:00,9214.616911999901,9214.616911999901,0.0,0
2025-12-02 11:15:00,9214.616911999901,9214.616911999901,0.0,0
2025-12-02 11:30:00,9214.616911999901,9214.616911999901,0.0,0
2025-12-02 13:00:00,9214.616911999901,9214.616911999901,0.0,0
2025-12-02 13:15:00,9214.616911999901,9214.616911999901,0.0,0
2025-12-02 13:30:00,9214.616911999901,9214.616911999901,0.0,0
2025-12-02 13:45:00,9214.616911999901,9214.616911999901,0.0,0
2025-12-02 14:00:00,9214.616911999901,9214.616911999901,0.0,0
2025-12-02 14:15:00,9214.616911999901,9214.616911999901,0.0,0
2025-12-02 14:30:00,9214.616911999901,9214.616911999901,0.0,0
2025-12-02 14:45:00,9214.616911999901,9214.616911999901,0.0,0
2025-12-02 15:00:00,9214.616911999901,9214.616911999901,0.0,0
2025-12-03 09:30:00,9214.616911999901,9214.616911999901,0.0,0
2025-12-03 09:45:00,9214.616911999901,9214.616911999901,0.0,0
2025-12-03 10:00:00,9214.616911999901,9214.616911999901,0.0,0
2025-12-03 10:15:00,9214.616911999901,9214.616911999901,0.0,0
2025-12-03 10:30:00,9214.616911999901,9214.616911999901,0.0,0
2025-12-03 10:45:00,9214.616911999901,9214.616911999901,0.0,0
2025-12-03 11:00:00,9214.616911999901,9214.616911999901,0.0,0
2025-12-03 11:15:00,9214.616911999901,9214.616911999901,0.0,0
2025-12-03 11:30:00,9214.616911999901,9214.616911999901,0.0,0
2025-12-03 13:00:00,9214.616911999901,9214.616911999901,0.0,0
2025-12-03 13:15:00,9214.616911999901,9214.616911999901,0.0,0
2025-12-03 13:30:00,9214.616911999901,9214.616911999901,0.0,0
2025-12-03 13:45:00,9214.616911999901,9214.616911999901,0.0,0
2025-12-03 14:00:00,9214.616911999901,9214.616911999901,0.0,0
2025-12-03 14:15:00,9214.616911999901,9214.616911999901,0.0,0
2025-12-03 14:30:00,9214.616911999901,9214.616911999901,0.0,0
2025-12-03 14:45:00,9214.616911999901,9214.616911999901,0.0,0
2025-12-03 15:00:00,9214.616911999901,9214.616911999901,0.0,0
2025-12-04 09:30:00,9214.616911999901,9214.616911999901,0.0,0
2025-12-04 09:45:00,9214.616911999901,9214.616911999901,0.0,0
2025-12-04 10:00:00,9214.616911999901,9214.616911999901,0.0,0
2025-12-04 10:15:00,9214.616911999901,9214.616911999901,0.0,0
2025-12-04 10:30:00,9214.616911999901,9214.616911999901,0.0,0
2025-12-04 10:45:00,9214.616911999901,9214.616911999901,0.0,0
2025-12-04 11:00:00,9214.616911999901,9214.616911999901,0.0,0
2025-12-04 11:15:00,9214.616911999901,9214.616911999901,0.0,0
2025-12-04 11:30:00,9214.616911999901,9214.616911999901,0.0,0
2025-12-04 13:00:00,9214.616911999901,9214.616911999901,0.0,0
2025-12-04 13:15:00,9214.616911999901,9214.616911999901,0.0,0
2025-12-04 13:30:00,9214.616911999901,9214.616911999901,0.0,0
2025-12-04 13:45:00,9214.616911999901,9214.616911999901,0.0,0
2025-12-04 14:00:00,9214.616911999901,9214.616911999901,0.0,0
2025-12-04 14:15:00,9214.616911999901,9214.616911999901,0.0,0
2025-12-04 14:30:00,9214.616911999901,9214.616911999901,0.0,0
2025-12-04 14:45:00,9214.616911999901,9214.616911999901,0.0,0
2025-12-04 15:00:00,9214.616911999901,9214.616911999901,0.0,0
2025-12-05 09:30:00,9214.616911999901,9214.616911999901,0.0,0
2025-12-05 09:45:00,9214.616911999901,9214.616911999901,0.0,0
2025-12-05 10:00:00,9214.616911999901,9214.616911999901,0.0,0
2025-12-05 10:15:00,9214.616911999901,9214.616911999901,0.0,0
2025-12-05 10:30:00,9214.616911999901,9214.616911999901,0.0,0
2025-12-05 10:45:00,9214.616911999901,9214.616911999901,0.0,0
2025-12-05 11:00:00,9214.616911999901,9214.616911999901,0.0,0
2025-12-05 11:15:00,9214.616911999901,9214.616911999901,0.0,0
2025-12-05 11:30:00,9214.616911999901,9214.616911999901,0.0,0
2025-12-05 13:00:00,9214.616911999901,9214.616911999901,0.0,0
2025-12-05 13:15:00,9214.616911999901,9214.616911999901,0.0,0
2025-12-05 13:30:00,9214.616911999901,9214.616911999901,0.0,0
2025-12-05 13:45:00,9214.616911999901,9214.616911999901,0.0,0
2025-12-05 14:00:00,9214.616911999901,9214.616911999901,0.0,0
2025-12-05 14:15:00,9214.616911999901,9214.616911999901,0.0,0
2025-12-05 14:30:00,9214.616911999901,9214.616911999901,0.0,0
2025-12-05 14:45:00,9214.616911999901,9214.616911999901,0.0,0
2025-12-05 15:00:00,9214.616911999901,9214.616911999901,0.0,0
2025-12-08 09:30:00,9214.616911999901,9214.616911999901,0.0,0
2025-12-08 09:45:00,9214.616911999901,9214.616911999901,0.0,0
2025-12-08 10:00:00,9214.616911999901,9214.616911999901,0.0,0
2025-12-08 10:15:00,9214.616911999901,9214.616911999901,0.0,0
2025-12-08 10:30:00,9214.616911999901,9214.616911999901,0.0,0
2025-12-08 10:45:00,9214.616911999901,9214.616911999901,0.0,0
2025-12-08 11:00:00,9214.616911999901,9214.616911999901,0.0,0
2025-12-08 11:15:00,9214.616911999901,9214.616911999901,0.0,0
2025-12-08 11:30:00,9214.616911999901,9214.616911999901,0.0,0
2025-12-08 13:00:00,9214.616911999901,9214.616911999901,0.0,0
2025-12-08 13:15:00,9214.616911999901,9214.616911999901,0.0,0
2025-12-08 13:30:00,9214.616911999901,9214.616911999901,0.0,0
2025-12-08 13:45:00,9214.616911999901,9214.616911999901,0.0,0
2025-12-08 14:00:00,9214.616911999901,9214.616911999901,0.0,0
2025-12-08 14:15:00,9214.616911999901,9214.616911999901,0.0,0
2025-12-08 14:30:00,9214.616911999901,9214.616911999901,0.0,0
2025-12-08 14:45:00,9214.616911999901,9214.616911999901,0.0,0
2025-12-08 15:00:00,9214.616911999901,9214.616911999901,0.0,0
2025-12-09 09:30:00,9214.616911999901,9214.616911999901,0.0,0
2025-12-09 09:45:00,9214.616911999901,9214.616911999901,0.0,0
2025-12-09 10:00:00,9214.616911999901,9214.616911999901,0.0,0
2025-12-09 10:15:00,9214.616911999901,9214.616911999901,0.0,0
2025-12-09 10:30:00,9214.616911999901,9214.616911999901,0.0,0
2025-12-09 10:45:00,9214.616911999901,9214.616911999901,0.0,0
2025-12-09 11:00:00,9214.616911999901,9214.616911999901,0.0,0
2025-12-09 11:15:00,9214.616911999901,9214.616911999901,0.0,0
2025-12-09 11:30:00,9214.616911999901,9214.616911999901,0.0,0
2025-12-09 13:00:00,9214.616911999901,9214.616911999901,0.0,0
2025-12-09 13:15:00,9214.616911999901,9214.616911999901,0.0,0
2025-12-09 13:30:00,9214.616911999901,9214.616911999901,0.0,0
2025-12-09 13:45:00,9214.616911999901,9214.616911999901,0.0,0
2025-12-09 14:00:00,9214.616911999901,9214.616911999901,0.0,0
2025-12-09 14:15:00,9214.616911999901,9214.616911999901,0.0,0
2025-12-09 14:30:00,9214.616911999901,9214.616911999901,0.0,0
2025-12-09 14:45:00,9214.616911999901,9214.616911999901,0.0,0
2025-12-09 15:00:00,9214.616911999901,9214.616911999901,0.0,0
2025-12-10 09:30:00,9214.616911999901,9214.616911999901,0.0,0
2025-12-10 09:45:00,9214.616911999901,9214.616911999901,0.0,0
2025-12-10 10:00:00,9214.616911999901,9214.616911999901,0.0,0
2025-12-10 10:15:00,9214.616911999901,9214.616911999901,0.0,0
2025-12-10 10:30:00,9214.616911999901,9214.616911999901,0.0,0
2025-12-10 10:45:00,9214.616911999901,9214.616911999901,0.0,0
2025-12-10 11:00:00,9214.616911999901,9214.616911999901,0.0,0
2025-12-10 11:15:00,9214.616911999901,9214.616911999901,0.0,0
2025-12-10 11:30:00,9214.616911999901,9214.616911999901,0.0,0
2025-12-10 13:00:00,9214.616911999901,9214.616911999901,0.0,0
2025-12-10 13:15:00,9214.616911999901,9214.616911999901,0.0,0
2025-12-10 13:30:00,9214.616911999901,9214.616911999901,0.0,0
2025-12-10 13:45:00,9214.616911999901,9214.616911999901,0.0,0
2025-12-10 14:00:00,9214.616911999901,9214.616911999901,0.0,0
2025-12-10 14:15:00,9214.616911999901,9214.616911999901,0.0,0
2025-12-10 14:30:00,9214.616911999901,9214.616911999901,0.0,0
2025-12-10 14:45:00,9214.616911999901,9214.616911999901,0.0,0
2025-12-10 15:00:00,9214.616911999901,9214.616911999901,0.0,0
2025-12-11 09:30:00,9214.616911999901,9214.616911999901,0.0,0
2025-12-11 09:45:00,9214.616911999901,9214.616911999901,0.0,0
2025-12-11 10:00:00,9214.616911999901,9214.616911999901,0.0,0
2025-12-11 10:15:00,9214.616911999901,9214.616911999901,0.0,0
2025-12-11 10:30:00,9214.616911999901,9214.616911999901,0.0,0
2025-12-11 10:45:00,9214.616911999901,9214.616911999901,0.0,0
2025-12-11 11:00:00,9214.616911999901,9214.616911999901,0.0,0
2025-12-11 11:15:00,9214.616911999901,9214.616911999901,0.0,0
2025-12-11 11:30:00,9214.616911999901,9214.616911999901,0.0,0
2025-12-11 13:00:00,9214.616911999901,9214.616911999901,0.0,0
2025-12-11 13:15:00,9214.616911999901,9214.616911999901,0.0,0
2025-12-11 13:30:00,9214.616911999901,9214.616911999901,0.0,0
2025-12-11 13:45:00,9214.616911999901,9214.616911999901,0.0,0
2025-12-11 14:00:00,9214.616911999901,9214.616911999901,0.0,0
2025-12-11 14:15:00,9214.616911999901,9214.616911999901,0.0,0
2025-12-11 14:30:00,9214.616911999901,9214.616911999901,0.0,0
2025-12-11 14:45:00,9214.616911999901,9214.616911999901,0.0,0
2025-12-11 15:00:00,9214.616911999901,9214.616911999901,0.0,0
2025-12-12 09:30:00,9214.616911999901,9214.616911999901,0.0,0
2025-12-12 09:45:00,9214.616911999901,9214.616911999901,0.0,0
2025-12-12 10:00:00,9214.616911999901,9214.616911999901,0.0,0
2025-12-12 10:15:00,9214.616911999901,9214.616911999901,0.0,0
2025-12-12 10:30:00,9214.616911999901,9214.616911999901,0.0,0
2025-12-12 10:45:00,9214.616911999901,9214.616911999901,0.0,0
2025-12-12 11:00:00,9214.616911999901,9214.616911999901,0.0,0
2025-12-12 11:15:00,9214.616911999901,9214.616911999901,0.0,0
2025-12-12 11:30:00,9214.616911999901,9214.616911999901,0.0,0
2025-12-12 13:00:00,9214.616911999901,9214.616911999901,0.0,0
2025-12-12 13:15:00,9214.616911999901,9214.616911999901,0.0,0
2025-12-12 13:30:00,9214.616911999901,9214.616911999901,0.0,0
2025-12-12 13:45:00,9214.616911999901,9214.616911999901,0.0,0
2025-12-12 14:00:00,9214.616911999901,9214.616911999901,0.0,0
2025-12-12 14:15:00,9214.616911999901,9214.616911999901,0.0,0
2025-12-12 14:30:00,9214.616911999901,9214.616911999901,0.0,0
2025-12-12 14:45:00,9214.616911999901,9214.616911999901,0.0,0
2025-12-12 15:00:00,9214.616911999901,9214.616911999901,0.0,0
2025-12-15 09:30:00,9214.616911999901,9214.616911999901,0.0,0
2025-12-15 09:45:00,9214.616911999901,9214.616911999901,0.0,0
2025-12-15 10:00:00,9214.616911999901,9214.616911999901,0.0,0
2025-12-15 10:15:00,9214.616911999901,9214.616911999901,0.0,0
2025-12-15 10:30:00,9214.616911999901,9214.616911999901,0.0,0
2025-12-15 10:45:00,9214.616911999901,9214.616911999901,0.0,0
2025-12-15 11:00:00,9214.616911999901,9214.616911999901,0.0,0
2025-12-15 11:15:00,9214.616911999901,9214.616911999901,0.0,0
2025-12-15 11:30:00,9214.616911999901,9214.616911999901,0.0,0
2025-12-15 13:00:00,9214.616911999901,9214.616911999901,0.0,0
2025-12-15 13:15:00,9214.616911999901,9214.616911999901,0.0,0
2025-12-15 13:30:00,9214.616911999901,9214.616911999901,0.0,0
2025-12-15 13:45:00,9214.616911999901,9214.616911999901,0.0,0
2025-12-15 14:00:00,9214.616911999901,9214.616911999901,0.0,0
2025-12-15 14:15:00,9214.616911999901,9214.616911999901,0.0,0
2025-12-15 14:30:00,9214.616911999901,9214.616911999901,0.0,0
2025-12-15 14:45:00,9214.616911999901,9214.616911999901,0.0,0
2025-12-15 15:00:00,9214.616911999901,9214.616911999901,0.0,0
2025-12-16 09:30:00,9214.616911999901,9214.616911999901,0.0,0
2025-12-16 09:45:00,9214.616911999901,9214.616911999901,0.0,0
2025-12-16 10:00:00,9214.616911999901,9214.616911999901,0.0,0
2025-12-16 10:15:00,9214.616911999901,9214.616911999901,0.0,0
2025-12-16 10:30:00,9214.616911999901,9214.616911999901,0.0,0
2025-12-16 10:45:00,9214.616911999901,9214.616911999901,0.0,0
2025-12-16 11:00:00,9214.616911999901,9214.616911999901,0.0,0
2025-12-16 11:15:00,9214.616911999901,9214.616911999901,0.0,0
2025-12-16 11:30:00,9214.616911999901,9214.616911999901,0.0,0
2025-12-16 13:00:00,9214.616911999901,9214.616911999901,0.0,0
2025-12-16 13:15:00,9214.616911999901,9214.616911999901,0.0,0
2025-12-16 13:30:00,9214.616911999901,9214.616911999901,0.0,0
2025-12-16 13:45:00,9214.616911999901,9214.616911999901,0.0,0
2025-12-16 14:00:00,9214.616911999901,9214.616911999901,0.0,0
2025-12-16 14:15:00,9214.616911999901,9214.616911999901,0.0,0
2025-12-16 14:30:00,9214.616911999901,9214.616911999901,0.0,0
2025-12-16 14:45:00,9214.616911999901,9214.616911999901,0.0,0
2025-12-16 15:00:00,9214.616911999901,9214.616911999901,0.0,0
2025-12-17 09:30:00,9214.616911999901,9214.616911999901,0.0,0
2025-12-17 09:45:00,9214.616911999901,9214.616911999901,0.0,0
2025-12-17 10:00:00,9214.616911999901,9214.616911999901,0.0,0
2025-12-17 10:15:00,9214.616911999901,9214.616911999901,0.0,0
2025-12-17 10:30:00,9214.616911999901,9214.616911999901,0.0,0
2025-12-17 10:45:00,9214.616911999901,9214.616911999901,0.0,0
2025-12-17 11:00:00,9214.616911999901,9214.616911999901,0.0,0
2025-12-17 11:15:00,9214.616911999901,9214.616911999901,0.0,0
2025-12-17 11:30:00,9214.616911999901,9214.616911999901,0.0,0
2025-12-17 13:00:00,9214.616911999901,9214.616911999901,0.0,0
2025-12-17 13:15:00,9214.616911999901,9214.616911999901,0.0,0
2025-12-17 13:30:00,9214.616911999901,9214.616911999901,0.0,0
2025-12-17 13:45:00,9214.616911999901,9214.616911999901,0.0,0
2025-12-17 14:00:00,9214.616911999901,9214.616911999901,0.0,0
2025-12-17 14:15:00,9214.616911999901,9214.616911999901,0.0,0
2025-12-17 14:30:00,9214.616911999901,9214.616911999901,0.0,0
2025-12-17 14:45:00,9214.616911999901,9214.616911999901,0.0,0
2025-12-17 15:00:00,9214.616911999901,9214.616911999901,0.0,0
2025-12-18 09:30:00,9214.616911999901,9214.616911999901,0.0,0
2025-12-18 09:45:00,9214.616911999901,9214.616911999901,0.0,0
2025-12-18 10:00:00,9214.616911999901,9214.616911999901,0.0,0
2025-12-18 10:15:00,9214.616911999901,9214.616911999901,0.0,0
2025-12-18 10:30:00,9214.616911999901,9214.616911999901,0.0,0
2025-12-18 10:45:00,9214.616911999901,9214.616911999901,0.0,0
2025-12-18 11:00:00,9214.616911999901,9214.616911999901,0.0,0
2025-12-18 11:15:00,9214.616911999901,9214.616911999901,0.0,0
2025-12-18 11:30:00,9214.616911999901,9214.616911999901,0.0,0
2025-12-18 13:00:00,9214.616911999901,9214.616911999901,0.0,0
2025-12-18 13:15:00,9214.616911999901,9214.616911999901,0.0,0
2025-12-18 13:30:00,9214.616911999901,9214.616911999901,0.0,0
2025-12-18 13:45:00,9214.616911999901,9214.616911999901,0.0,0
2025-12-18 14:00:00,9214.616911999901,9214.616911999901,0.0,0
2025-12-18 14:15:00,9214.616911999901,9214.616911999901,0.0,0
2025-12-18 14:30:00,9214.616911999901,9214.616911999901,0.0,0
2025-12-18 14:45:00,9214.616911999901,9214.616911999901,0.0,0
2025-12-18 15:00:00,9214.616911999901,9214.616911999901,0.0,0
2025-12-19 09:30:00,9214.616911999901,9214.616911999901,0.0,0
2025-12-19 09:45:00,9214.616911999901,9214.616911999901,0.0,0
2025-12-19 10:00:00,9214.616911999901,9214.616911999901,0.0,0
2025-12-19 10:15:00,9214.616911999901,9214.616911999901,0.0,0
2025-12-19 10:30:00,9214.616911999901,9214.616911999901,0.0,0
2025-12-19 10:45:00,9214.616911999901,9214.616911999901,0.0,0
2025-12-19 11:00:00,9214.616911999901,9214.616911999901,0.0,0
2025-12-19 11:15:00,9214.616911999901,9214.616911999901,0.0,0
2025-12-19 11:30:00,9214.616911999901,9214.616911999901,0.0,0
2025-12-19 13:00:00,9214.616911999901,9214.616911999901,0.0,0
2025-12-19 13:15:00,9214.616911999901,9214.616911999901,0.0,0
2025-12-19 13:30:00,9214.616911999901,9214.616911999901,0.0,0
2025-12-19 13:45:00,9214.616911999901,9214.616911999901,0.0,0
2025-12-19 14:00:00,9214.616911999901,9214.616911999901,0.0,0
2025-12-19 14:15:00,9214.616911999901,9214.616911999901,0.0,0
2025-12-19 14:30:00,9214.616911999901,9214.616911999901,0.0,0
2025-12-19 14:45:00,9214.616911999901,9214.616911999901,0.0,0
2025-12-19 15:00:00,9214.616911999901,9214.616911999901,0.0,0
2025-12-22 09:30:00,9214.616911999901,9214.616911999901,0.0,0
2025-12-22 09:45:00,9214.616911999901,9214.616911999901,0.0,0
2025-12-22 10:00:00,9214.616911999901,9214.616911999901,0.0,0
2025-12-22 10:15:00,9214.616911999901,9214.616911999901,0.0,0
2025-12-22 10:30:00,9214.616911999901,9214.616911999901,0.0,0
2025-12-22 10:45:00,9214.616911999901,9214.616911999901,0.0,0
2025-12-22 11:00:00,9214.616911999901,9214.616911999901,0.0,0
2025-12-22 11:15:00,9214.616911999901,9214.616911999901,0.0,0
2025-12-22 11:30:00,9214.616911999901,9214.616911999901,0.0,0
2025-12-22 13:00:00,9214.616911999901,9214.616911999901,0.0,0
2025-12-22 13:15:00,9214.616911999901,9214.616911999901,0.0,0
2025-12-22 13:30:00,9214.616911999901,9214.616911999901,0.0,0
2025-12-22 13:45:00,9214.616911999901,9214.616911999901,0.0,0
2025-12-22 14:00:00,9214.616911999901,9214.616911999901,0.0,0
2025-12-22 14:15:00,9214.616911999901,9214.616911999901,0.0,0
2025-12-22 14:30:00,9214.616911999901,9214.616911999901,0.0,0
2025-12-22 14:45:00,9214.616911999901,9214.616911999901,0.0,0
2025-12-22 15:00:00,9214.616911999901,9214.616911999901,0.0,0
2025-12-23 09:30:00,9214.616911999901,9214.616911999901,0.0,0
2025-12-23 09:45:00,9214.616911999901,9214.616911999901,0.0,0
2025-12-23 10:00:00,9214.616911999901,9214.616911999901,0.0,0
2025-12-23 10:15:00,9214.616911999901,9214.616911999901,0.0,0
2025-12-23 10:30:00,9214.616911999901,9214.616911999901,0.0,0
2025-12-23 10:45:00,9214.616911999901,9214.616911999901,0.0,0
2025-12-23 11:00:00,9214.616911999901,9214.616911999901,0.0,0
2025-12-23 11:15:00,9214.616911999901,9214.616911999901,0.0,0
2025-12-23 11:30:00,9214.616911999901,9214.616911999901,0.0,0
2025-12-23 13:00:00,9214.616911999901,9214.616911999901,0.0,0
2025-12-23 13:15:00,9214.616911999901,9214.616911999901,0.0,0
2025-12-23 13:30:00,9214.616911999901,9214.616911999901,0.0,0
2025-12-23 13:45:00,9214.616911999901,9214.616911999901,0.0,0
2025-12-23 14:00:00,9214.616911999901,9214.616911999901,0.0,0
2025-12-23 14:15:00,9214.616911999901,9214.616911999901,0.0,0
2025-12-23 14:30:00,9214.616911999901,9214.616911999901,0.0,0
2025-12-23 14:45:00,9214.616911999901,9214.616911999901,0.0,0
2025-12-23 15:00:00,9214.616911999901,9214.616911999901,0.0,0
2025-12-24 09:30:00,9214.616911999901,9214.616911999901,0.0,0
2025-12-24 09:45:00,9214.616911999901,9214.616911999901,0.0,0
2025-12-24 10:00:00,9214.616911999901,9214.616911999901,0.0,0
2025-12-24 10:15:00,9214.616911999901,9214.616911999901,0.0,0
2025-12-24 10:30:00,9214.616911999901,9214.616911999901,0.0,0
2025-12-24 10:45:00,9214.616911999901,9214.616911999901,0.0,0
2025-12-24 11:00:00,9214.616911999901,9214.616911999901,0.0,0
2025-12-24 11:15:00,9214.616911999901,9214.616911999901,0.0,0
2025-12-24 11:30:00,9214.616911999901,9214.616911999901,0.0,0
2025-12-24 13:00:00,9214.616911999901,9214.616911999901,0.0,0
2025-12-24 13:15:00,9214.616911999901,9214.616911999901,0.0,0
2025-12-24 13:30:00,9214.616911999901,9214.616911999901,0.0,0
2025-12-24 13:45:00,9214.616911999901,9214.616911999901,0.0,0
2025-12-24 14:00:00,9214.616911999901,9214.616911999901,0.0,0
2025-12-24 14:15:00,9214.616911999901,9214.616911999901,0.0,0
2025-12-24 14:30:00,9214.616911999901,9214.616911999901,0.0,0
2025-12-24 14:45:00,9214.616911999901,9214.616911999901,0.0,0
2025-12-24 15:00:00,9214.616911999901,9214.616911999901,0.0,0
2025-12-25 09:30:00,9214.616911999901,9214.616911999901,0.0,0
2025-12-25 09:45:00,9214.616911999901,9214.616911999901,0.0,0
2025-12-25 10:00:00,9214.616911999901,9214.616911999901,0.0,0
2025-12-25 10:15:00,9214.616911999901,9214.616911999901,0.0,0
2025-12-25 10:30:00,9214.616911999901,9214.616911999901,0.0,0
2025-12-25 10:45:00,9214.616911999901,9214.616911999901,0.0,0
2025-12-25 11:00:00,9214.616911999901,9214.616911999901,0.0,0
2025-12-25 11:15:00,9214.616911999901,9214.616911999901,0.0,0
2025-12-25 11:30:00,9214.616911999901,9214.616911999901,0.0,0
2025-12-25 13:00:00,9214.616911999901,9214.616911999901,0.0,0
2025-12-25 13:15:00,9214.616911999901,9214.616911999901,0.0,0
2025-12-25 13:30:00,9214.616911999901,9214.616911999901,0.0,0
2025-12-25 13:45:00,9214.616911999901,9214.616911999901,0.0,0
2025-12-25 14:00:00,9214.616911999901,9214.616911999901,0.0,0
2025-12-25 14:15:00,9214.616911999901,9214.616911999901,0.0,0
2025-12-25 14:30:00,9214.616911999901,9214.616911999901,0.0,0
2025-12-25 14:45:00,9214.616911999901,9214.616911999901,0.0,0
2025-12-25 15:00:00,9214.616911999901,9214.616911999901,0.0,0
2025-12-26 09:30:00,9214.616911999901,9214.616911999901,0.0,0
2025-12-26 09:45:00,9214.616911999901,9214.616911999901,0.0,0
2025-12-26 10:00:00,9214.616911999901,9214.616911999901,0.0,0
2025-12-26 10:15:00,9214.616911999901,9214.616911999901,0.0,0
2025-12-26 10:30:00,9214.616911999901,9214.616911999901,0.0,0
2025-12-26 10:45:00,9214.616911999901,9214.616911999901,0.0,0
2025-12-26 11:00:00,9214.616911999901,9214.616911999901,0.0,0
2025-12-26 11:15:00,9214.616911999901,9214.616911999901,0.0,0
2025-12-26 11:30:00,9214.616911999901,9214.616911999901,0.0,0
2025-12-26 13:00:00,9214.616911999901,9214.616911999901,0.0,0
2025-12-26 13:15:00,9214.616911999901,9214.616911999901,0.0,0
2025-12-26 13:30:00,9214.616911999901,9214.616911999901,0.0,0
2025-12-26 13:45:00,9214.616911999901,9214.616911999901,0.0,0
2025-12-26 14:00:00,9214.616911999901,9214.616911999901,0.0,0
2025-12-26 14:15:00,9214.616911999901,9214.616911999901,0.0,0
2025-12-26 14:30:00,9214.616911999901,9214.616911999901,0.0,0
2025-12-26 14:45:00,9214.616911999901,9214.616911999901,0.0,0
2025-12-26 15:00:00,9214.616911999901,9214.616911999901,0.0,0
2025-12-29 09:30:00,9214.616911999901,9214.616911999901,0.0,0
2025-12-29 09:45:00,9214.616911999901,9214.616911999901,0.0,0
2025-12-29 10:00:00,9214.616911999901,9214.616911999901,0.0,0
2025-12-29 10:15:00,9214.616911999901,9214.616911999901,0.0,0
2025-12-29 10:30:00,9214.616911999901,9214.616911999901,0.0,0
2025-12-29 10:45:00,9214.616911999901,9214.616911999901,0.0,0
2025-12-29 11:00:00,9214.616911999901,9214.616911999901,0.0,0
2025-12-29 11:15:00,9214.616911999901,9214.616911999901,0.0,0
2025-12-29 11:30:00,9214.616911999901,9214.616911999901,0.0,0
2025-12-29 13:00:00,9214.616911999901,9214.616911999901,0.0,0
2025-12-29 13:15:00,9214.616911999901,9214.616911999901,0.0,0
2025-12-29 13:30:00,9214.616911999901,9214.616911999901,0.0,0
2025-12-29 13:45:00,9214.616911999901,9214.616911999901,0.0,0
2025-12-29 14:00:00,9214.616911999901,9214.616911999901,0.0,0
2025-12-29 14:15:00,9214.616911999901,9214.616911999901,0.0,0
2025-12-29 14:30:00,9214.616911999901,9214.616911999901,0.0,0
2025-12-29 14:45:00,9214.616911999901,9214.616911999901,0.0,0
2025-12-29 15:00:00,9214.616911999901,9214.616911999901,0.0,0
2025-12-30 09:30:00,9214.616911999901,9214.616911999901,0.0,0
2025-12-30 09:45:00,9214.616911999901,9214.616911999901,0.0,0
2025-12-30 10:00:00,9214.616911999901,9214.616911999901,0.0,0
2025-12-30 10:15:00,9214.616911999901,9214.616911999901,0.0,0
2025-12-30 10:30:00,9214.616911999901,9214.616911999901,0.0,0
2025-12-30 10:45:00,9214.616911999901,9214.616911999901,0.0,0
2025-12-30 11:00:00,9214.616911999901,9214.616911999901,0.0,0
2025-12-30 11:15:00,9214.616911999901,9214.616911999901,0.0,0
2025-12-30 11:30:00,9214.616911999901,9214.616911999901,0.0,0
2025-12-30 13:00:00,9214.616911999901,9214.616911999901,0.0,0
2025-12-30 13:15:00,9214.616911999901,9214.616911999901,0.0,0
2025-12-30 13:30:00,9214.616911999901,9214.616911999901,0.0,0
2025-12-30 13:45:00,9214.616911999901,9214.616911999901,0.0,0
2025-12-30 14:00:00,9214.616911999901,9214.616911999901,0.0,0
2025-12-30 14:15:00,9214.616911999901,9214.616911999901,0.0,0
2025-12-30 14:30:00,9214.616911999901,9214.616911999901,0.0,0
2025-12-30 14:45:00,9214.616911999901,9214.616911999901,0.0,0
2025-12-30 15:00:00,9214.616911999901,9214.616911999901,0.0,0
2025-12-31 09:30:00,9214.616911999901,9214.616911999901,0.0,0
2025-12-31 09:45:00,9214.616911999901,9214.616911999901,0.0,0
2025-12-31 10:00:00,9214.616911999901,9214.616911999901,0.0,0
2025-12-31 10:15:00,9214.616911999901,9214.616911999901,0.0,0
2025-12-31 10:30:00,9214.616911999901,9214.616911999901,0.0,0
2025-12-31 10:45:00,9214.616911999901,9214.616911999901,0.0,0
2025-12-31 11:00:00,9214.616911999901,9214.616911999901,0.0,0
2025-12-31 11:15:00,9214.616911999901,9214.616911999901,0.0,0
2025-12-31 11:30:00,9214.616911999901,9214.616911999901,0.0,0
2025-12-31 13:00:00,9214.616911999901,9214.616911999901,0.0,0
2025-12-31 13:15:00,9214.616911999901,9214.616911999901,0.0,0
2025-12-31 13:30:00,9214.616911999901,9214.616911999901,0.0,0
2025-12-31 13:45:00,9214.616911999901,9214.616911999901,0.0,0
2025-12-31 14:00:00,9214.616911999901,9214.616911999901,0.0,0
2025-12-31 14:15:00,9214.616911999901,9214.616911999901,0.0,0
2025-12-31 14:30:00,9214.616911999901,9214.616911999901,0.0,0
2025-12-31 14:45:00,9214.616911999901,9214.616911999901,0.0,0
2025-12-31 15:00:00,9214.616911999901,9214.616911999901,0.0,0
2026-01-05 09:30:00,9214.616911999901,9214.616911999901,0.0,0
2026-01-05 09:45:00,9214.616911999901,9214.616911999901,0.0,0
2026-01-05 10:00:00,9214.616911999901,9214.616911999901,0.0,0
2026-01-05 10:15:00,9214.616911999901,9214.616911999901,0.0,0
2026-01-05 10:30:00,9214.616911999901,9214.616911999901,0.0,0
2026-01-05 10:45:00,9214.616911999901,9214.616911999901,0.0,0
2026-01-05 11:00:00,9214.616911999901,9214.616911999901,0.0,0
2026-01-05 11:15:00,9214.616911999901,9214.616911999901,0.0,0
2026-01-05 11:30:00,9214.616911999901,9214.616911999901,0.0,0
2026-01-05 13:00:00,9214.616911999901,9214.616911999901,0.0,0
2026-01-05 13:15:00,9214.616911999901,9214.616911999901,0.0,0
2026-01-05 13:30:00,9214.616911999901,9214.616911999901,0.0,0
2026-01-05 13:45:00,9214.616911999901,9214.616911999901,0.0,0
2026-01-05 14:00:00,9214.616911999901,9214.616911999901,0.0,0
2026-01-05 14:15:00,9214.616911999901,9214.616911999901,0.0,0
2026-01-05 14:30:00,9214.616911999901,9214.616911999901,0.0,0
2026-01-05 14:45:00,9214.616911999901,9214.616911999901,0.0,0
2026-01-05 15:00:00,9214.616911999901,9214.616911999901,0.0,0
2026-01-06 09:30:00,9214.616911999901,9214.616911999901,0.0,0
2026-01-06 09:45:00,9214.616911999901,9214.616911999901,0.0,0
2026-01-06 10:00:00,9214.616911999901,9214.616911999901,0.0,0
2026-01-06 10:15:00,9214.616911999901,9214.616911999901,0.0,0
2026-01-06 10:30:00,9214.616911999901,9214.616911999901,0.0,0
2026-01-06 10:45:00,9214.616911999901,9214.616911999901,0.0,0
2026-01-06 11:00:00,9214.616911999901,9214.616911999901,0.0,0
2026-01-06 11:15:00,9214.616911999901,9214.616911999901,0.0,0
2026-01-06 11:30:00,9214.616911999901,9214.616911999901,0.0,0
2026-01-06 13:00:00,9214.616911999901,9214.616911999901,0.0,0
2026-01-06 13:15:00,9214.616911999901,9214.616911999901,0.0,0
2026-01-06 13:30:00,9214.616911999901,9214.616911999901,0.0,0
2026-01-06 13:45:00,9214.616911999901,9214.616911999901,0.0,0
2026-01-06 14:00:00,9214.616911999901,9214.616911999901,0.0,0
2026-01-06 14:15:00,9214.616911999901,9214.616911999901,0.0,0
2026-01-06 14:30:00,9214.616911999901,9214.616911999901,0.0,0
2026-01-06 14:45:00,9214.616911999901,9214.616911999901,0.0,0
2026-01-06 15:00:00,9214.616911999901,9214.616911999901,0.0,0
2026-01-07 09:30:00,9214.616911999901,9214.616911999901,0.0,0
2026-01-07 09:45:00,9214.616911999901,9214.616911999901,0.0,0
2026-01-07 10:00:00,9214.616911999901,9214.616911999901,0.0,0
2026-01-07 10:15:00,9214.616911999901,9214.616911999901,0.0,0
2026-01-07 10:30:00,9214.616911999901,9214.616911999901,0.0,0
2026-01-07 10:45:00,9214.616911999901,9214.616911999901,0.0,0
2026-01-07 11:00:00,9214.616911999901,9214.616911999901,0.0,0
2026-01-07 11:15:00,9214.616911999901,9214.616911999901,0.0,0
2026-01-07 11:30:00,9214.616911999901,9214.616911999901,0.0,0
2026-01-07 13:00:00,9214.616911999901,9214.616911999901,0.0,0
2026-01-07 13:15:00,9214.616911999901,9214.616911999901,0.0,0
2026-01-07 13:30:00,9214.616911999901,9214.616911999901,0.0,0
2026-01-07 13:45:00,9214.616911999901,9214.616911999901,0.0,0
2026-01-07 14:00:00,9214.616911999901,9214.616911999901,0.0,0
2026-01-07 14:15:00,9214.616911999901,9214.616911999901,0.0,0
2026-01-07 14:30:00,9214.616911999901,9214.616911999901,0.0,0
2026-01-07 14:45:00,9214.616911999901,9214.616911999901,0.0,0
2026-01-07 15:00:00,9214.616911999901,9214.616911999901,0.0,0
2026-01-08 09:30:00,9214.616911999901,9214.616911999901,0.0,0
2026-01-08 09:45:00,9214.616911999901,9214.616911999901,0.0,0
2026-01-08 10:00:00,9214.616911999901,9214.616911999901,0.0,0
2026-01-08 10:15:00,9214.616911999901,9214.616911999901,0.0,0
2026-01-08 10:30:00,9214.616911999901,9214.616911999901,0.0,0
2026-01-08 10:45:00,9214.616911999901,9214.616911999901,0.0,0
2026-01-08 11:00:00,9214.616911999901,9214.616911999901,0.0,0
2026-01-08 11:15:00,9214.616911999901,9214.616911999901,0.0,0
2026-01-08 11:30:00,9214.616911999901,9214.616911999901,0.0,0
2026-01-08 13:00:00,9214.616911999901,9214.616911999901,0.0,0
2026-01-08 13:15:00,9214.616911999901,9214.616911999901,0.0,0
2026-01-08 13:30:00,9214.616911999901,9214.616911999901,0.0,0
2026-01-08 13:45:00,9214.616911999901,9214.616911999901,0.0,0
2026-01-08 14:00:00,9214.616911999901,9214.616911999901,0.0,0
2026-01-08 14:15:00,9214.616911999901,9214.616911999901,0.0,0
2026-01-08 14:30:00,9214.616911999901,9214.616911999901,0.0,0
2026-01-08 14:45:00,9214.616911999901,9214.616911999901,0.0,0
2026-01-08 15:00:00,9214.616911999901,9214.616911999901,0.0,0
2026-01-09 09:30:00,9214.616911999901,9214.616911999901,0.0,0
2026-01-09 09:45:00,9214.616911999901,9214.616911999901,0.0,0
2026-01-09 10:00:00,9214.616911999901,9214.616911999901,0.0,0
2026-01-09 10:15:00,9214.616911999901,9214.616911999901,0.0,0
2026-01-09 10:30:00,9214.616911999901,9214.616911999901,0.0,0
2026-01-09 10:45:00,9214.616911999901,9214.616911999901,0.0,0
2026-01-09 11:00:00,9214.616911999901,9214.616911999901,0.0,0
2026-01-09 11:15:00,9214.616911999901,9214.616911999901,0.0,0
2026-01-09 11:30:00,9214.616911999901,9214.616911999901,0.0,0
2026-01-09 13:00:00,9214.616911999901,9214.616911999901,0.0,0
2026-01-09 13:15:00,9214.616911999901,9214.616911999901,0.0,0
2026-01-09 13:30:00,9214.616911999901,9214.616911999901,0.0,0
2026-01-09 13:45:00,9214.616911999901,9214.616911999901,0.0,0
2026-01-09 14:00:00,9214.616911999901,9214.616911999901,0.0,0
2026-01-09 14:15:00,9214.616911999901,9214.616911999901,0.0,0
2026-01-09 14:30:00,9214.616911999901,9214.616911999901,0.0,0
2026-01-09 14:45:00,9214.616911999901,9214.616911999901,0.0,0
2026-01-09 15:00:00,9214.616911999901,9214.616911999901,0.0,0
2026-01-12 09:30:00,9214.616911999901,9214.616911999901,0.0,0
2026-01-12 09:45:00,9214.616911999901,9214.616911999901,0.0,0
2026-01-12 10:00:00,9214.616911999901,9214.616911999901,0.0,0
2026-01-12 10:15:00,9214.616911999901,9214.616911999901,0.0,0
2026-01-12 10:30:00,9214.616911999901,9214.616911999901,0.0,0
2026-01-12 10:45:00,9214.616911999901,9214.616911999901,0.0,0
2026-01-12 11:00:00,9214.616911999901,9214.616911999901,0.0,0
2026-01-12 11:15:00,9214.616911999901,9214.616911999901,0.0,0
2026-01-12 11:30:00,9214.616911999901,9214.616911999901,0.0,0
2026-01-12 13:00:00,9214.616911999901,9214.616911999901,0.0,0
2026-01-12 13:15:00,9214.616911999901,9214.616911999901,0.0,0
2026-01-12 13:30:00,9214.616911999901,9214.616911999901,0.0,0
2026-01-12 13:45:00,9214.616911999901,9214.616911999901,0.0,0
2026-01-12 14:00:00,9214.616911999901,9214.616911999901,0.0,0
2026-01-12 14:15:00,9214.616911999901,9214.616911999901,0.0,0
2026-01-12 14:30:00,9214.616911999901,9214.616911999901,0.0,0
2026-01-12 14:45:00,9214.616911999901,9214.616911999901,0.0,0
2026-01-12 15:00:00,9214.616911999901,9214.616911999901,0.0,0
2026-01-13 09:30:00,9214.616911999901,9214.616911999901,0.0,0
2026-01-13 09:45:00,9214.616911999901,9214.616911999901,0.0,0
2026-01-13 10:00:00,9214.616911999901,9214.616911999901,0.0,0
2026-01-13 10:15:00,9214.616911999901,9214.616911999901,0.0,0
2026-01-13 10:30:00,9214.616911999901,9214.616911999901,0.0,0
2026-01-13 10:45:00,9214.616911999901,9214.616911999901,0.0,0
2026-01-13 11:00:00,9214.616911999901,9214.616911999901,0.0,0
2026-01-13 11:15:00,9214.616911999901,9214.616911999901,0.0,0
2026-01-13 11:30:00,9214.616911999901,9214.616911999901,0.0,0
2026-01-13 13:00:00,9214.616911999901,9214.616911999901,0.0,0
2026-01-13 13:15:00,9214.616911999901,9214.616911999901,0.0,0
2026-01-13 13:30:00,9214.616911999901,9214.616911999901,0.0,0
2026-01-13 13:45:00,9214.616911999901,9214.616911999901,0.0,0
2026-01-13 14:00:00,9214.616911999901,9214.616911999901,0.0,0
2026-01-13 14:15:00,9214.616911999901,9214.616911999901,0.0,0
2026-01-13 14:30:00,9214.616911999901,9214.616911999901,0.0,0
2026-01-13 14:45:00,9214.616911999901,9214.616911999901,0.0,0
2026-01-13 15:00:00,9214.616911999901,9214.616911999901,0.0,0
2026-01-14 09:30:00,9214.616911999901,9214.616911999901,0.0,0
2026-01-14 09:45:00,9214.616911999901,9214.616911999901,0.0,0
2026-01-14 10:00:00,9214.616911999901,9214.616911999901,0.0,0
2026-01-14 10:15:00,9214.616911999901,9214.616911999901,0.0,0
2026-01-14 10:30:00,9214.616911999901,9214.616911999901,0.0,0
2026-01-14 10:45:00,9214.616911999901,9214.616911999901,0.0,0
2026-01-14 11:00:00,9214.616911999901,9214.616911999901,0.0,0
2026-01-14 11:15:00,9214.616911999901,9214.616911999901,0.0,0
2026-01-14 11:30:00,9214.616911999901,9214.616911999901,0.0,0
2026-01-14 13:00:00,9214.616911999901,9214.616911999901,0.0,0
2026-01-14 13:15:00,9214.616911999901,9214.616911999901,0.0,0
2026-01-14 13:30:00,9214.616911999901,9214.616911999901,0.0,0
2026-01-14 13:45:00,9214.616911999901,9214.616911999901,0.0,0
2026-01-14 14:00:00,9214.616911999901,9214.616911999901,0.0,0
2026-01-14 14:15:00,9214.616911999901,9214.616911999901,0.0,0
2026-01-14 14:30:00,9214.616911999901,9214.616911999901,0.0,0
2026-01-14 14:45:00,9214.616911999901,9214.616911999901,0.0,0
2026-01-14 15:00:00,9214.616911999901,9214.616911999901,0.0,0
2026-01-15 09:30:00,9214.616911999901,9214.616911999901,0.0,0
2026-01-15 09:45:00,9214.616911999901,9214.616911999901,0.0,0
2026-01-15 10:00:00,9214.616911999901,9214.616911999901,0.0,0
2026-01-15 10:15:00,9214.616911999901,9214.616911999901,0.0,0
2026-01-15 10:30:00,9214.616911999901,9214.616911999901,0.0,0
2026-01-15 10:45:00,9214.616911999901,9214.616911999901,0.0,0
2026-01-15 11:00:00,9214.616911999901,9214.616911999901,0.0,0
2026-01-15 11:15:00,9214.616911999901,9214.616911999901,0.0,0
2026-01-15 11:30:00,9214.616911999901,9214.616911999901,0.0,0
2026-01-15 13:00:00,9214.616911999901,9214.616911999901,0.0,0
2026-01-15 13:15:00,9214.616911999901,9214.616911999901,0.0,0
2026-01-15 13:30:00,9214.616911999901,9214.616911999901,0.0,0
2026-01-15 13:45:00,9214.616911999901,9214.616911999901,0.0,0
2026-01-15 14:00:00,9214.616911999901,9214.616911999901,0.0,0
2026-01-15 14:15:00,9214.616911999901,9214.616911999901,0.0,0
2026-01-15 14:30:00,9214.616911999901,9214.616911999901,0.0,0
2026-01-15 14:45:00,9214.616911999901,9214.616911999901,0.0,0
2026-01-15 15:00:00,9214.616911999901,9214.616911999901,0.0,0
2026-01-16 09:30:00,9214.616911999901,9214.616911999901,0.0,0
2026-01-16 09:45:00,9214.616911999901,9214.616911999901,0.0,0
2026-01-16 10:00:00,9214.616911999901,9214.616911999901,0.0,0
2026-01-16 10:15:00,9214.616911999901,9214.616911999901,0.0,0
2026-01-16 10:30:00,9214.616911999901,9214.616911999901,0.0,0
2026-01-16 10:45:00,9214.616911999901,9214.616911999901,0.0,0
2026-01-16 11:00:00,9214.616911999901,9214.616911999901,0.0,0
2026-01-16 11:15:00,9214.616911999901,9214.616911999901,0.0,0
2026-01-16 11:30:00,9214.616911999901,9214.616911999901,0.0,0
2026-01-16 13:00:00,9214.616911999901,9214.616911999901,0.0,0
2026-01-16 13:15:00,9214.616911999901,9214.616911999901,0.0,0
2026-01-16 13:30:00,9214.616911999901,9214.616911999901,0.0,0
2026-01-16 13:45:00,9214.616911999901,9214.616911999901,0.0,0
2026-01-16 14:00:00,9214.616911999901,9214.616911999901,0.0,0
2026-01-16 14:15:00,9214.616911999901,9214.616911999901,0.0,0
2026-01-16 14:30:00,9214.616911999901,9214.616911999901,0.0,0
2026-01-16 14:45:00,9214.616911999901,9214.616911999901,0.0,0
2026-01-16 15:00:00,9214.616911999901,9214.616911999901,0.0,0
2026-01-19 09:30:00,9214.616911999901,9214.616911999901,0.0,0
2026-01-19 09:45:00,9214.616911999901,9214.616911999901,0.0,0
2026-01-19 10:00:00,9214.616911999901,9214.616911999901,0.0,0
2026-01-19 10:15:00,9214.616911999901,9214.616911999901,0.0,0
2026-01-19 10:30:00,9214.616911999901,9214.616911999901,0.0,0
2026-01-19 10:45:00,9214.616911999901,9214.616911999901,0.0,0
2026-01-19 11:00:00,9214.616911999901,9214.616911999901,0.0,0
2026-01-19 11:15:00,9214.616911999901,9214.616911999901,0.0,0
2026-01-19 11:30:00,9214.616911999901,9214.616911999901,0.0,0
2026-01-19 13:00:00,9214.616911999901,9214.616911999901,0.0,0
2026-01-19 13:15:00,9214.616911999901,9214.616911999901,0.0,0
2026-01-19 13:30:00,9214.616911999901,9214.616911999901,0.0,0
2026-01-19 13:45:00,9214.616911999901,9214.616911999901,0.0,0
2026-01-19 14:00:00,9214.616911999901,9214.616911999901,0.0,0
2026-01-19 14:15:00,9214.616911999901,9214.616911999901,0.0,0
2026-01-19 14:30:00,9214.616911999901,9214.616911999901,0.0,0
2026-01-19 14:45:00,9214.616911999901,9214.616911999901,0.0,0
2026-01-19 15:00:00,9214.616911999901,9214.616911999901,0.0,0
2026-01-20 09:30:00,9214.616911999901,9214.616911999901,0.0,0
2026-01-20 09:45:00,9214.616911999901,9214.616911999901,0.0,0
2026-01-20 10:00:00,9214.616911999901,9214.616911999901,0.0,0
2026-01-20 10:15:00,9214.616911999901,9214.616911999901,0.0,0
2026-01-20 10:30:00,9214.616911999901,9214.616911999901,0.0,0
2026-01-20 10:45:00,9214.616911999901,9214.616911999901,0.0,0
2026-01-20 11:00:00,9214.616911999901,9214.616911999901,0.0,0
2026-01-20 11:15:00,9214.616911999901,9214.616911999901,0.0,0
2026-01-20 11:30:00,9214.616911999901,9214.616911999901,0.0,0
2026-01-20 13:00:00,9214.616911999901,9214.616911999901,0.0,0
2026-01-20 13:15:00,9214.616911999901,9214.616911999901,0.0,0
2026-01-20 13:30:00,9214.616911999901,9214.616911999901,0.0,0
2026-01-20 13:45:00,9214.616911999901,9214.616911999901,0.0,0
2026-01-20 14:00:00,9214.616911999901,9214.616911999901,0.0,0
2026-01-20 14:15:00,9214.616911999901,9214.616911999901,0.0,0
2026-01-20 14:30:00,9214.616911999901,9214.616911999901,0.0,0
2026-01-20 14:45:00,9214.616911999901,9214.616911999901,0.0,0
2026-01-20 15:00:00,9214.616911999901,9214.616911999901,0.0,0
2026-01-21 09:30:00,9214.616911999901,9214.616911999901,0.0,0
2026-01-21 09:45:00,9214.616911999901,9214.616911999901,0.0,0
2026-01-21 10:00:00,9214.616911999901,9214.616911999901,0.0,0
2026-01-21 10:15:00,9214.616911999901,9214.616911999901,0.0,0
2026-01-21 10:30:00,9214.616911999901,9214.616911999901,0.0,0
2026-01-21 10:45:00,9214.616911999901,9214.616911999901,0.0,0
2026-01-21 11:00:00,9214.616911999901,9214.616911999901,0.0,0
2026-01-21 11:15:00,9214.616911999901,9214.616911999901,0.0,0
2026-01-21 11:30:00,9214.616911999901,9214.616911999901,0.0,0
2026-01-21 13:00:00,9214.616911999901,9214.616911999901,0.0,0
2026-01-21 13:15:00,9214.616911999901,9214.616911999901,0.0,0
2026-01-21 13:30:00,9214.616911999901,9214.616911999901,0.0,0
2026-01-21 13:45:00,9214.616911999901,9214.616911999901,0.0,0
2026-01-21 14:00:00,9214.616911999901,9214.616911999901,0.0,0
2026-01-21 14:15:00,9214.616911999901,9214.616911999901,0.0,0
2026-01-21 14:30:00,9214.616911999901,9214.616911999901,0.0,0
2026-01-21 14:45:00,9214.616911999901,9214.616911999901,0.0,0
2026-01-21 15:00:00,9214.616911999901,9214.616911999901,0.0,0
2026-01-22 09:30:00,9214.616911999901,9214.616911999901,0.0,0
2026-01-22 09:45:00,9214.616911999901,9214.616911999901,0.0,0
2026-01-22 10:00:00,9214.616911999901,9214.616911999901,0.0,0
2026-01-22 10:15:00,9214.616911999901,9214.616911999901,0.0,0
2026-01-22 10:30:00,9214.616911999901,9214.616911999901,0.0,0
2026-01-22 10:45:00,9214.616911999901,9214.616911999901,0.0,0
2026-01-22 11:00:00,9214.616911999901,9214.616911999901,0.0,0
2026-01-22 11:15:00,9214.616911999901,9214.616911999901,0.0,0
2026-01-22 11:30:00,9214.616911999901,9214.616911999901,0.0,0
2026-01-22 13:00:00,9214.616911999901,9214.616911999901,0.0,0
2026-01-22 13:15:00,9214.616911999901,9214.616911999901,0.0,0
2026-01-22 13:30:00,9214.616911999901,9214.616911999901,0.0,0
2026-01-22 13:45:00,9214.616911999901,9214.616911999901,0.0,0
2026-01-22 14:00:00,9214.616911999901,9214.616911999901,0.0,0
2026-01-22 14:15:00,9214.616911999901,9214.616911999901,0.0,0
2026-01-22 14:30:00,9214.616911999901,9214.616911999901,0.0,0
2026-01-22 14:45:00,9214.616911999901,9214.616911999901,0.0,0
2026-01-22 15:00:00,9214.616911999901,9214.616911999901,0.0,0
2026-01-23 09:30:00,9214.616911999901,9214.616911999901,0.0,0
2026-01-23 09:45:00,9214.616911999901,9214.616911999901,0.0,0
2026-01-23 10:00:00,9214.616911999901,9214.616911999901,0.0,0
2026-01-23 10:15:00,9214.616911999901,9214.616911999901,0.0,0
2026-01-23 10:30:00,9214.616911999901,9214.616911999901,0.0,0
2026-01-23 10:45:00,9214.616911999901,9214.616911999901,0.0,0
2026-01-23 11:00:00,9214.616911999901,9214.616911999901,0.0,0
2026-01-23 11:15:00,9214.616911999901,9214.616911999901,0.0,0
2026-01-23 11:30:00,9214.616911999901,9214.616911999901,0.0,0
2026-01-23 13:00:00,9214.616911999901,9214.616911999901,0.0,0
2026-01-23 13:15:00,9214.616911999901,9214.616911999901,0.0,0
2026-01-23 13:30:00,9214.616911999901,9214.616911999901,0.0,0
2026-01-23 13:45:00,9214.616911999901,9214.616911999901,0.0,0
2026-01-23 14:00:00,9214.616911999901,9214.616911999901,0.0,0
2026-01-23 14:15:00,9214.616911999901,9214.616911999901,0.0,0
2026-01-23 14:30:00,9214.616911999901,9214.616911999901,0.0,0
2026-01-23 14:45:00,9214.616911999901,9214.616911999901,0.0,0
2026-01-23 15:00:00,9214.616911999901,9214.616911999901,0.0,0
2026-01-26 09:30:00,9214.616911999901,9214.616911999901,0.0,0
2026-01-26 09:45:00,9214.616911999901,9214.616911999901,0.0,0
2026-01-26 10:00:00,9214.616911999901,9214.616911999901,0.0,0
2026-01-26 10:15:00,9214.616911999901,9214.616911999901,0.0,0
2026-01-26 10:30:00,9214.616911999901,9214.616911999901,0.0,0
2026-01-26 10:45:00,9214.616911999901,9214.616911999901,0.0,0
2026-01-26 11:00:00,9214.616911999901,9214.616911999901,0.0,0
2026-01-26 11:15:00,9214.616911999901,9214.616911999901,0.0,0
2026-01-26 11:30:00,9214.616911999901,9214.616911999901,0.0,0
2026-01-26 13:00:00,9214.616911999901,9214.616911999901,0.0,0
2026-01-26 13:15:00,9214.616911999901,9214.616911999901,0.0,0
2026-01-26 13:30:00,9214.616911999901,9214.616911999901,0.0,0
2026-01-26 13:45:00,9214.616911999901,9214.616911999901,0.0,0
2026-01-26 14:00:00,9214.616911999901,9214.616911999901,0.0,0
2026-01-26 14:15:00,9214.616911999901,9214.616911999901,0.0,0
2026-01-26 14:30:00,9214.616911999901,9214.616911999901,0.0,0
2026-01-26 14:45:00,9214.616911999901,9214.616911999901,0.0,0
2026-01-26 15:00:00,9214.616911999901,9214.616911999901,0.0,0
2026-01-27 09:30:00,9214.616911999901,9214.616911999901,0.0,0
2026-01-27 09:45:00,9214.616911999901,9214.616911999901,0.0,0
2026-01-27 10:00:00,9214.616911999901,9214.616911999901,0.0,0
2026-01-27 10:15:00,9214.616911999901,9214.616911999901,0.0,0
2026-01-27 10:30:00,9214.616911999901,9214.616911999901,0.0,0
2026-01-27 10:45:00,9214.616911999901,9214.616911999901,0.0,0
2026-01-27 11:00:00,9214.616911999901,9214.616911999901,0.0,0
2026-01-27 11:15:00,9214.616911999901,9214.616911999901,0.0,0
2026-01-27 11:30:00,9214.616911999901,9214.616911999901,0.0,0
2026-01-27 13:00:00,9214.616911999901,9214.616911999901,0.0,0
2026-01-27 13:15:00,9214.616911999901,9214.616911999901,0.0,0
2026-01-27 13:30:00,9214.616911999901,9214.616911999901,0.0,0
2026-01-27 13:45:00,9214.616911999901,9214.616911999901,0.0,0
2026-01-27 14:00:00,9214.616911999901,9214.616911999901,0.0,0
2026-01-27 14:15:00,9214.616911999901,9214.616911999901,0.0,0
2026-01-27 14:30:00,9214.616911999901,9214.616911999901,0.0,0
2026-01-27 14:45:00,9214.616911999901,9214.616911999901,0.0,0
2026-01-27 15:00:00,9214.616911999901,9214.616911999901,0.0,0
2026-01-28 09:30:00,9214.616911999901,9214.616911999901,0.0,0
2026-01-28 09:45:00,9214.616911999901,9214.616911999901,0.0,0
2026-01-28 10:00:00,9214.616911999901,9214.616911999901,0.0,0
2026-01-28 10:15:00,9214.616911999901,9214.616911999901,0.0,0
2026-01-28 10:30:00,9214.616911999901,9214.616911999901,0.0,0
2026-01-28 10:45:00,9214.616911999901,9214.616911999901,0.0,0
2026-01-28 11:00:00,9214.616911999901,9214.616911999901,0.0,0
2026-01-28 11:15:00,9214.616911999901,9214.616911999901,0.0,0
2026-01-28 11:30:00,9214.616911999901,9214.616911999901,0.0,0
2026-01-28 13:00:00,9214.616911999901,9214.616911999901,0.0,0
2026-01-28 13:15:00,9214.616911999901,9214.616911999901,0.0,0
2026-01-28 13:30:00,9214.616911999901,9214.616911999901,0.0,0
2026-01-28 13:45:00,9214.616911999901,9214.616911999901,0.0,0
2026-01-28 14:00:00,9214.616911999901,9214.616911999901,0.0,0
2026-01-28 14:15:00,9214.616911999901,9214.616911999901,0.0,0
2026-01-28 14:30:00,9214.616911999901,9214.616911999901,0.0,0
2026-01-28 14:45:00,9214.616911999901,9214.616911999901,0.0,0
2026-01-28 15:00:00,9214.616911999901,9214.616911999901,0.0,0
2026-01-29 09:30:00,9214.616911999901,9214.616911999901,0.0,0
2026-01-29 09:45:00,9214.616911999901,9214.616911999901,0.0,0
2026-01-29 10:00:00,9214.616911999901,9214.616911999901,0.0,0
2026-01-29 10:15:00,9214.616911999901,9214.616911999901,0.0,0
2026-01-29 10:30:00,9214.616911999901,9214.616911999901,0.0,0
2026-01-29 10:45:00,9214.616911999901,9214.616911999901,0.0,0
2026-01-29 11:00:00,9214.616911999901,9214.616911999901,0.0,0
2026-01-29 11:15:00,9214.616911999901,9214.616911999901,0.0,0
2026-01-29 11:30:00,9214.616911999901,9214.616911999901,0.0,0
2026-01-29 13:00:00,9214.616911999901,9214.616911999901,0.0,0
2026-01-29 13:15:00,9214.616911999901,9214.616911999901,0.0,0
2026-01-29 13:30:00,9214.616911999901,9214.616911999901,0.0,0
2026-01-29 13:45:00,9214.616911999901,9214.616911999901,0.0,0
2026-01-29 14:00:00,9214.616911999901,9214.616911999901,0.0,0
2026-01-29 14:15:00,9214.616911999901,9214.616911999901,0.0,0
2026-01-29 14:30:00,9214.616911999901,9214.616911999901,0.0,0
2026-01-29 14:45:00,9214.616911999901,9214.616911999901,0.0,0
2026-01-29 15:00:00,9214.616911999901,9214.616911999901,0.0,0
2026-01-30 09:30:00,9214.616911999901,9214.616911999901,0.0,0
2026-01-30 09:45:00,9214.616911999901,9214.616911999901,0.0,0
2026-01-30 10:00:00,9214.616911999901,9214.616911999901,0.0,0
2026-01-30 10:15:00,9214.616911999901,9214.616911999901,0.0,0
2026-01-30 10:30:00,9214.616911999901,9214.616911999901,0.0,0
2026-01-30 10:45:00,9214.616911999901,9214.616911999901,0.0,0
2026-01-30 11:00:00,9214.616911999901,9214.616911999901,0.0,0
2026-01-30 11:15:00,9214.616911999901,9214.616911999901,0.0,0
2026-01-30 11:30:00,9214.616911999901,9214.616911999901,0.0,0
2026-01-30 13:00:00,9214.616911999901,9214.616911999901,0.0,0
2026-01-30 13:15:00,9214.616911999901,9214.616911999901,0.0,0
2026-01-30 13:30:00,9214.616911999901,9214.616911999901,0.0,0
2026-01-30 13:45:00,9214.616911999901,9214.616911999901,0.0,0
2026-01-30 14:00:00,9214.616911999901,9214.616911999901,0.0,0
2026-01-30 14:15:00,9214.616911999901,9214.616911999901,0.0,0
2026-01-30 14:30:00,9214.616911999901,9214.616911999901,0.0,0
2026-01-30 14:45:00,9214.616911999901,9214.616911999901,0.0,0
2026-01-30 15:00:00,9214.616911999901,9214.616911999901,0.0,0
2026-02-02 09:30:00,9214.616911999901,9214.616911999901,0.0,0
2026-02-02 09:45:00,9214.616911999901,9214.616911999901,0.0,0
2026-02-02 10:00:00,9214.616911999901,9214.616911999901,0.0,0
2026-02-02 10:15:00,9214.616911999901,9214.616911999901,0.0,0
2026-02-02 10:30:00,9214.616911999901,9214.616911999901,0.0,0
2026-02-02 10:45:00,9214.616911999901,9214.616911999901,0.0,0
2026-02-02 11:00:00,9214.616911999901,9214.616911999901,0.0,0
2026-02-02 11:15:00,9214.616911999901,9214.616911999901,0.0,0
2026-02-02 11:30:00,9214.616911999901,9214.616911999901,0.0,0
2026-02-02 13:00:00,9214.616911999901,9214.616911999901,0.0,0
2026-02-02 13:15:00,9214.616911999901,9214.616911999901,0.0,0
2026-02-02 13:30:00,9214.616911999901,9214.616911999901,0.0,0
2026-02-02 13:45:00,9214.616911999901,9214.616911999901,0.0,0
2026-02-02 14:00:00,9214.616911999901,9214.616911999901,0.0,0
2026-02-02 14:15:00,9214.616911999901,9214.616911999901,0.0,0
2026-02-02 14:30:00,9214.616911999901,9214.616911999901,0.0,0
2026-02-02 14:45:00,9214.616911999901,9214.616911999901,0.0,0
2026-02-02 15:00:00,9214.616911999901,9214.616911999901,0.0,0
2026-02-03 09:30:00,9214.616911999901,9214.616911999901,0.0,0
2026-02-03 09:45:00,9214.616911999901,9214.616911999901,0.0,0
2026-02-03 10:00:00,9214.616911999901,9214.616911999901,0.0,0
2026-02-03 10:15:00,9214.616911999901,9214.616911999901,0.0,0
2026-02-03 10:30:00,9214.616911999901,9214.616911999901,0.0,0
2026-02-03 10:45:00,9214.616911999901,9214.616911999901,0.0,0
2026-02-03 11:00:00,9214.616911999901,9214.616911999901,0.0,0
2026-02-03 11:15:00,9214.616911999901,9214.616911999901,0.0,0
2026-02-03 11:30:00,9214.616911999901,9214.616911999901,0.0,0
2026-02-03 13:00:00,9214.616911999901,9214.616911999901,0.0,0
2026-02-03 13:15:00,9214.616911999901,9214.616911999901,0.0,0
2026-02-03 13:30:00,9214.616911999901,9214.616911999901,0.0,0
2026-02-03 13:45:00,9214.616911999901,9214.616911999901,0.0,0
2026-02-03 14:00:00,9214.616911999901,9214.616911999901,0.0,0
2026-02-03 14:15:00,9214.616911999901,9214.616911999901,0.0,0
2026-02-03 14:30:00,9214.616911999901,9214.616911999901,0.0,0
2026-02-03 14:45:00,9214.616911999901,9214.616911999901,0.0,0
2026-02-03 15:00:00,9214.616911999901,9214.616911999901,0.0,0
2026-02-04 09:30:00,9214.616911999901,9214.616911999901,0.0,0
2026-02-04 09:45:00,9214.616911999901,9214.616911999901,0.0,0
2026-02-04 10:00:00,9214.616911999901,9214.616911999901,0.0,0
2026-02-04 10:15:00,9214.616911999901,9214.616911999901,0.0,0
2026-02-04 10:30:00,9214.616911999901,9214.616911999901,0.0,0
2026-02-04 10:45:00,9214.616911999901,9214.616911999901,0.0,0
2026-02-04 11:00:00,9214.616911999901,9214.616911999901,0.0,0
2026-02-04 11:15:00,9214.616911999901,9214.616911999901,0.0,0
2026-02-04 11:30:00,9214.616911999901,9214.616911999901,0.0,0
2026-02-04 13:00:00,9214.616911999901,9214.616911999901,0.0,0
2026-02-04 13:15:00,9214.616911999901,9214.616911999901,0.0,0
2026-02-04 13:30:00,9214.616911999901,9214.616911999901,0.0,0
2026-02-04 13:45:00,9214.616911999901,9214.616911999901,0.0,0
2026-02-04 14:00:00,9214.616911999901,9214.616911999901,0.0,0
2026-02-04 14:15:00,9214.616911999901,9214.616911999901,0.0,0
2026-02-04 14:30:00,9214.616911999901,9214.616911999901,0.0,0
2026-02-04 14:45:00,9214.616911999901,9214.616911999901,0.0,0
2026-02-04 15:00:00,9214.616911999901,9214.616911999901,0.0,0
2026-02-05 09:30:00,9214.616911999901,9214.616911999901,0.0,0
2026-02-05 09:45:00,9214.616911999901,9214.616911999901,0.0,0
2026-02-05 10:00:00,9214.616911999901,9214.616911999901,0.0,0
2026-02-05 10:15:00,9214.616911999901,9214.616911999901,0.0,0
2026-02-05 10:30:00,9214.616911999901,9214.616911999901,0.0,0
2026-02-05 10:45:00,9214.616911999901,9214.616911999901,0.0,0
2026-02-05 11:00:00,9214.616911999901,9214.616911999901,0.0,0
2026-02-05 11:15:00,9214.616911999901,9214.616911999901,0.0,0
2026-02-05 11:30:00,9214.616911999901,9214.616911999901,0.0,0
2026-02-05 13:00:00,9214.616911999901,9214.616911999901,0.0,0
2026-02-05 13:15:00,9214.616911999901,9214.616911999901,0.0,0
2026-02-05 13:30:00,9214.616911999901,9214.616911999901,0.0,0
2026-02-05 13:45:00,9214.616911999901,9214.616911999901,0.0,0
2026-02-05 14:00:00,9214.616911999901,9214.616911999901,0.0,0
2026-02-05 14:15:00,9214.616911999901,9214.616911999901,0.0,0
2026-02-05 14:30:00,9214.616911999901,9214.616911999901,0.0,0
2026-02-05 14:45:00,9214.616911999901,9214.616911999901,0.0,0
2026-02-05 15:00:00,9214.616911999901,9214.616911999901,0.0,0
2026-02-06 09:30:00,9214.616911999901,9214.616911999901,0.0,0
2026-02-06 09:45:00,9214.616911999901,9214.616911999901,0.0,0
2026-02-06 10:00:00,9214.616911999901,9214.616911999901,0.0,0
2026-02-06 10:15:00,9214.616911999901,9214.616911999901,0.0,0
2026-02-06 10:30:00,9214.616911999901,9214.616911999901,0.0,0
2026-02-06 10:45:00,9214.616911999901,9214.616911999901,0.0,0
2026-02-06 11:00:00,9214.616911999901,9214.616911999901,0.0,0
2026-02-06 11:15:00,9214.616911999901,9214.616911999901,0.0,0
2026-02-06 11:30:00,9214.616911999901,9214.616911999901,0.0,0
2026-02-06 13:00:00,9214.616911999901,9214.616911999901,0.0,0
2026-02-06 13:15:00,9214.616911999901,9214.616911999901,0.0,0
2026-02-06 13:30:00,9214.616911999901,9214.616911999901,0.0,0
2026-02-06 13:45:00,9214.616911999901,9214.616911999901,0.0,0
2026-02-06 14:00:00,9214.616911999901,9214.616911999901,0.0,0
2026-02-06 14:15:00,9214.616911999901,9214.616911999901,0.0,0
2026-02-06 14:30:00,9214.616911999901,9214.616911999901,0.0,0
2026-02-06 14:45:00,9214.616911999901,9214.616911999901,0.0,0
2026-02-06 15:00:00,9214.616911999901,9214.616911999901,0.0,0
2026-02-09 09:30:00,9214.616911999901,9214.616911999901,0.0,0
2026-02-09 09:45:00,9214.616911999901,9214.616911999901,0.0,0
2026-02-09 10:00:00,9214.616911999901,9214.616911999901,0.0,0
2026-02-09 10:15:00,9214.616911999901,9214.616911999901,0.0,0
2026-02-09 10:30:00,9214.616911999901,9214.616911999901,0.0,0
2026-02-09 10:45:00,9214.616911999901,9214.616911999901,0.0,0
2026-02-09 11:00:00,9214.616911999901,9214.616911999901,0.0,0
2026-02-09 11:15:00,9214.616911999901,9214.616911999901,0.0,0
2026-02-09 11:30:00,9214.616911999901,9214.616911999901,0.0,0
2026-02-09 13:00:00,9214.616911999901,9214.616911999901,0.0,0
2026-02-09 13:15:00,9214.616911999901,9214.616911999901,0.0,0
2026-02-09 13:30:00,9214.616911999901,9214.616911999901,0.0,0
2026-02-09 13:45:00,9214.616911999901,9214.616911999901,0.0,0
2026-02-09 14:00:00,9214.616911999901,9214.616911999901,0.0,0
2026-02-09 14:15:00,9214.616911999901,9214.616911999901,0.0,0
2026-02-09 14:30:00,9214.616911999901,9214.616911999901,0.0,0
2026-02-09 14:45:00,9214.616911999901,9214.616911999901,0.0,0
2026-02-09 15:00:00,9214.616911999901,9214.616911999901,0.0,0
2026-02-10 09:30:00,9214.616911999901,9214.616911999901,0.0,0
2026-02-10 09:45:00,9214.616911999901,9214.616911999901,0.0,0
2026-02-10 10:00:00,9214.616911999901,9214.616911999901,0.0,0
2026-02-10 10:15:00,9214.616911999901,9214.616911999901,0.0,0
2026-02-10 10:30:00,9214.616911999901,9214.616911999901,0.0,0
2026-02-10 10:45:00,9214.616911999901,9214.616911999901,0.0,0
2026-02-10 11:00:00,9214.616911999901,9214.616911999901,0.0,0
2026-02-10 11:15:00,9214.616911999901,9214.616911999901,0.0,0
2026-02-10 11:30:00,9214.616911999901,9214.616911999901,0.0,0
2026-02-10 13:00:00,9214.616911999901,9214.616911999901,0.0,0
2026-02-10 13:15:00,9214.616911999901,9214.616911999901,0.0,0
2026-02-10 13:30:00,9214.616911999901,9214.616911999901,0.0,0
2026-02-10 13:45:00,9214.616911999901,9214.616911999901,0.0,0
2026-02-10 14:00:00,9214.616911999901,9214.616911999901,0.0,0
2026-02-10 14:15:00,9214.616911999901,9214.616911999901,0.0,0
2026-02-10 14:30:00,9214.616911999901,9214.616911999901,0.0,0
2026-02-10 14:45:00,9214.616911999901,9214.616911999901,0.0,0
2026-02-10 15:00:00,9214.616911999901,9214.616911999901,0.0,0
2026-02-11 09:30:00,9214.616911999901,9214.616911999901,0.0,0
2026-02-11 09:45:00,9214.616911999901,9214.616911999901,0.0,0
2026-02-11 10:00:00,9214.616911999901,9214.616911999901,0.0,0
2026-02-11 10:15:00,9214.616911999901,9214.616911999901,0.0,0
2026-02-11 10:30:00,9214.616911999901,9214.616911999901,0.0,0
2026-02-11 10:45:00,9214.616911999901,9214.616911999901,0.0,0
2026-02-11 11:00:00,9214.616911999901,9214.616911999901,0.0,0
2026-02-11 11:15:00,9214.616911999901,9214.616911999901,0.0,0
2026-02-11 11:30:00,9214.616911999901,9214.616911999901,0.0,0
2026-02-11 13:00:00,9214.616911999901,9214.616911999901,0.0,0
2026-02-11 13:15:00,9214.616911999901,9214.616911999901,0.0,0
2026-02-11 13:30:00,9214.616911999901,9214.616911999901,0.0,0
2026-02-11 13:45:00,9214.616911999901,9214.616911999901,0.0,0
2026-02-11 14:00:00,9214.616911999901,9214.616911999901,0.0,0
2026-02-11 14:15:00,9214.616911999901,9214.616911999901,0.0,0
2026-02-11 14:30:00,9214.616911999901,9214.616911999901,0.0,0
2026-02-11 14:45:00,9214.616911999901,9214.616911999901,0.0,0
2026-02-11 15:00:00,9214.616911999901,9214.616911999901,0.0,0
2026-02-12 09:30:00,9214.616911999901,9214.616911999901,0.0,0
2026-02-12 09:45:00,9214.616911999901,9214.616911999901,0.0,0
2026-02-12 10:00:00,9214.616911999901,9214.616911999901,0.0,0
2026-02-12 10:15:00,9214.616911999901,9214.616911999901,0.0,0
2026-02-12 10:30:00,9214.616911999901,9214.616911999901,0.0,0
2026-02-12 10:45:00,9214.616911999901,9214.616911999901,0.0,0
2026-02-12 11:00:00,9214.616911999901,9214.616911999901,0.0,0
2026-02-12 11:15:00,9214.616911999901,9214.616911999901,0.0,0
2026-02-12 11:30:00,9214.616911999901,9214.616911999901,0.0,0
2026-02-12 13:00:00,9214.616911999901,9214.616911999901,0.0,0
2026-02-12 13:15:00,9214.616911999901,9214.616911999901,0.0,0
2026-02-12 13:30:00,9214.616911999901,9214.616911999901,0.0,0
2026-02-12 13:45:00,9214.616911999901,9214.616911999901,0.0,0
2026-02-12 14:00:00,9214.616911999901,9214.616911999901,0.0,0
2026-02-12 14:15:00,9214.616911999901,9214.616911999901,0.0,0
2026-02-12 14:30:00,9214.616911999901,9214.616911999901,0.0,0
2026-02-12 14:45:00,9214.616911999901,9214.616911999901,0.0,0
2026-02-12 15:00:00,9214.616911999901,9214.616911999901,0.0,0
2026-02-13 09:30:00,9214.616911999901,9214.616911999901,0.0,0
2026-02-13 09:45:00,9214.616911999901,9214.616911999901,0.0,0
2026-02-13 10:00:00,9214.616911999901,9214.616911999901,0.0,0
2026-02-13 10:15:00,9214.616911999901,9214.616911999901,0.0,0
2026-02-13 10:30:00,9214.616911999901,9214.616911999901,0.0,0
2026-02-13 10:45:00,9214.616911999901,9214.616911999901,0.0,0
2026-02-13 11:00:00,9214.616911999901,9214.616911999901,0.0,0
2026-02-13 11:15:00,9214.616911999901,9214.616911999901,0.0,0
2026-02-13 11:30:00,9214.616911999901,9214.616911999901,0.0,0
2026-02-13 13:00:00,9214.616911999901,9214.616911999901,0.0,0
2026-02-13 13:15:00,9214.616911999901,9214.616911999901,0.0,0
2026-02-13 13:30:00,9214.616911999901,9214.616911999901,0.0,0
2026-02-13 13:45:00,9214.616911999901,9214.616911999901,0.0,0
2026-02-13 14:00:00,9214.616911999901,9214.616911999901,0.0,0
2026-02-13 14:15:00,9214.616911999901,9214.616911999901,0.0,0
2026-02-13 14:30:00,9214.616911999901,9214.616911999901,0.0,0
2026-02-13 14:45:00,9214.616911999901,9214.616911999901,0.0,0
2026-02-13 15:00:00,9214.616911999901,9214.616911999901,0.0,0
2026-02-24 09:30:00,9214.616911999901,9214.616911999901,0.0,0
2026-02-24 09:45:00,9214.616911999901,9214.616911999901,0.0,0
2026-02-24 10:00:00,9214.616911999901,9214.616911999901,0.0,0
2026-02-24 10:15:00,9214.616911999901,9214.616911999901,0.0,0
2026-02-24 10:30:00,9214.616911999901,9214.616911999901,0.0,0
2026-02-24 10:45:00,9214.616911999901,9214.616911999901,0.0,0
2026-02-24 11:00:00,9214.616911999901,9214.616911999901,0.0,0
2026-02-24 11:15:00,9214.616911999901,9214.616911999901,0.0,0
2026-02-24 11:30:00,9214.616911999901,9214.616911999901,0.0,0
2026-02-24 13:00:00,9214.616911999901,9214.616911999901,0.0,0
2026-02-24 13:15:00,9214.616911999901,9214.616911999901,0.0,0
2026-02-24 13:30:00,9214.616911999901,9214.616911999901,0.0,0
2026-02-24 13:45:00,9214.616911999901,9214.616911999901,0.0,0
2026-02-24 14:00:00,9214.616911999901,9214.616911999901,0.0,0
2026-02-24 14:15:00,9214.616911999901,9214.616911999901,0.0,0
2026-02-24 14:30:00,9214.616911999901,9214.616911999901,0.0,0
2026-02-24 14:45:00,9214.616911999901,9214.616911999901,0.0,0
2026-02-24 15:00:00,9214.616911999901,9214.616911999901,0.0,0
2026-02-25 09:30:00,9214.616911999901,9214.616911999901,0.0,0
2026-02-25 09:45:00,9214.616911999901,9214.616911999901,0.0,0
2026-02-25 10:00:00,9214.616911999901,9214.616911999901,0.0,0
2026-02-25 10:15:00,9214.616911999901,9214.616911999901,0.0,0
2026-02-25 10:30:00,9214.616911999901,9214.616911999901,0.0,0
2026-02-25 10:45:00,9214.616911999901,9214.616911999901,0.0,0
2026-02-25 11:00:00,9214.616911999901,9214.616911999901,0.0,0
2026-02-25 11:15:00,9214.616911999901,9214.616911999901,0.0,0
2026-02-25 11:30:00,9214.616911999901,9214.616911999901,0.0,0
2026-02-25 13:00:00,9214.616911999901,9214.616911999901,0.0,0
2026-02-25 13:15:00,9214.616911999901,9214.616911999901,0.0,0
2026-02-25 13:30:00,9214.616911999901,9214.616911999901,0.0,0
2026-02-25 13:45:00,9214.616911999901,9214.616911999901,0.0,0
2026-02-25 14:00:00,9214.616911999901,9214.616911999901,0.0,0
2026-02-25 14:15:00,9214.616911999901,9214.616911999901,0.0,0
2026-02-25 14:30:00,9214.616911999901,9214.616911999901,0.0,0
2026-02-25 14:45:00,9214.616911999901,9214.616911999901,0.0,0
2026-02-25 15:00:00,9214.616911999901,9214.616911999901,0.0,0
2026-02-26 09:30:00,9214.616911999901,9214.616911999901,0.0,0
2026-02-26 09:45:00,9214.616911999901,9214.616911999901,0.0,0
2026-02-26 10:00:00,9214.616911999901,9214.616911999901,0.0,0
2026-02-26 10:15:00,9214.616911999901,9214.616911999901,0.0,0
2026-02-26 10:30:00,9214.616911999901,9214.616911999901,0.0,0
2026-02-26 10:45:00,9214.616911999901,9214.616911999901,0.0,0
2026-02-26 11:00:00,9214.616911999901,9214.616911999901,0.0,0
2026-02-26 11:15:00,9214.616911999901,9214.616911999901,0.0,0
2026-02-26 11:30:00,9214.616911999901,9214.616911999901,0.0,0
2026-02-26 13:00:00,9214.616911999901,9214.616911999901,0.0,0
2026-02-26 13:15:00,9214.616911999901,9214.616911999901,0.0,0
2026-02-26 13:30:00,9214.616911999901,9214.616911999901,0.0,0
2026-02-26 13:45:00,9214.616911999901,9214.616911999901,0.0,0
2026-02-26 14:00:00,9214.616911999901,9214.616911999901,0.0,0
2026-02-26 14:15:00,9214.616911999901,9214.616911999901,0.0,0
2026-02-26 14:30:00,9214.616911999901,9214.616911999901,0.0,0
2026-02-26 14:45:00,9214.616911999901,9214.616911999901,0.0,0
2026-02-26 15:00:00,9214.616911999901,9214.616911999901,0.0,0
2026-02-27 09:30:00,9214.616911999901,9214.616911999901,0.0,0
2026-02-27 09:45:00,9214.616911999901,9214.616911999901,0.0,0
2026-02-27 10:00:00,9214.616911999901,9214.616911999901,0.0,0
2026-02-27 10:15:00,9214.616911999901,9214.616911999901,0.0,0
2026-02-27 10:30:00,9214.616911999901,9214.616911999901,0.0,0
2026-02-27 10:45:00,9214.616911999901,9214.616911999901,0.0,0
2026-02-27 11:00:00,9214.616911999901,9214.616911999901,0.0,0
2026-02-27 11:15:00,9214.616911999901,9214.616911999901,0.0,0
2026-02-27 11:30:00,9214.616911999901,9214.616911999901,0.0,0
2026-02-27 13:00:00,9214.616911999901,9214.616911999901,0.0,0
2026-02-27 13:15:00,9214.616911999901,9214.616911999901,0.0,0
2026-02-27 13:30:00,9214.616911999901,9214.616911999901,0.0,0
2026-02-27 13:45:00,9214.616911999901,9214.616911999901,0.0,0
2026-02-27 14:00:00,9214.616911999901,9214.616911999901,0.0,0
2026-02-27 14:15:00,9214.616911999901,9214.616911999901,0.0,0
2026-02-27 14:30:00,9214.616911999901,9214.616911999901,0.0,0
2026-02-27 14:45:00,9214.616911999901,9214.616911999901,0.0,0
2026-02-27 15:00:00,9214.616911999901,9214.616911999901,0.0,0
2026-03-02 09:30:00,9214.616911999901,9214.616911999901,0.0,0
2026-03-02 09:45:00,9214.616911999901,9214.616911999901,0.0,0
2026-03-02 10:00:00,9214.616911999901,9214.616911999901,0.0,0
2026-03-02 10:15:00,9214.616911999901,9214.616911999901,0.0,0
2026-03-02 10:30:00,9214.616911999901,9214.616911999901,0.0,0
2026-03-02 10:45:00,9214.616911999901,9214.616911999901,0.0,0
2026-03-02 11:00:00,9214.616911999901,9214.616911999901,0.0,0
2026-03-02 11:15:00,9214.616911999901,9214.616911999901,0.0,0
2026-03-02 11:30:00,9214.616911999901,9214.616911999901,0.0,0
2026-03-02 13:00:00,9214.616911999901,9214.616911999901,0.0,0
2026-03-02 13:15:00,9214.616911999901,9214.616911999901,0.0,0
2026-03-02 13:30:00,9214.616911999901,9214.616911999901,0.0,0
2026-03-02 13:45:00,9214.616911999901,9214.616911999901,0.0,0
2026-03-02 14:00:00,9214.616911999901,9214.616911999901,0.0,0
2026-03-02 14:15:00,9214.616911999901,9214.616911999901,0.0,0
2026-03-02 14:30:00,9214.616911999901,9214.616911999901,0.0,0
2026-03-02 14:45:00,9214.616911999901,9214.616911999901,0.0,0
2026-03-02 15:00:00,9214.616911999901,9214.616911999901,0.0,0
2026-03-03 09:30:00,9214.616911999901,9214.616911999901,0.0,0
2026-03-03 09:45:00,9214.616911999901,9214.616911999901,0.0,0
2026-03-03 10:00:00,9214.616911999901,9214.616911999901,0.0,0
2026-03-03 10:15:00,9214.616911999901,9214.616911999901,0.0,0
2026-03-03 10:30:00,9214.616911999901,9214.616911999901,0.0,0
2026-03-03 10:45:00,9214.616911999901,9214.616911999901,0.0,0
2026-03-03 11:00:00,9214.616911999901,9214.616911999901,0.0,0
2026-03-03 11:15:00,9214.616911999901,9214.616911999901,0.0,0
2026-03-03 11:30:00,9214.616911999901,9214.616911999901,0.0,0
2026-03-03 13:00:00,9214.616911999901,9214.616911999901,0.0,0
2026-03-03 13:15:00,9214.616911999901,9214.616911999901,0.0,0
2026-03-03 13:30:00,9214.616911999901,9214.616911999901,0.0,0
2026-03-03 13:45:00,9214.616911999901,9214.616911999901,0.0,0
2026-03-03 14:00:00,9214.616911999901,9214.616911999901,0.0,0
2026-03-03 14:15:00,9214.616911999901,9214.616911999901,0.0,0
2026-03-03 14:30:00,9214.616911999901,9214.616911999901,0.0,0
2026-03-03 14:45:00,9214.616911999901,9214.616911999901,0.0,0
2026-03-03 15:00:00,9214.616911999901,9214.616911999901,0.0,0
2026-03-04 09:30:00,9214.616911999901,9214.616911999901,0.0,0
2026-03-04 09:45:00,9214.616911999901,9214.616911999901,0.0,0
2026-03-04 10:00:00,9214.616911999901,9214.616911999901,0.0,0
2026-03-04 10:15:00,9214.616911999901,9214.616911999901,0.0,0
2026-03-04 10:30:00,9214.616911999901,9214.616911999901,0.0,0
2026-03-04 10:45:00,9214.616911999901,9214.616911999901,0.0,0
2026-03-04 11:00:00,9214.616911999901,9214.616911999901,0.0,0
2026-03-04 11:15:00,9214.616911999901,9214.616911999901,0.0,0
2026-03-04 11:30:00,9214.616911999901,9214.616911999901,0.0,0
2026-03-04 13:00:00,9214.616911999901,9214.616911999901,0.0,0
2026-03-04 13:15:00,9214.616911999901,9214.616911999901,0.0,0
2026-03-04 13:30:00,9214.616911999901,9214.616911999901,0.0,0
2026-03-04 13:45:00,9214.616911999901,9214.616911999901,0.0,0
2026-03-04 14:00:00,9214.616911999901,9214.616911999901,0.0,0
2026-03-04 14:15:00,9214.616911999901,9214.616911999901,0.0,0
2026-03-04 14:30:00,9214.616911999901,9214.616911999901,0.0,0
2026-03-04 14:45:00,9214.616911999901,9214.616911999901,0.0,0
2026-03-04 15:00:00,9214.616911999901,9214.616911999901,0.0,0
2026-03-05 09:30:00,9214.616911999901,9214.616911999901,0.0,0
2026-03-05 09:45:00,9214.616911999901,9214.616911999901,0.0,0
2026-03-05 10:00:00,9214.616911999901,9214.616911999901,0.0,0
2026-03-05 10:15:00,9214.616911999901,9214.616911999901,0.0,0
2026-03-05 10:30:00,9214.616911999901,9214.616911999901,0.0,0
2026-03-05 10:45:00,9214.616911999901,9214.616911999901,0.0,0
2026-03-05 11:00:00,9214.616911999901,9214.616911999901,0.0,0
2026-03-05 11:15:00,9214.616911999901,9214.616911999901,0.0,0
2026-03-05 11:30:00,9214.616911999901,9214.616911999901,0.0,0
2026-03-05 13:00:00,9214.616911999901,9214.616911999901,0.0,0
2026-03-05 13:15:00,9214.616911999901,9214.616911999901,0.0,0
2026-03-05 13:30:00,9214.616911999901,9214.616911999901,0.0,0
2026-03-05 13:45:00,9214.616911999901,9214.616911999901,0.0,0
2026-03-05 14:00:00,9214.616911999901,9214.616911999901,0.0,0
2026-03-05 14:15:00,9214.616911999901,9214.616911999901,0.0,0
2026-03-05 14:30:00,9214.616911999901,9214.616911999901,0.0,0
2026-03-05 14:45:00,9214.616911999901,9214.616911999901,0.0,0
2026-03-05 15:00:00,9214.616911999901,9214.616911999901,0.0,0
2026-03-06 09:30:00,9214.616911999901,9214.616911999901,0.0,0
2026-03-06 09:45:00,9214.616911999901,9214.616911999901,0.0,0
2026-03-06 10:00:00,9214.616911999901,9214.616911999901,0.0,0
2026-03-06 10:15:00,9214.616911999901,9214.616911999901,0.0,0
2026-03-06 10:30:00,9214.616911999901,9214.616911999901,0.0,0
2026-03-06 10:45:00,9214.616911999901,9214.616911999901,0.0,0
2026-03-06 11:00:00,9214.616911999901,9214.616911999901,0.0,0
2026-03-06 11:15:00,9214.616911999901,9214.616911999901,0.0,0
2026-03-06 11:30:00,9214.616911999901,9214.616911999901,0.0,0
2026-03-06 13:00:00,9214.616911999901,9214.616911999901,0.0,0
2026-03-06 13:15:00,9214.616911999901,9214.616911999901,0.0,0
2026-03-06 13:30:00,9214.616911999901,9214.616911999901,0.0,0
2026-03-06 13:45:00,9214.616911999901,9214.616911999901,0.0,0
2026-03-06 14:00:00,9214.616911999901,9214.616911999901,0.0,0
2026-03-06 14:15:00,9214.616911999901,9214.616911999901,0.0,0
2026-03-06 14:30:00,9214.616911999901,9214.616911999901,0.0,0
2026-03-06 14:45:00,9214.616911999901,9214.616911999901,0.0,0
2026-03-06 15:00:00,9214.616911999901,9214.616911999901,0.0,0
2026-03-09 09:30:00,9214.616911999901,9214.616911999901,0.0,0
2026-03-09 09:45:00,9214.616911999901,9214.616911999901,0.0,0
2026-03-09 10:00:00,9214.616911999901,9214.616911999901,0.0,0
2026-03-09 10:15:00,9214.616911999901,9214.616911999901,0.0,0
2026-03-09 10:30:00,9214.616911999901,9214.616911999901,0.0,0
2026-03-09 10:45:00,9214.616911999901,9214.616911999901,0.0,0
2026-03-09 11:00:00,9214.616911999901,9214.616911999901,0.0,0
2026-03-09 11:15:00,9214.616911999901,9214.616911999901,0.0,0
2026-03-09 11:30:00,9214.616911999901,9214.616911999901,0.0,0
2026-03-09 13:00:00,9214.616911999901,9214.616911999901,0.0,0
2026-03-09 13:15:00,9214.616911999901,9214.616911999901,0.0,0
2026-03-09 13:30:00,9214.616911999901,9214.616911999901,0.0,0
2026-03-09 13:45:00,9214.616911999901,9214.616911999901,0.0,0
2026-03-09 14:00:00,9214.616911999901,9214.616911999901,0.0,0
2026-03-09 14:15:00,9214.616911999901,9214.616911999901,0.0,0
2026-03-09 14:30:00,9214.616911999901,9214.616911999901,0.0,0
2026-03-09 14:45:00,9214.616911999901,9214.616911999901,0.0,0
2026-03-09 15:00:00,9214.616911999901,9214.616911999901,0.0,0
2026-03-10 09:30:00,9214.616911999901,9214.616911999901,0.0,0
2026-03-10 09:45:00,9214.616911999901,9214.616911999901,0.0,0
2026-03-10 10:00:00,9214.616911999901,9214.616911999901,0.0,0
2026-03-10 10:15:00,9214.616911999901,9214.616911999901,0.0,0
2026-03-10 10:30:00,9214.616911999901,9214.616911999901,0.0,0
2026-03-10 10:45:00,9214.616911999901,9214.616911999901,0.0,0
2026-03-10 11:00:00,9214.616911999901,9214.616911999901,0.0,0
2026-03-10 11:15:00,9214.616911999901,9214.616911999901,0.0,0
2026-03-10 11:30:00,9214.616911999901,9214.616911999901,0.0,0
2026-03-10 13:00:00,9214.616911999901,9214.616911999901,0.0,0
2026-03-10 13:15:00,9214.616911999901,9214.616911999901,0.0,0
2026-03-10 13:30:00,9214.616911999901,9214.616911999901,0.0,0
2026-03-10 13:45:00,9214.616911999901,9214.616911999901,0.0,0
2026-03-10 14:00:00,9214.616911999901,9214.616911999901,0.0,0
2026-03-10 14:15:00,9214.616911999901,9214.616911999901,0.0,0
2026-03-10 14:30:00,9214.616911999901,9214.616911999901,0.0,0
2026-03-10 14:45:00,9214.616911999901,9214.616911999901,0.0,0
2026-03-10 15:00:00,9214.616911999901,9214.616911999901,0.0,0
2026-03-11 09:30:00,9214.616911999901,9214.616911999901,0.0,0
2026-03-11 09:45:00,9214.616911999901,9214.616911999901,0.0,0
2026-03-11 10:00:00,9214.616911999901,9214.616911999901,0.0,0
2026-03-11 10:15:00,9214.616911999901,9214.616911999901,0.0,0
2026-03-11 10:30:00,9214.616911999901,9214.616911999901,0.0,0
2026-03-11 10:45:00,9214.616911999901,9214.616911999901,0.0,0
2026-03-11 11:00:00,9214.616911999901,9214.616911999901,0.0,0
2026-03-11 11:15:00,9214.616911999901,9214.616911999901,0.0,0
2026-03-11 11:30:00,9214.616911999901,9214.616911999901,0.0,0
2026-03-11 13:00:00,9214.616911999901,9214.616911999901,0.0,0
2026-03-11 13:15:00,9214.616911999901,9214.616911999901,0.0,0
2026-03-11 13:30:00,9214.616911999901,9214.616911999901,0.0,0
2026-03-11 13:45:00,9214.616911999901,9214.616911999901,0.0,0
2026-03-11 14:00:00,9214.616911999901,9214.616911999901,0.0,0
2026-03-11 14:15:00,9214.616911999901,9214.616911999901,0.0,0
2026-03-11 14:30:00,9214.616911999901,9214.616911999901,0.0,0
2026-03-11 14:45:00,9214.616911999901,9214.616911999901,0.0,0
2026-03-11 15:00:00,9214.616911999901,9214.616911999901,0.0,0
2026-03-12 09:30:00,9214.616911999901,9214.616911999901,0.0,0
2026-03-12 09:45:00,9214.616911999901,9214.616911999901,0.0,0
2026-03-12 10:00:00,9214.616911999901,9214.616911999901,0.0,0
2026-03-12 10:15:00,9214.616911999901,9214.616911999901,0.0,0
2026-03-12 10:30:00,9214.616911999901,9214.616911999901,0.0,0
2026-03-12 10:45:00,9214.616911999901,9214.616911999901,0.0,0
2026-03-12 11:00:00,9214.616911999901,9214.616911999901,0.0,0
2026-03-12 11:15:00,9214.616911999901,9214.616911999901,0.0,0
2026-03-12 11:30:00,9214.616911999901,9214.616911999901,0.0,0
2026-03-12 13:00:00,9214.616911999901,9214.616911999901,0.0,0
2026-03-12 13:15:00,9214.616911999901,9214.616911999901,0.0,0
2026-03-12 13:30:00,9214.616911999901,9214.616911999901,0.0,0
2026-03-12 13:45:00,9214.616911999901,9214.616911999901,0.0,0
2026-03-12 14:00:00,9214.616911999901,9214.616911999901,0.0,0
2026-03-12 14:15:00,9214.616911999901,9214.616911999901,0.0,0
2026-03-12 14:30:00,9214.616911999901,9214.616911999901,0.0,0
2026-03-12 14:45:00,9214.616911999901,9214.616911999901,0.0,0
2026-03-12 15:00:00,9214.616911999901,9214.616911999901,0.0,0
2026-03-13 09:30:00,9214.616911999901,9214.616911999901,0.0,0
2026-03-13 09:45:00,9214.616911999901,9214.616911999901,0.0,0
2026-03-13 10:00:00,9214.616911999901,9214.616911999901,0.0,0
2026-03-13 10:15:00,9214.616911999901,9214.616911999901,0.0,0
2026-03-13 10:30:00,9214.616911999901,9214.616911999901,0.0,0
2026-03-13 10:45:00,9214.616911999901,9214.616911999901,0.0,0
2026-03-13 11:00:00,9214.616911999901,9214.616911999901,0.0,0
2026-03-13 11:15:00,9214.616911999901,9214.616911999901,0.0,0
2026-03-13 11:30:00,9214.616911999901,9214.616911999901,0.0,0
2026-03-13 13:00:00,9214.616911999901,9214.616911999901,0.0,0
2026-03-13 13:15:00,9214.616911999901,9214.616911999901,0.0,0
2026-03-13 13:30:00,9214.616911999901,9214.616911999901,0.0,0
2026-03-13 13:45:00,9214.616911999901,9214.616911999901,0.0,0
2026-03-13 14:00:00,9214.616911999901,9214.616911999901,0.0,0
2026-03-13 14:15:00,9214.616911999901,9214.616911999901,0.0,0
2026-03-13 14:30:00,9214.616911999901,9214.616911999901,0.0,0
2026-03-13 14:45:00,9214.616911999901,9214.616911999901,0.0,0
2026-03-13 15:00:00,9214.616911999901,9214.616911999901,0.0,0
2026-03-16 09:30:00,9214.616911999901,9214.616911999901,0.0,0
2026-03-16 09:45:00,9214.616911999901,9214.616911999901,0.0,0
2026-03-16 10:00:00,9214.616911999901,9214.616911999901,0.0,0
2026-03-16 10:15:00,9214.616911999901,9214.616911999901,0.0,0
2026-03-16 10:30:00,9214.616911999901,9214.616911999901,0.0,0
2026-03-16 10:45:00,9214.616911999901,9214.616911999901,0.0,0
2026-03-16 11:00:00,9214.616911999901,9214.616911999901,0.0,0
2026-03-16 11:15:00,9214.616911999901,9214.616911999901,0.0,0
2026-03-16 11:30:00,9214.616911999901,9214.616911999901,0.0,0
2026-03-16 13:00:00,9214.616911999901,9214.616911999901,0.0,0
2026-03-16 13:15:00,9214.616911999901,9214.616911999901,0.0,0
2026-03-16 13:30:00,9214.616911999901,9214.616911999901,0.0,0
2026-03-16 13:45:00,9214.616911999901,9214.616911999901,0.0,0
2026-03-16 14:00:00,9214.616911999901,9214.616911999901,0.0,0
2026-03-16 14:15:00,9214.616911999901,9214.616911999901,0.0,0
2026-03-16 14:30:00,9214.616911999901,9214.616911999901,0.0,0
2026-03-16 14:45:00,9214.616911999901,9214.616911999901,0.0,0
2026-03-16 15:00:00,9214.616911999901,9214.616911999901,0.0,0
2026-03-17 09:30:00,9214.616911999901,9214.616911999901,0.0,0
2026-03-17 09:45:00,9214.616911999901,9214.616911999901,0.0,0
2026-03-17 10:00:00,9214.616911999901,9214.616911999901,0.0,0
2026-03-17 10:15:00,9214.616911999901,9214.616911999901,0.0,0
2026-03-17 10:30:00,9214.616911999901,9214.616911999901,0.0,0
2026-03-17 10:45:00,9214.616911999901,9214.616911999901,0.0,0
2026-03-17 11:00:00,9214.616911999901,9214.616911999901,0.0,0
2026-03-17 11:15:00,9214.616911999901,9214.616911999901,0.0,0
2026-03-17 11:30:00,9214.616911999901,9214.616911999901,0.0,0
2026-03-17 13:00:00,9214.616911999901,9214.616911999901,0.0,0
2026-03-17 13:15:00,9214.616911999901,9214.616911999901,0.0,0
2026-03-17 13:30:00,9214.616911999901,9214.616911999901,0.0,0
2026-03-17 13:45:00,9214.616911999901,9214.616911999901,0.0,0
2026-03-17 14:00:00,9214.616911999901,9214.616911999901,0.0,0
2026-03-17 14:15:00,9214.616911999901,9214.616911999901,0.0,0
2026-03-17 14:30:00,9214.616911999901,9214.616911999901,0.0,0
2026-03-17 14:45:00,9214.616911999901,9214.616911999901,0.0,0
2026-03-17 15:00:00,9214.616911999901,9214.616911999901,0.0,0
2026-03-18 09:30:00,9214.616911999901,9214.616911999901,0.0,0
2026-03-18 09:45:00,9214.616911999901,9214.616911999901,0.0,0
2026-03-18 10:00:00,9214.616911999901,9214.616911999901,0.0,0
2026-03-18 10:15:00,9214.616911999901,9214.616911999901,0.0,0
2026-03-18 10:30:00,9214.616911999901,9214.616911999901,0.0,0
2026-03-18 10:45:00,9214.616911999901,9214.616911999901,0.0,0
2026-03-18 11:00:00,9214.616911999901,9214.616911999901,0.0,0
2026-03-18 11:15:00,9214.616911999901,9214.616911999901,0.0,0
2026-03-18 11:30:00,9214.616911999901,9214.616911999901,0.0,0
2026-03-18 13:00:00,9214.616911999901,9214.616911999901,0.0,0
2026-03-18 13:15:00,9214.616911999901,9214.616911999901,0.0,0
2026-03-18 13:30:00,9214.616911999901,9214.616911999901,0.0,0
2026-03-18 13:45:00,9214.616911999901,9214.616911999901,0.0,0
2026-03-18 14:00:00,9214.616911999901,9214.616911999901,0.0,0
2026-03-18 14:15:00,9214.616911999901,9214.616911999901,0.0,0
2026-03-18 14:30:00,9214.616911999901,9214.616911999901,0.0,0
2026-03-18 14:45:00,9214.616911999901,9214.616911999901,0.0,0
2026-03-18 15:00:00,9214.616911999901,9214.616911999901,0.0,0
2026-03-19 09:30:00,9214.616911999901,9214.616911999901,0.0,0
2026-03-19 09:45:00,9214.616911999901,9214.616911999901,0.0,0
2026-03-19 10:00:00,9214.616911999901,9214.616911999901,0.0,0
2026-03-19 10:15:00,9214.616911999901,9214.616911999901,0.0,0
2026-03-19 10:30:00,9214.616911999901,9214.616911999901,0.0,0
2026-03-19 10:45:00,9214.616911999901,9214.616911999901,0.0,0
2026-03-19 11:00:00,9214.616911999901,9214.616911999901,0.0,0
2026-03-19 11:15:00,9214.616911999901,9214.616911999901,0.0,0
2026-03-19 11:30:00,9214.616911999901,9214.616911999901,0.0,0
2026-03-19 13:00:00,9214.616911999901,9214.616911999901,0.0,0
2026-03-19 13:15:00,9214.616911999901,9214.616911999901,0.0,0
2026-03-19 13:30:00,9214.616911999901,9214.616911999901,0.0,0
2026-03-19 13:45:00,9214.616911999901,9214.616911999901,0.0,0
2026-03-19 14:00:00,9214.616911999901,9214.616911999901,0.0,0
2026-03-19 14:15:00,9214.616911999901,9214.616911999901,0.0,0
2026-03-19 14:30:00,9214.616911999901,9214.616911999901,0.0,0
2026-03-19 14:45:00,9214.616911999901,9214.616911999901,0.0,0
2026-03-19 15:00:00,9214.616911999901,9214.616911999901,0.0,0
2026-03-20 09:30:00,9214.616911999901,9214.616911999901,0.0,0
2026-03-20 09:45:00,9214.616911999901,9214.616911999901,0.0,0
2026-03-20 10:00:00,9214.616911999901,9214.616911999901,0.0,0
2026-03-20 10:15:00,9214.616911999901,9214.616911999901,0.0,0
2026-03-20 10:30:00,9214.616911999901,9214.616911999901,0.0,0
2026-03-20 10:45:00,9214.616911999901,9214.616911999901,0.0,0
2026-03-20 11:00:00,9214.616911999901,9214.616911999901,0.0,0
2026-03-20 11:15:00,9214.616911999901,9214.616911999901,0.0,0
2026-03-20 11:30:00,9214.616911999901,9214.616911999901,0.0,0
2026-03-20 13:00:00,9214.616911999901,9214.616911999901,0.0,0
2026-03-20 13:15:00,9214.616911999901,9214.616911999901,0.0,0
2026-03-20 13:30:00,9214.616911999901,9214.616911999901,0.0,0
2026-03-20 13:45:00,9214.616911999901,9214.616911999901,0.0,0
2026-03-20 14:00:00,9214.616911999901,9214.616911999901,0.0,0
2026-03-20 14:15:00,9214.616911999901,9214.616911999901,0.0,0
2026-03-20 14:30:00,9214.616911999901,9214.616911999901,0.0,0
2026-03-20 14:45:00,9214.616911999901,9214.616911999901,0.0,0
2026-03-20 15:00:00,9214.616911999901,9214.616911999901,0.0,0
2026-03-23 09:30:00,9214.616911999901,9214.616911999901,0.0,0
2026-03-23 09:45:00,9214.616911999901,9214.616911999901,0.0,0
2026-03-23 10:00:00,9214.616911999901,9214.616911999901,0.0,0
2026-03-23 10:15:00,9214.616911999901,9214.616911999901,0.0,0
2026-03-23 10:30:00,9214.616911999901,9214.616911999901,0.0,0
2026-03-23 10:45:00,9214.616911999901,9214.616911999901,0.0,0
2026-03-23 11:00:00,9214.616911999901,9214.616911999901,0.0,0
2026-03-23 11:15:00,9214.616911999901,9214.616911999901,0.0,0
2026-03-23 11:30:00,9214.616911999901,9214.616911999901,0.0,0
2026-03-23 13:00:00,9214.616911999901,9214.616911999901,0.0,0
2026-03-23 13:15:00,9214.616911999901,9214.616911999901,0.0,0
2026-03-23 13:30:00,9214.616911999901,9214.616911999901,0.0,0
2026-03-23 13:45:00,9214.616911999901,9214.616911999901,0.0,0
2026-03-23 14:00:00,9214.616911999901,9214.616911999901,0.0,0
2026-03-23 14:15:00,9214.616911999901,9214.616911999901,0.0,0
2026-03-23 14:30:00,9214.616911999901,9214.616911999901,0.0,0
2026-03-23 14:45:00,9214.616911999901,9214.616911999901,0.0,0
2026-03-23 15:00:00,9214.616911999901,9214.616911999901,0.0,0
2026-03-24 09:30:00,9214.616911999901,9214.616911999901,0.0,0
2026-03-24 09:45:00,9214.616911999901,9214.616911999901,0.0,0
2026-03-24 10:00:00,9214.616911999901,9214.616911999901,0.0,0
2026-03-24 10:15:00,9214.616911999901,9214.616911999901,0.0,0
2026-03-24 10:30:00,9214.616911999901,9214.616911999901,0.0,0
2026-03-24 10:45:00,9214.616911999901,9214.616911999901,0.0,0
2026-03-24 11:00:00,9214.616911999901,9214.616911999901,0.0,0
2026-03-24 11:15:00,9214.616911999901,9214.616911999901,0.0,0
2026-03-24 11:30:00,9214.616911999901,9214.616911999901,0.0,0
2026-03-24 13:00:00,9214.616911999901,9214.616911999901,0.0,0
2026-03-24 13:15:00,9214.616911999901,9214.616911999901,0.0,0
2026-03-24 13:30:00,9214.616911999901,9214.616911999901,0.0,0
2026-03-24 13:45:00,9214.616911999901,9214.616911999901,0.0,0
2026-03-24 14:00:00,9214.616911999901,9214.616911999901,0.0,0
2026-03-24 14:15:00,9214.616911999901,9214.616911999901,0.0,0
2026-03-24 14:30:00,9214.616911999901,9214.616911999901,0.0,0
2026-03-24 14:45:00,9214.616911999901,9214.616911999901,0.0,0
2026-03-24 15:00:00,9214.616911999901,9214.616911999901,0.0,0
2026-03-25 09:30:00,9214.616911999901,9214.616911999901,0.0,0
2026-03-25 09:45:00,9214.616911999901,9214.616911999901,0.0,0
2026-03-25 10:00:00,9214.616911999901,9214.616911999901,0.0,0
2026-03-25 10:15:00,9214.616911999901,9214.616911999901,0.0,0
2026-03-25 10:30:00,9214.616911999901,9214.616911999901,0.0,0
2026-03-25 10:45:00,9214.616911999901,9214.616911999901,0.0,0
2026-03-25 11:00:00,9214.616911999901,9214.616911999901,0.0,0
2026-03-25 11:15:00,9214.616911999901,9214.616911999901,0.0,0
2026-03-25 11:30:00,9214.616911999901,9214.616911999901,0.0,0
2026-03-25 13:00:00,9214.616911999901,9214.616911999901,0.0,0
2026-03-25 13:15:00,9214.616911999901,9214.616911999901,0.0,0
2026-03-25 13:30:00,9214.616911999901,9214.616911999901,0.0,0
2026-03-25 13:45:00,9214.616911999901,9214.616911999901,0.0,0
2026-03-25 14:00:00,9214.616911999901,9214.616911999901,0.0,0
2026-03-25 14:15:00,9214.616911999901,9214.616911999901,0.0,0
2026-03-25 14:30:00,9214.616911999901,9214.616911999901,0.0,0
2026-03-25 14:45:00,9214.616911999901,9214.616911999901,0.0,0
2026-03-25 15:00:00,9214.616911999901,9214.616911999901,0.0,0
2026-03-26 09:30:00,9214.616911999901,9214.616911999901,0.0,0
2026-03-26 09:45:00,9214.616911999901,9214.616911999901,0.0,0
2026-03-26 10:00:00,9214.616911999901,9214.616911999901,0.0,0
2026-03-26 10:15:00,9214.616911999901,9214.616911999901,0.0,0
2026-03-26 10:30:00,9214.616911999901,9214.616911999901,0.0,0
2026-03-26 10:45:00,9214.616911999901,9214.616911999901,0.0,0
2026-03-26 11:00:00,9214.616911999901,9214.616911999901,0.0,0
2026-03-26 11:15:00,9214.616911999901,9214.616911999901,0.0,0
2026-03-26 11:30:00,9214.616911999901,9214.616911999901,0.0,0
2026-03-26 13:00:00,9214.616911999901,9214.616911999901,0.0,0
2026-03-26 13:15:00,9214.616911999901,9214.616911999901,0.0,0
2026-03-26 13:30:00,9214.616911999901,9214.616911999901,0.0,0
2026-03-26 13:45:00,9214.616911999901,9214.616911999901,0.0,0
2026-03-26 14:00:00,9214.616911999901,9214.616911999901,0.0,0
2026-03-26 14:15:00,9214.616911999901,9214.616911999901,0.0,0
2026-03-26 14:30:00,9214.616911999901,9214.616911999901,0.0,0
2026-03-26 14:45:00,9214.616911999901,9214.616911999901,0.0,0
2026-03-26 15:00:00,9214.616911999901,9214.616911999901,0.0,0
2026-03-27 09:30:00,9214.616911999901,9214.616911999901,0.0,0
2026-03-27 09:45:00,9214.616911999901,9214.616911999901,0.0,0
2026-03-27 10:00:00,9214.616911999901,9214.616911999901,0.0,0
2026-03-27 10:15:00,9214.616911999901,9214.616911999901,0.0,0
2026-03-27 10:30:00,9214.616911999901,9214.616911999901,0.0,0
2026-03-27 10:45:00,9214.616911999901,9214.616911999901,0.0,0
2026-03-27 11:00:00,9214.616911999901,9214.616911999901,0.0,0
2026-03-27 11:15:00,9214.616911999901,9214.616911999901,0.0,0
2026-03-27 11:30:00,9214.616911999901,9214.616911999901,0.0,0
2026-03-27 13:00:00,9214.616911999901,9214.616911999901,0.0,0
2026-03-27 13:15:00,9214.616911999901,9214.616911999901,0.0,0
2026-03-27 13:30:00,9214.616911999901,9214.616911999901,0.0,0
2026-03-27 13:45:00,9214.616911999901,9214.616911999901,0.0,0
2026-03-27 14:00:00,9214.616911999901,9214.616911999901,0.0,0
2026-03-27 14:15:00,9214.616911999901,9214.616911999901,0.0,0
2026-03-27 14:30:00,9214.616911999901,9214.616911999901,0.0,0
2026-03-27 14:45:00,9214.616911999901,9214.616911999901,0.0,0
2026-03-27 15:00:00,9214.616911999901,9214.616911999901,0.0,0
2026-03-30 09:30:00,9214.616911999901,9214.616911999901,0.0,0
2026-03-30 09:45:00,9214.616911999901,9214.616911999901,0.0,0
2026-03-30 10:00:00,9214.616911999901,9214.616911999901,0.0,0
2026-03-30 10:15:00,9214.616911999901,9214.616911999901,0.0,0
2026-03-30 10:30:00,9214.616911999901,9214.616911999901,0.0,0
2026-03-30 10:45:00,9214.616911999901,9214.616911999901,0.0,0
2026-03-30 11:00:00,9214.616911999901,9214.616911999901,0.0,0
2026-03-30 11:15:00,9214.616911999901,9214.616911999901,0.0,0
2026-03-30 11:30:00,9214.616911999901,9214.616911999901,0.0,0
2026-03-30 13:00:00,9214.616911999901,9214.616911999901,0.0,0
2026-03-30 13:15:00,9214.616911999901,9214.616911999901,0.0,0
2026-03-30 13:30:00,9214.616911999901,9214.616911999901,0.0,0
2026-03-30 13:45:00,9214.616911999901,9214.616911999901,0.0,0
2026-03-30 14:00:00,9214.616911999901,9214.616911999901,0.0,0
2026-03-30 14:15:00,9214.616911999901,9214.616911999901,0.0,0
2026-03-30 14:30:00,9214.616911999901,9214.616911999901,0.0,0
2026-03-30 14:45:00,9214.616911999901,9214.616911999901,0.0,0
2026-03-30 15:00:00,9214.616911999901,9214.616911999901,0.0,0
2026-03-31 09:30:00,9214.616911999901,9214.616911999901,0.0,0
2026-03-31 09:45:00,9214.616911999901,9214.616911999901,0.0,0
2026-03-31 10:00:00,9214.616911999901,9214.616911999901,0.0,0
2026-03-31 10:15:00,9214.616911999901,9214.616911999901,0.0,0
2026-03-31 10:30:00,9214.616911999901,9214.616911999901,0.0,0
2026-03-31 10:45:00,9214.616911999901,9214.616911999901,0.0,0
2026-03-31 11:00:00,9214.616911999901,9214.616911999901,0.0,0
2026-03-31 11:15:00,9214.616911999901,9214.616911999901,0.0,0
2026-03-31 11:30:00,9214.616911999901,9214.616911999901,0.0,0
2026-03-31 13:00:00,9214.616911999901,9214.616911999901,0.0,0
2026-03-31 13:15:00,9214.616911999901,9214.616911999901,0.0,0
2026-03-31 13:30:00,9214.616911999901,9214.616911999901,0.0,0
2026-03-31 13:45:00,9214.616911999901,9214.616911999901,0.0,0
2026-03-31 14:00:00,9214.616911999901,9214.616911999901,0.0,0
2026-03-31 14:15:00,9214.616911999901,9214.616911999901,0.0,0
2026-03-31 14:30:00,9214.616911999901,9214.616911999901,0.0,0
2026-03-31 14:45:00,9214.616911999901,9214.616911999901,0.0,0
2026-03-31 15:00:00,9214.616911999901,9214.616911999901,0.0,0
2026-04-01 09:30:00,9214.616911999901,9214.616911999901,0.0,0
2026-04-01 09:45:00,9214.616911999901,9214.616911999901,0.0,0
2026-04-01 10:00:00,9214.616911999901,9214.616911999901,0.0,0
2026-04-01 10:15:00,9214.616911999901,9214.616911999901,0.0,0
2026-04-01 10:30:00,9214.616911999901,9214.616911999901,0.0,0
2026-04-01 10:45:00,9214.616911999901,9214.616911999901,0.0,0
2026-04-01 11:00:00,9214.616911999901,9214.616911999901,0.0,0
2026-04-01 11:15:00,9214.616911999901,9214.616911999901,0.0,0
2026-04-01 11:30:00,9214.616911999901,9214.616911999901,0.0,0
2026-04-01 13:00:00,9214.616911999901,9214.616911999901,0.0,0
2026-04-01 13:15:00,9214.616911999901,9214.616911999901,0.0,0
2026-04-01 13:30:00,9214.616911999901,9214.616911999901,0.0,0
2026-04-01 13:45:00,9214.616911999901,9214.616911999901,0.0,0
2026-04-01 14:00:00,9214.616911999901,9214.616911999901,0.0,0
2026-04-01 14:15:00,9214.616911999901,9214.616911999901,0.0,0
2026-04-01 14:30:00,9214.616911999901,9214.616911999901,0.0,0
2026-04-01 14:45:00,9214.616911999901,9214.616911999901,0.0,0
2026-04-01 15:00:00,9214.616911999901,9214.616911999901,0.0,0
2026-04-02 09:30:00,9214.616911999901,9214.616911999901,0.0,0
2026-04-02 09:45:00,9214.616911999901,9214.616911999901,0.0,0
2026-04-02 10:00:00,9214.616911999901,9214.616911999901,0.0,0
2026-04-02 10:15:00,9214.616911999901,9214.616911999901,0.0,0
2026-04-02 10:30:00,9214.616911999901,9214.616911999901,0.0,0
2026-04-02 10:45:00,9214.616911999901,9214.616911999901,0.0,0
2026-04-02 11:00:00,9214.616911999901,9214.616911999901,0.0,0
2026-04-02 11:15:00,9214.616911999901,9214.616911999901,0.0,0
2026-04-02 11:30:00,9214.616911999901,9214.616911999901,0.0,0
2026-04-02 13:00:00,9214.616911999901,9214.616911999901,0.0,0
2026-04-02 13:15:00,9214.616911999901,9214.616911999901,0.0,0
2026-04-02 13:30:00,9214.616911999901,9214.616911999901,0.0,0
2026-04-02 13:45:00,9214.616911999901,9214.616911999901,0.0,0
2026-04-02 14:00:00,9214.616911999901,9214.616911999901,0.0,0
2026-04-02 14:15:00,9214.616911999901,9214.616911999901,0.0,0
2026-04-02 14:30:00,9214.616911999901,9214.616911999901,0.0,0
2026-04-02 14:45:00,9214.616911999901,9214.616911999901,0.0,0
2026-04-02 15:00:00,9214.616911999901,9214.616911999901,0.0,0
2026-04-03 09:30:00,9214.616911999901,9214.616911999901,0.0,0
2026-04-03 09:45:00,9214.616911999901,9214.616911999901,0.0,0
2026-04-03 10:00:00,9214.616911999901,9214.616911999901,0.0,0
2026-04-03 10:15:00,9214.616911999901,9214.616911999901,0.0,0
2026-04-03 10:30:00,9214.616911999901,9214.616911999901,0.0,0
2026-04-03 10:45:00,9214.616911999901,9214.616911999901,0.0,0
2026-04-03 11:00:00,9214.616911999901,9214.616911999901,0.0,0
2026-04-03 11:15:00,9214.616911999901,9214.616911999901,0.0,0
2026-04-03 11:30:00,9214.616911999901,9214.616911999901,0.0,0
2026-04-03 13:00:00,9214.616911999901,9214.616911999901,0.0,0
2026-04-03 13:15:00,9214.616911999901,9214.616911999901,0.0,0
2026-04-03 13:30:00,9214.616911999901,9214.616911999901,0.0,0
2026-04-03 13:45:00,9214.616911999901,9214.616911999901,0.0,0
2026-04-03 14:00:00,9214.616911999901,9214.616911999901,0.0,0
2026-04-03 14:15:00,9214.616911999901,9214.616911999901,0.0,0
2026-04-03 14:30:00,9214.616911999901,9214.616911999901,0.0,0
2026-04-03 14:45:00,9214.616911999901,9214.616911999901,0.0,0
2026-04-03 15:00:00,9214.616911999901,9214.616911999901,0.0,0
2026-04-07 09:30:00,9214.616911999901,9214.616911999901,0.0,0
2026-04-07 09:45:00,9214.616911999901,9214.616911999901,0.0,0
2026-04-07 10:00:00,9214.616911999901,9214.616911999901,0.0,0
2026-04-07 10:15:00,9214.616911999901,9214.616911999901,0.0,0
2026-04-07 10:30:00,9214.616911999901,9214.616911999901,0.0,0
2026-04-07 10:45:00,9214.616911999901,9214.616911999901,0.0,0
2026-04-07 11:00:00,9214.616911999901,9214.616911999901,0.0,0
2026-04-07 11:15:00,9214.616911999901,9214.616911999901,0.0,0
2026-04-07 11:30:00,9214.616911999901,9214.616911999901,0.0,0
2026-04-07 13:00:00,9214.616911999901,9214.616911999901,0.0,0
2026-04-07 13:15:00,9214.616911999901,9214.616911999901,0.0,0
2026-04-07 13:30:00,9214.616911999901,9214.616911999901,0.0,0
2026-04-07 13:45:00,9214.616911999901,9214.616911999901,0.0,0
2026-04-07 14:00:00,9214.616911999901,9214.616911999901,0.0,0
2026-04-07 14:15:00,9214.616911999901,9214.616911999901,0.0,0
2026-04-07 14:30:00,9214.616911999901,9214.616911999901,0.0,0
2026-04-07 14:45:00,9214.616911999901,9214.616911999901,0.0,0
2026-04-07 15:00:00,9214.616911999901,9214.616911999901,0.0,0
2026-04-08 09:30:00,9214.616911999901,9214.616911999901,0.0,0
2026-04-08 09:45:00,9214.616911999901,9214.616911999901,0.0,0
2026-04-08 10:00:00,9214.616911999901,9214.616911999901,0.0,0
2026-04-08 10:15:00,9214.616911999901,9214.616911999901,0.0,0
2026-04-08 10:30:00,9214.616911999901,9214.616911999901,0.0,0
2026-04-08 10:45:00,9214.616911999901,9214.616911999901,0.0,0
2026-04-08 11:00:00,9214.616911999901,9214.616911999901,0.0,0
2026-04-08 11:15:00,9214.616911999901,9214.616911999901,0.0,0
2026-04-08 11:30:00,9214.616911999901,9214.616911999901,0.0,0
2026-04-08 13:00:00,9214.616911999901,9214.616911999901,0.0,0
2026-04-08 13:15:00,9214.616911999901,9214.616911999901,0.0,0
2026-04-08 13:30:00,9214.616911999901,9214.616911999901,0.0,0
2026-04-08 13:45:00,9214.616911999901,9214.616911999901,0.0,0
2026-04-08 14:00:00,9214.616911999901,9214.616911999901,0.0,0
2026-04-08 14:15:00,9214.616911999901,9214.616911999901,0.0,0
2026-04-08 14:30:00,9214.616911999901,9214.616911999901,0.0,0
2026-04-08 14:45:00,9214.616911999901,9214.616911999901,0.0,0
2026-04-08 15:00:00,9214.616911999901,9214.616911999901,0.0,0
2026-04-09 09:30:00,9214.616911999901,9214.616911999901,0.0,0
2026-04-09 09:45:00,9214.616911999901,9214.616911999901,0.0,0
2026-04-09 10:00:00,9214.616911999901,9214.616911999901,0.0,0
2026-04-09 10:15:00,9214.616911999901,9214.616911999901,0.0,0
2026-04-09 10:30:00,9214.616911999901,9214.616911999901,0.0,0
2026-04-09 10:45:00,9214.616911999901,9214.616911999901,0.0,0
2026-04-09 11:00:00,9214.616911999901,9214.616911999901,0.0,0
2026-04-09 11:15:00,9214.616911999901,9214.616911999901,0.0,0
2026-04-09 11:30:00,9214.616911999901,9214.616911999901,0.0,0
2026-04-09 13:00:00,9214.616911999901,9214.616911999901,0.0,0
2026-04-09 13:15:00,9214.616911999901,9214.616911999901,0.0,0
2026-04-09 13:30:00,9214.616911999901,9214.616911999901,0.0,0
2026-04-09 13:45:00,9214.616911999901,9214.616911999901,0.0,0
2026-04-09 14:00:00,9214.616911999901,9214.616911999901,0.0,0
2026-04-09 14:15:00,9214.616911999901,9214.616911999901,0.0,0
2026-04-09 14:30:00,9214.616911999901,9214.616911999901,0.0,0
2026-04-09 14:45:00,9214.616911999901,9214.616911999901,0.0,0
2026-04-09 15:00:00,9214.616911999901,9214.616911999901,0.0,0
2026-04-10 09:30:00,9214.616911999901,9214.616911999901,0.0,0
2026-04-10 09:45:00,9214.616911999901,9214.616911999901,0.0,0
2026-04-10 10:00:00,9214.616911999901,9214.616911999901,0.0,0
2026-04-10 10:15:00,9214.616911999901,9214.616911999901,0.0,0
2026-04-10 10:30:00,9214.616911999901,9214.616911999901,0.0,0
2026-04-10 10:45:00,9214.616911999901,9214.616911999901,0.0,0
2026-04-10 11:00:00,9214.616911999901,9214.616911999901,0.0,0
2026-04-10 11:15:00,9214.616911999901,9214.616911999901,0.0,0
2026-04-10 11:30:00,9214.616911999901,9214.616911999901,0.0,0
2026-04-10 13:00:00,9214.616911999901,9214.616911999901,0.0,0
2026-04-10 13:15:00,9214.616911999901,9214.616911999901,0.0,0
2026-04-10 13:30:00,9214.616911999901,9214.616911999901,0.0,0
2026-04-10 13:45:00,9214.616911999901,9214.616911999901,0.0,0
2026-04-10 14:00:00,9214.616911999901,9214.616911999901,0.0,0
2026-04-10 14:15:00,9214.616911999901,9214.616911999901,0.0,0
2026-04-10 14:30:00,9214.616911999901,9214.616911999901,0.0,0
2026-04-10 14:45:00,9214.616911999901,9214.616911999901,0.0,0
2026-04-10 15:00:00,9214.616911999901,9214.616911999901,0.0,0
2026-04-13 09:30:00,9214.616911999901,9214.616911999901,0.0,0
2026-04-13 09:45:00,9214.616911999901,9214.616911999901,0.0,0
2026-04-13 10:00:00,9214.616911999901,9214.616911999901,0.0,0
2026-04-13 10:15:00,9214.616911999901,9214.616911999901,0.0,0
2026-04-13 10:30:00,9214.616911999901,9214.616911999901,0.0,0
2026-04-13 10:45:00,9214.616911999901,9214.616911999901,0.0,0
2026-04-13 11:00:00,9214.616911999901,9214.616911999901,0.0,0
2026-04-13 11:15:00,9214.616911999901,9214.616911999901,0.0,0
2026-04-13 11:30:00,9214.616911999901,9214.616911999901,0.0,0
2026-04-13 13:00:00,9214.616911999901,9214.616911999901,0.0,0
2026-04-13 13:15:00,9214.616911999901,9214.616911999901,0.0,0
2026-04-13 13:30:00,9214.616911999901,9214.616911999901,0.0,0
2026-04-13 13:45:00,9214.616911999901,9214.616911999901,0.0,0
2026-04-13 14:00:00,9214.616911999901,9214.616911999901,0.0,0
2026-04-13 14:15:00,9214.616911999901,9214.616911999901,0.0,0
2026-04-13 14:30:00,9214.616911999901,9214.616911999901,0.0,0
2026-04-13 14:45:00,9214.616911999901,9214.616911999901,0.0,0
2026-04-13 15:00:00,9214.616911999901,9214.616911999901,0.0,0
2026-04-14 09:30:00,9214.616911999901,9214.616911999901,0.0,0
2026-04-14 09:45:00,9214.616911999901,9214.616911999901,0.0,0
2026-04-14 10:00:00,9214.616911999901,9214.616911999901,0.0,0
2026-04-14 10:15:00,9214.616911999901,9214.616911999901,0.0,0
2026-04-14 10:30:00,9214.616911999901,9214.616911999901,0.0,0
2026-04-14 10:45:00,9214.616911999901,9214.616911999901,0.0,0
2026-04-14 11:00:00,9214.616911999901,9214.616911999901,0.0,0
2026-04-14 11:15:00,9214.616911999901,9214.616911999901,0.0,0
2026-04-14 11:30:00,9214.616911999901,9214.616911999901,0.0,0
2026-04-14 13:00:00,9214.616911999901,9214.616911999901,0.0,0
2026-04-14 13:15:00,9214.616911999901,9214.616911999901,0.0,0
2026-04-14 13:30:00,9214.616911999901,9214.616911999901,0.0,0
2026-04-14 13:45:00,9214.616911999901,9214.616911999901,0.0,0
2026-04-14 14:00:00,9214.616911999901,9214.616911999901,0.0,0
2026-04-14 14:15:00,9214.616911999901,9214.616911999901,0.0,0
2026-04-14 14:30:00,9214.616911999901,9214.616911999901,0.0,0
2026-04-14 14:45:00,9214.616911999901,9214.616911999901,0.0,0
2026-04-14 15:00:00,9214.616911999901,9214.616911999901,0.0,0
2026-04-15 09:30:00,9214.616911999901,9214.616911999901,0.0,0
2026-04-15 09:45:00,9214.616911999901,9214.616911999901,0.0,0
2026-04-15 10:00:00,9214.616911999901,9214.616911999901,0.0,0
2026-04-15 10:15:00,9214.616911999901,9214.616911999901,0.0,0
2026-04-15 10:30:00,9214.616911999901,9214.616911999901,0.0,0
2026-04-15 10:45:00,9214.616911999901,9214.616911999901,0.0,0
2026-04-15 11:00:00,9214.616911999901,9214.616911999901,0.0,0
2026-04-15 11:15:00,9214.616911999901,9214.616911999901,0.0,0
2026-04-15 11:30:00,9214.616911999901,9214.616911999901,0.0,0
2026-04-15 13:00:00,9214.616911999901,9214.616911999901,0.0,0
2026-04-15 13:15:00,9214.616911999901,9214.616911999901,0.0,0
2026-04-15 13:30:00,9214.616911999901,9214.616911999901,0.0,0
2026-04-15 13:45:00,9214.616911999901,9214.616911999901,0.0,0
2026-04-15 14:00:00,9214.616911999901,9214.616911999901,0.0,0
2026-04-15 14:15:00,9214.616911999901,9214.616911999901,0.0,0
2026-04-15 14:30:00,9214.616911999901,9214.616911999901,0.0,0
2026-04-15 14:45:00,9214.616911999901,9214.616911999901,0.0,0
2026-04-15 15:00:00,9214.616911999901,9214.616911999901,0.0,0
2026-04-16 09:30:00,9214.616911999901,9214.616911999901,0.0,0
2026-04-16 09:45:00,9214.616911999901,9214.616911999901,0.0,0
2026-04-16 10:00:00,9214.616911999901,9214.616911999901,0.0,0
2026-04-16 10:15:00,9214.616911999901,9214.616911999901,0.0,0
2026-04-16 10:30:00,9214.616911999901,9214.616911999901,0.0,0
2026-04-16 10:45:00,9214.616911999901,9214.616911999901,0.0,0
2026-04-16 11:00:00,9214.616911999901,9214.616911999901,0.0,0
2026-04-16 11:15:00,9214.616911999901,9214.616911999901,0.0,0
2026-04-16 11:30:00,9214.616911999901,9214.616911999901,0.0,0
2026-04-16 13:00:00,9214.616911999901,9214.616911999901,0.0,0
2026-04-16 13:15:00,9214.616911999901,9214.616911999901,0.0,0
2026-04-16 13:30:00,9214.616911999901,9214.616911999901,0.0,0
2026-04-16 13:45:00,9214.616911999901,9214.616911999901,0.0,0
2026-04-16 14:00:00,9214.616911999901,9214.616911999901,0.0,0
2026-04-16 14:15:00,9214.616911999901,9214.616911999901,0.0,0
2026-04-16 14:30:00,9214.616911999901,9214.616911999901,0.0,0
2026-04-16 14:45:00,9214.616911999901,9214.616911999901,0.0,0
2026-04-16 15:00:00,9214.616911999901,9214.616911999901,0.0,0
2026-04-17 09:30:00,9214.616911999901,9214.616911999901,0.0,0
2026-04-17 09:45:00,9214.616911999901,9214.616911999901,0.0,0
2026-04-17 10:00:00,9214.616911999901,9214.616911999901,0.0,0
2026-04-17 10:15:00,9214.616911999901,9214.616911999901,0.0,0
2026-04-17 10:30:00,9214.616911999901,9214.616911999901,0.0,0
2026-04-17 10:45:00,9214.616911999901,9214.616911999901,0.0,0
2026-04-17 11:00:00,9214.616911999901,9214.616911999901,0.0,0
2026-04-17 11:15:00,9214.616911999901,9214.616911999901,0.0,0
2026-04-17 11:30:00,9214.616911999901,9214.616911999901,0.0,0
2026-04-17 13:00:00,9214.616911999901,9214.616911999901,0.0,0
2026-04-17 13:15:00,9214.616911999901,9214.616911999901,0.0,0
2026-04-17 13:30:00,9214.616911999901,9214.616911999901,0.0,0
2026-04-17 13:45:00,9214.616911999901,9214.616911999901,0.0,0
2026-04-17 14:00:00,9214.616911999901,9214.616911999901,0.0,0
2026-04-17 14:15:00,9214.616911999901,9214.616911999901,0.0,0
2026-04-17 14:30:00,9214.616911999901,9214.616911999901,0.0,0
2026-04-17 14:45:00,9214.616911999901,9214.616911999901,0.0,0
2026-04-17 15:00:00,9214.616911999901,9214.616911999901,0.0,0
2026-04-20 09:30:00,9214.616911999901,9214.616911999901,0.0,0
2026-04-20 09:45:00,9214.616911999901,9214.616911999901,0.0,0
2026-04-20 10:00:00,9214.616911999901,9214.616911999901,0.0,0
2026-04-20 10:15:00,9214.616911999901,9214.616911999901,0.0,0
2026-04-20 10:30:00,9214.616911999901,9214.616911999901,0.0,0
2026-04-20 10:45:00,9214.616911999901,9214.616911999901,0.0,0
2026-04-20 11:00:00,9214.616911999901,9214.616911999901,0.0,0
2026-04-20 11:15:00,9214.616911999901,9214.616911999901,0.0,0
2026-04-20 11:30:00,9214.616911999901,9214.616911999901,0.0,0
2026-04-20 13:00:00,9214.616911999901,9214.616911999901,0.0,0
2026-04-20 13:15:00,9214.616911999901,9214.616911999901,0.0,0
2026-04-20 13:30:00,9214.616911999901,9214.616911999901,0.0,0
2026-04-20 13:45:00,9214.616911999901,9214.616911999901,0.0,0
2026-04-20 14:00:00,9214.616911999901,9214.616911999901,0.0,0
2026-04-20 14:15:00,9214.616911999901,9214.616911999901,0.0,0
2026-04-20 14:30:00,9214.616911999901,9214.616911999901,0.0,0
2026-04-20 14:45:00,9214.616911999901,9214.616911999901,0.0,0
2026-04-20 15:00:00,9214.616911999901,9214.616911999901,0.0,0
2026-04-21 09:30:00,9214.616911999901,9214.616911999901,0.0,0
2026-04-21 09:45:00,9214.616911999901,9214.616911999901,0.0,0
2026-04-21 10:00:00,9214.616911999901,9214.616911999901,0.0,0
2026-04-21 10:15:00,9214.616911999901,9214.616911999901,0.0,0
2026-04-21 10:30:00,9214.616911999901,9214.616911999901,0.0,0
2026-04-21 10:45:00,9214.616911999901,9214.616911999901,0.0,0
2026-04-21 11:00:00,9214.616911999901,9214.616911999901,0.0,0
2026-04-21 11:15:00,9214.616911999901,9214.616911999901,0.0,0
2026-04-21 11:30:00,9214.616911999901,9214.616911999901,0.0,0
2026-04-21 13:00:00,9214.616911999901,9214.616911999901,0.0,0
2026-04-21 13:15:00,9214.616911999901,9214.616911999901,0.0,0
2026-04-21 13:30:00,9214.616911999901,9214.616911999901,0.0,0
2026-04-21 13:45:00,9214.616911999901,9214.616911999901,0.0,0
2026-04-21 14:00:00,9214.616911999901,9214.616911999901,0.0,0
2026-04-21 14:15:00,9214.616911999901,9214.616911999901,0.0,0
2026-04-21 14:30:00,9214.616911999901,9214.616911999901,0.0,0
2026-04-21 14:45:00,9214.616911999901,9214.616911999901,0.0,0
2026-04-21 15:00:00,9214.616911999901,9214.616911999901,0.0,0
2026-04-22 09:30:00,9214.616911999901,9214.616911999901,0.0,0
2026-04-22 09:45:00,9214.616911999901,9214.616911999901,0.0,0
2026-04-22 10:00:00,9214.616911999901,9214.616911999901,0.0,0
2026-04-22 10:15:00,9214.616911999901,9214.616911999901,0.0,0
2026-04-22 10:30:00,9214.616911999901,9214.616911999901,0.0,0
2026-04-22 10:45:00,9214.616911999901,9214.616911999901,0.0,0
2026-04-22 11:00:00,9214.616911999901,9214.616911999901,0.0,0
2026-04-22 11:15:00,9214.616911999901,9214.616911999901,0.0,0
2026-04-22 11:30:00,9214.616911999901,9214.616911999901,0.0,0
2026-04-22 13:00:00,9214.616911999901,9214.616911999901,0.0,0
2026-04-22 13:15:00,9214.616911999901,9214.616911999901,0.0,0
2026-04-22 13:30:00,9214.616911999901,9214.616911999901,0.0,0
2026-04-22 13:45:00,9214.616911999901,9214.616911999901,0.0,0
2026-04-22 14:00:00,9214.616911999901,9214.616911999901,0.0,0
2026-04-22 14:15:00,9214.616911999901,9214.616911999901,0.0,0
2026-04-22 14:30:00,9214.616911999901,9214.616911999901,0.0,0
2026-04-22 14:45:00,9214.616911999901,9214.616911999901,0.0,0
2026-04-22 15:00:00,9214.616911999901,9214.616911999901,0.0,0
2026-04-23 09:30:00,9214.616911999901,9214.616911999901,0.0,0
2026-04-23 09:45:00,9214.616911999901,9214.616911999901,0.0,0
2026-04-23 10:00:00,9214.616911999901,9214.616911999901,0.0,0
2026-04-23 10:15:00,9214.616911999901,9214.616911999901,0.0,0
2026-04-23 10:30:00,9214.616911999901,9214.616911999901,0.0,0
2026-04-23 10:45:00,9214.616911999901,9214.616911999901,0.0,0
2026-04-23 11:00:00,9214.616911999901,9214.616911999901,0.0,0
2026-04-23 11:15:00,9214.616911999901,9214.616911999901,0.0,0
2026-04-23 11:30:00,9214.616911999901,9214.616911999901,0.0,0
2026-04-23 13:00:00,9214.616911999901,9214.616911999901,0.0,0
2026-04-23 13:15:00,9214.616911999901,9214.616911999901,0.0,0
2026-04-23 13:30:00,9214.616911999901,9214.616911999901,0.0,0
2026-04-23 13:45:00,9214.616911999901,9214.616911999901,0.0,0
2026-04-23 14:00:00,9214.616911999901,9214.616911999901,0.0,0
2026-04-23 14:15:00,9214.616911999901,9214.616911999901,0.0,0
2026-04-23 14:30:00,9214.616911999901,9214.616911999901,0.0,0
2026-04-23 14:45:00,9214.616911999901,9214.616911999901,0.0,0
2026-04-23 15:00:00,9214.616911999901,9214.616911999901,0.0,0
2026-04-24 09:30:00,9214.616911999901,9214.616911999901,0.0,0
2026-04-24 09:45:00,9214.616911999901,9214.616911999901,0.0,0
2026-04-24 10:00:00,9214.616911999901,9214.616911999901,0.0,0
2026-04-24 10:15:00,9214.616911999901,9214.616911999901,0.0,0
2026-04-24 10:30:00,9214.616911999901,9214.616911999901,0.0,0
2026-04-24 10:45:00,9214.616911999901,9214.616911999901,0.0,0
2026-04-24 11:00:00,9214.616911999901,9214.616911999901,0.0,0
2026-04-24 11:15:00,9214.616911999901,9214.616911999901,0.0,0
2026-04-24 11:30:00,9214.616911999901,9214.616911999901,0.0,0
2026-04-24 13:00:00,9214.616911999901,9214.616911999901,0.0,0
2026-04-24 13:15:00,9214.616911999901,9214.616911999901,0.0,0
2026-04-24 13:30:00,9214.616911999901,9214.616911999901,0.0,0
2026-04-24 13:45:00,9214.616911999901,9214.616911999901,0.0,0
2026-04-24 14:00:00,9214.616911999901,9214.616911999901,0.0,0
2026-04-24 14:15:00,9214.616911999901,9214.616911999901,0.0,0
2026-04-24 14:30:00,9214.616911999901,9214.616911999901,0.0,0
2026-04-24 14:45:00,9214.616911999901,9214.616911999901,0.0,0
2026-04-24 15:00:00,9214.616911999901,9214.616911999901,0.0,0
2026-04-27 09:30:00,9214.616911999901,9214.616911999901,0.0,0
2026-04-27 09:45:00,9214.616911999901,9214.616911999901,0.0,0
2026-04-27 10:00:00,9214.616911999901,9214.616911999901,0.0,0
2026-04-27 10:15:00,9214.616911999901,9214.616911999901,0.0,0
2026-04-27 10:30:00,9214.616911999901,9214.616911999901,0.0,0
2026-04-27 10:45:00,9214.616911999901,9214.616911999901,0.0,0
2026-04-27 11:00:00,9214.616911999901,9214.616911999901,0.0,0
2026-04-27 11:15:00,9214.616911999901,9214.616911999901,0.0,0
2026-04-27 11:30:00,9214.616911999901,9214.616911999901,0.0,0
2026-04-27 13:00:00,9214.616911999901,9214.616911999901,0.0,0
2026-04-27 13:15:00,9214.616911999901,9214.616911999901,0.0,0
2026-04-27 13:30:00,9214.616911999901,9214.616911999901,0.0,0
2026-04-27 13:45:00,9214.616911999901,9214.616911999901,0.0,0
2026-04-27 14:00:00,9214.616911999901,9214.616911999901,0.0,0
2026-04-27 14:15:00,9214.616911999901,9214.616911999901,0.0,0
2026-04-27 14:30:00,9214.616911999901,9214.616911999901,0.0,0
2026-04-27 14:45:00,9214.616911999901,9214.616911999901,0.0,0
2026-04-27 15:00:00,9214.616911999901,9214.616911999901,0.0,0
2026-04-28 09:30:00,9214.616911999901,9214.616911999901,0.0,0
2026-04-28 09:45:00,9214.616911999901,9214.616911999901,0.0,0
2026-04-28 10:00:00,9214.616911999901,9214.616911999901,0.0,0
2026-04-28 10:15:00,9214.616911999901,9214.616911999901,0.0,0
2026-04-28 10:30:00,9214.616911999901,9214.616911999901,0.0,0
2026-04-28 10:45:00,9214.616911999901,9214.616911999901,0.0,0
2026-04-28 11:00:00,9214.616911999901,9214.616911999901,0.0,0
2026-04-28 11:15:00,9214.616911999901,9214.616911999901,0.0,0
2026-04-28 11:30:00,9214.616911999901,9214.616911999901,0.0,0
2026-04-28 13:00:00,9214.616911999901,9214.616911999901,0.0,0
2026-04-28 13:15:00,9214.616911999901,9214.616911999901,0.0,0
2026-04-28 13:30:00,9214.616911999901,9214.616911999901,0.0,0
2026-04-28 13:45:00,9214.616911999901,9214.616911999901,0.0,0
2026-04-28 14:00:00,9214.616911999901,9214.616911999901,0.0,0
2026-04-28 14:15:00,9214.616911999901,9214.616911999901,0.0,0
2026-04-28 14:30:00,9214.616911999901,9214.616911999901,0.0,0
2026-04-28 14:45:00,9214.616911999901,9214.616911999901,0.0,0
2026-04-28 15:00:00,9214.616911999901,9214.616911999901,0.0,0
2026-04-29 09:30:00,9214.616911999901,9214.616911999901,0.0,0
2026-04-29 09:45:00,9214.616911999901,9214.616911999901,0.0,0
2026-04-29 10:00:00,9214.616911999901,9214.616911999901,0.0,0
2026-04-29 10:15:00,9214.616911999901,9214.616911999901,0.0,0
2026-04-29 10:30:00,9214.616911999901,9214.616911999901,0.0,0
2026-04-29 10:45:00,9214.616911999901,9214.616911999901,0.0,0
2026-04-29 11:00:00,9214.616911999901,9214.616911999901,0.0,0
2026-04-29 11:15:00,9214.616911999901,9214.616911999901,0.0,0
2026-04-29 11:30:00,9214.616911999901,9214.616911999901,0.0,0
2026-04-29 13:00:00,9214.616911999901,9214.616911999901,0.0,0
2026-04-29 13:15:00,9214.616911999901,9214.616911999901,0.0,0
2026-04-29 13:30:00,9214.616911999901,9214.616911999901,0.0,0
2026-04-29 13:45:00,9214.616911999901,9214.616911999901,0.0,0
2026-04-29 14:00:00,9214.616911999901,9214.616911999901,0.0,0
2026-04-29 14:15:00,9214.616911999901,9214.616911999901,0.0,0
2026-04-29 14:30:00,9214.616911999901,9214.616911999901,0.0,0
2026-04-29 14:45:00,9214.616911999901,9214.616911999901,0.0,0
2026-04-29 15:00:00,9214.616911999901,9214.616911999901,0.0,0
2026-04-30 09:30:00,9214.616911999901,9214.616911999901,0.0,0
2026-04-30 09:45:00,9214.616911999901,9214.616911999901,0.0,0
2026-04-30 10:00:00,9214.616911999901,9214.616911999901,0.0,0
2026-04-30 10:15:00,9214.616911999901,9214.616911999901,0.0,0
2026-04-30 10:30:00,9214.616911999901,9214.616911999901,0.0,0
2026-04-30 10:45:00,9214.616911999901,9214.616911999901,0.0,0
2026-04-30 11:00:00,9214.616911999901,9214.616911999901,0.0,0
2026-04-30 11:15:00,9214.616911999901,9214.616911999901,0.0,0
2026-04-30 11:30:00,9214.616911999901,9214.616911999901,0.0,0
2026-04-30 13:00:00,9214.616911999901,9214.616911999901,0.0,0
2026-04-30 13:15:00,9214.616911999901,9214.616911999901,0.0,0
2026-04-30 13:30:00,9214.616911999901,9214.616911999901,0.0,0
2026-04-30 13:45:00,9214.616911999901,9214.616911999901,0.0,0
2026-04-30 14:00:00,9214.616911999901,9214.616911999901,0.0,0
2026-04-30 14:15:00,9214.616911999901,9214.616911999901,0.0,0
2026-04-30 14:30:00,9214.616911999901,9214.616911999901,0.0,0
2026-04-30 14:45:00,9214.616911999901,9214.616911999901,0.0,0
2026-04-30 15:00:00,9214.616911999901,9214.616911999901,0.0,0
2026-05-06 09:30:00,9214.616911999901,9214.616911999901,0.0,0
2026-05-06 09:45:00,9214.616911999901,9214.616911999901,0.0,0
2026-05-06 10:00:00,9214.616911999901,9214.616911999901,0.0,0
2026-05-06 10:15:00,9214.616911999901,9214.616911999901,0.0,0
2026-05-06 10:30:00,9214.616911999901,9214.616911999901,0.0,0
2026-05-06 10:45:00,9214.616911999901,9214.616911999901,0.0,0
2026-05-06 11:00:00,9214.616911999901,9214.616911999901,0.0,0
2026-05-06 11:15:00,9214.616911999901,9214.616911999901,0.0,0
2026-05-06 11:30:00,9214.616911999901,9214.616911999901,0.0,0
2026-05-06 13:00:00,9214.616911999901,9214.616911999901,0.0,0
2026-05-06 13:15:00,9214.616911999901,9214.616911999901,0.0,0
2026-05-06 13:30:00,9214.616911999901,9214.616911999901,0.0,0
2026-05-06 13:45:00,9214.616911999901,9214.616911999901,0.0,0
2026-05-06 14:00:00,9214.616911999901,9214.616911999901,0.0,0
2026-05-06 14:15:00,9214.616911999901,9214.616911999901,0.0,0
2026-05-06 14:30:00,9214.616911999901,9214.616911999901,0.0,0
2026-05-06 14:45:00,9214.616911999901,9214.616911999901,0.0,0
2026-05-06 15:00:00,9214.616911999901,9214.616911999901,0.0,0
2026-05-07 09:30:00,9214.616911999901,9214.616911999901,0.0,0
2026-05-07 09:45:00,9214.616911999901,9214.616911999901,0.0,0
2026-05-07 10:00:00,9214.616911999901,9214.616911999901,0.0,0
2026-05-07 10:15:00,9214.616911999901,9214.616911999901,0.0,0
2026-05-07 10:30:00,9214.616911999901,9214.616911999901,0.0,0
2026-05-07 10:45:00,9214.616911999901,9214.616911999901,0.0,0
2026-05-07 11:00:00,9214.616911999901,9214.616911999901,0.0,0
2026-05-07 11:15:00,9214.616911999901,9214.616911999901,0.0,0
2026-05-07 11:30:00,9214.616911999901,9214.616911999901,0.0,0
2026-05-07 13:00:00,9214.616911999901,9214.616911999901,0.0,0
2026-05-07 13:15:00,9214.616911999901,9214.616911999901,0.0,0
2026-05-07 13:30:00,9214.616911999901,9214.616911999901,0.0,0
2026-05-07 13:45:00,9214.616911999901,9214.616911999901,0.0,0
2026-05-07 14:00:00,9214.616911999901,9214.616911999901,0.0,0
2026-05-07 14:15:00,9214.616911999901,9214.616911999901,0.0,0
2026-05-07 14:30:00,9214.616911999901,9214.616911999901,0.0,0
2026-05-07 14:45:00,9214.616911999901,9214.616911999901,0.0,0
2026-05-07 15:00:00,9214.616911999901,9214.616911999901,0.0,0
2026-05-08 09:30:00,9214.616911999901,9214.616911999901,0.0,0
2026-05-08 09:45:00,9214.616911999901,9214.616911999901,0.0,0
2026-05-08 10:00:00,9214.616911999901,9214.616911999901,0.0,0
2026-05-08 10:15:00,9214.616911999901,9214.616911999901,0.0,0
2026-05-08 10:30:00,9214.616911999901,9214.616911999901,0.0,0
2026-05-08 10:45:00,9214.616911999901,9214.616911999901,0.0,0
2026-05-08 11:00:00,9214.616911999901,9214.616911999901,0.0,0
2026-05-08 11:15:00,9214.616911999901,9214.616911999901,0.0,0
2026-05-08 11:30:00,9214.616911999901,9214.616911999901,0.0,0
2026-05-08 13:00:00,9214.616911999901,9214.616911999901,0.0,0
2026-05-08 13:15:00,9214.616911999901,9214.616911999901,0.0,0
2026-05-08 13:30:00,9214.616911999901,9214.616911999901,0.0,0
2026-05-08 13:45:00,9214.616911999901,9214.616911999901,0.0,0
2026-05-08 14:00:00,9214.616911999901,9214.616911999901,0.0,0
2026-05-08 14:15:00,9214.616911999901,9214.616911999901,0.0,0
2026-05-08 14:30:00,9214.616911999901,9214.616911999901,0.0,0
2026-05-08 14:45:00,9214.616911999901,9214.616911999901,0.0,0
2026-05-08 15:00:00,9214.616911999901,9214.616911999901,0.0,0
2026-05-11 09:30:00,9214.616911999901,9214.616911999901,0.0,0
2026-05-11 09:45:00,9214.616911999901,9214.616911999901,0.0,0
2026-05-11 10:00:00,9214.616911999901,9214.616911999901,0.0,0
2026-05-11 10:15:00,9214.616911999901,9214.616911999901,0.0,0
2026-05-11 10:30:00,9214.616911999901,9214.616911999901,0.0,0
2026-05-11 10:45:00,9214.616911999901,9214.616911999901,0.0,0
2026-05-11 11:00:00,9214.616911999901,9214.616911999901,0.0,0
2026-05-11 11:15:00,9214.616911999901,9214.616911999901,0.0,0
2026-05-11 11:30:00,9214.616911999901,9214.616911999901,0.0,0
2026-05-11 13:00:00,9214.616911999901,9214.616911999901,0.0,0
2026-05-11 13:15:00,9214.616911999901,9214.616911999901,0.0,0
2026-05-11 13:30:00,9214.616911999901,9214.616911999901,0.0,0
2026-05-11 13:45:00,9214.616911999901,9214.616911999901,0.0,0
2026-05-11 14:00:00,9214.616911999901,9214.616911999901,0.0,0
2026-05-11 14:15:00,9214.616911999901,9214.616911999901,0.0,0
2026-05-11 14:30:00,9214.616911999901,9214.616911999901,0.0,0
2026-05-11 14:45:00,9214.616911999901,9214.616911999901,0.0,0
2026-05-11 15:00:00,9214.616911999901,9214.616911999901,0.0,0
2026-05-12 09:30:00,9214.616911999901,9214.616911999901,0.0,0
2026-05-12 09:45:00,9214.616911999901,9214.616911999901,0.0,0
2026-05-12 10:00:00,9214.616911999901,9214.616911999901,0.0,0
2026-05-12 10:15:00,9214.616911999901,9214.616911999901,0.0,0
2026-05-12 10:30:00,9214.616911999901,9214.616911999901,0.0,0
2026-05-12 10:45:00,9214.616911999901,9214.616911999901,0.0,0
2026-05-12 11:00:00,9214.616911999901,9214.616911999901,0.0,0
2026-05-12 11:15:00,9214.616911999901,9214.616911999901,0.0,0
2026-05-12 11:30:00,9214.616911999901,9214.616911999901,0.0,0
2026-05-12 13:00:00,9214.616911999901,9214.616911999901,0.0,0
2026-05-12 13:15:00,9214.616911999901,9214.616911999901,0.0,0
2026-05-12 13:30:00,9214.616911999901,9214.616911999901,0.0,0
2026-05-12 13:45:00,9214.616911999901,9214.616911999901,0.0,0
2026-05-12 14:00:00,9214.616911999901,9214.616911999901,0.0,0
2026-05-12 14:15:00,9214.616911999901,9214.616911999901,0.0,0
2026-05-12 14:30:00,9214.616911999901,9214.616911999901,0.0,0
2026-05-12 14:45:00,9214.616911999901,9214.616911999901,0.0,0
2026-05-12 15:00:00,9214.616911999901,9214.616911999901,0.0,0
2026-05-13 09:30:00,9214.616911999901,9214.616911999901,0.0,0
2026-05-13 09:45:00,9214.616911999901,9214.616911999901,0.0,0
2026-05-13 10:00:00,9214.616911999901,9214.616911999901,0.0,0
2026-05-13 10:15:00,9214.616911999901,9214.616911999901,0.0,0
2026-05-13 10:30:00,9214.616911999901,9214.616911999901,0.0,0
2026-05-13 10:45:00,9214.616911999901,9214.616911999901,0.0,0
2026-05-13 11:00:00,9214.616911999901,9214.616911999901,0.0,0
2026-05-13 11:15:00,9214.616911999901,9214.616911999901,0.0,0
2026-05-13 11:30:00,9214.616911999901,9214.616911999901,0.0,0
2026-05-13 13:00:00,9214.616911999901,9214.616911999901,0.0,0
2026-05-13 13:15:00,9214.616911999901,9214.616911999901,0.0,0
2026-05-13 13:30:00,9214.616911999901,9214.616911999901,0.0,0
2026-05-13 13:45:00,9214.616911999901,9214.616911999901,0.0,0
2026-05-13 14:00:00,9214.616911999901,9214.616911999901,0.0,0
2026-05-13 14:15:00,9214.616911999901,9214.616911999901,0.0,0
2026-05-13 14:30:00,9214.616911999901,9214.616911999901,0.0,0
2026-05-13 14:45:00,9214.616911999901,9214.616911999901,0.0,0
2026-05-13 15:00:00,9214.616911999901,9214.616911999901,0.0,0
2026-05-14 09:30:00,9214.616911999901,9214.616911999901,0.0,0
2026-05-14 09:45:00,9214.616911999901,9214.616911999901,0.0,0
2026-05-14 10:00:00,9214.616911999901,9214.616911999901,0.0,0
2026-05-14 10:15:00,9214.616911999901,9214.616911999901,0.0,0
2026-05-14 10:30:00,9214.616911999901,9214.616911999901,0.0,0
2026-05-14 10:45:00,9214.616911999901,9214.616911999901,0.0,0
2026-05-14 11:00:00,9214.616911999901,9214.616911999901,0.0,0
2026-05-14 11:15:00,9214.616911999901,9214.616911999901,0.0,0
2026-05-14 11:30:00,9214.616911999901,9214.616911999901,0.0,0
2026-05-14 13:00:00,9214.616911999901,9214.616911999901,0.0,0
2026-05-14 13:15:00,9214.616911999901,9214.616911999901,0.0,0
2026-05-14 13:30:00,9214.616911999901,9214.616911999901,0.0,0
2026-05-14 13:45:00,9214.616911999901,9214.616911999901,0.0,0
2026-05-14 14:00:00,9214.616911999901,9214.616911999901,0.0,0
2026-05-14 14:15:00,9214.616911999901,9214.616911999901,0.0,0
2026-05-14 14:30:00,9214.616911999901,9214.616911999901,0.0,0
2026-05-14 14:45:00,9214.616911999901,9214.616911999901,0.0,0
2026-05-14 15:00:00,9214.616911999901,9214.616911999901,0.0,0
2026-05-15 09:30:00,9214.616911999901,9214.616911999901,0.0,0
2026-05-15 09:45:00,9214.616911999901,9214.616911999901,0.0,0
2026-05-15 10:00:00,9214.616911999901,9214.616911999901,0.0,0
2026-05-15 10:15:00,9214.616911999901,9214.616911999901,0.0,0
2026-05-15 10:30:00,9214.616911999901,9214.616911999901,0.0,0
2026-05-15 10:45:00,9214.616911999901,9214.616911999901,0.0,0
2026-05-15 11:00:00,9214.616911999901,9214.616911999901,0.0,0
2026-05-15 11:15:00,9214.616911999901,9214.616911999901,0.0,0
2026-05-15 11:30:00,9214.616911999901,9214.616911999901,0.0,0
2026-05-15 13:00:00,9214.616911999901,9214.616911999901,0.0,0
2026-05-15 13:15:00,9214.616911999901,9214.616911999901,0.0,0
2026-05-15 13:30:00,9214.616911999901,9214.616911999901,0.0,0
2026-05-15 13:45:00,9214.616911999901,9214.616911999901,0.0,0
2026-05-15 14:00:00,9214.616911999901,9214.616911999901,0.0,0
2026-05-15 14:15:00,9214.616911999901,9214.616911999901,0.0,0
2026-05-15 14:30:00,9214.616911999901,9214.616911999901,0.0,0
2026-05-15 14:45:00,9214.616911999901,9214.616911999901,0.0,0
2026-05-15 15:00:00,9214.616911999901,9214.616911999901,0.0,0
2026-05-18 09:30:00,9214.616911999901,9214.616911999901,0.0,0
2026-05-18 09:45:00,9214.616911999901,9214.616911999901,0.0,0
2026-05-18 10:00:00,9214.616911999901,9214.616911999901,0.0,0
2026-05-18 10:15:00,9214.616911999901,9214.616911999901,0.0,0
2026-05-18 10:30:00,9214.616911999901,9214.616911999901,0.0,0
2026-05-18 10:45:00,9214.616911999901,9214.616911999901,0.0,0
2026-05-18 11:00:00,9214.616911999901,9214.616911999901,0.0,0
2026-05-18 11:15:00,9214.616911999901,9214.616911999901,0.0,0
2026-05-18 11:30:00,9214.616911999901,9214.616911999901,0.0,0
2026-05-18 13:00:00,9214.616911999901,9214.616911999901,0.0,0
2026-05-18 13:15:00,9214.616911999901,9214.616911999901,0.0,0
2026-05-18 13:30:00,9214.616911999901,9214.616911999901,0.0,0
2026-05-18 13:45:00,9214.616911999901,9214.616911999901,0.0,0
2026-05-18 14:00:00,9214.616911999901,9214.616911999901,0.0,0
2026-05-18 14:15:00,9214.616911999901,9214.616911999901,0.0,0
2026-05-18 14:30:00,9214.616911999901,9214.616911999901,0.0,0
2026-05-18 14:45:00,9214.616911999901,9214.616911999901,0.0,0
2026-05-18 15:00:00,9214.616911999901,9214.616911999901,0.0,0
2026-05-19 09:30:00,9214.616911999901,9214.616911999901,0.0,0
2026-05-19 09:45:00,9214.616911999901,9214.616911999901,0.0,0
2026-05-19 10:00:00,9214.616911999901,9214.616911999901,0.0,0
2026-05-19 10:15:00,9214.616911999901,9214.616911999901,0.0,0
2026-05-19 10:30:00,9214.616911999901,9214.616911999901,0.0,0
2026-05-19 10:45:00,9214.616911999901,9214.616911999901,0.0,0
2026-05-19 11:00:00,9214.616911999901,9214.616911999901,0.0,0
2026-05-19 11:15:00,9214.616911999901,9214.616911999901,0.0,0
2026-05-19 11:30:00,9214.616911999901,9214.616911999901,0.0,0
2026-05-19 13:00:00,9214.616911999901,9214.616911999901,0.0,0
2026-05-19 13:15:00,9214.616911999901,9214.616911999901,0.0,0
2026-05-19 13:30:00,9214.616911999901,9214.616911999901,0.0,0
2026-05-19 13:45:00,9214.616911999901,9214.616911999901,0.0,0
2026-05-19 14:00:00,9214.616911999901,9214.616911999901,0.0,0
2026-05-19 14:15:00,9214.616911999901,9214.616911999901,0.0,0
2026-05-19 14:30:00,9214.616911999901,9214.616911999901,0.0,0
2026-05-19 14:45:00,9214.616911999901,9214.616911999901,0.0,0
2026-05-19 15:00:00,9214.616911999901,9214.616911999901,0.0,0
2026-05-20 09:30:00,9214.616911999901,9214.616911999901,0.0,0
2026-05-20 09:45:00,9214.616911999901,9214.616911999901,0.0,0
2026-05-20 10:00:00,9214.616911999901,9214.616911999901,0.0,0
2026-05-20 10:15:00,9214.616911999901,9214.616911999901,0.0,0
2026-05-20 10:30:00,9214.616911999901,9214.616911999901,0.0,0
2026-05-20 10:45:00,9214.616911999901,9214.616911999901,0.0,0
2026-05-20 11:00:00,9214.616911999901,9214.616911999901,0.0,0
2026-05-20 11:15:00,9214.616911999901,9214.616911999901,0.0,0
2026-05-20 11:30:00,9214.616911999901,9214.616911999901,0.0,0
2026-05-20 13:00:00,9214.616911999901,9214.616911999901,0.0,0
2026-05-20 13:15:00,9214.616911999901,9214.616911999901,0.0,0
2026-05-20 13:30:00,9214.616911999901,9214.616911999901,0.0,0
2026-05-20 13:45:00,9214.616911999901,9214.616911999901,0.0,0
2026-05-20 14:00:00,9214.616911999901,9214.616911999901,0.0,0
2026-05-20 14:15:00,9214.616911999901,9214.616911999901,0.0,0
2026-05-20 14:30:00,9214.616911999901,9214.616911999901,0.0,0
2026-05-20 14:45:00,9214.616911999901,9214.616911999901,0.0,0
2026-05-20 15:00:00,9214.616911999901,9214.616911999901,0.0,0
2026-05-21 09:30:00,9214.616911999901,9214.616911999901,0.0,0
2026-05-21 09:45:00,9214.616911999901,9214.616911999901,0.0,0
2026-05-21 10:00:00,9214.616911999901,9214.616911999901,0.0,0
2026-05-21 10:15:00,9214.616911999901,9214.616911999901,0.0,0
2026-05-21 10:30:00,9214.616911999901,9214.616911999901,0.0,0
2026-05-21 10:45:00,9214.616911999901,9214.616911999901,0.0,0
2026-05-21 11:00:00,9214.616911999901,9214.616911999901,0.0,0
2026-05-21 11:15:00,9214.616911999901,9214.616911999901,0.0,0
2026-05-21 11:30:00,9214.616911999901,9214.616911999901,0.0,0
2026-05-21 13:00:00,9214.616911999901,9214.616911999901,0.0,0
2026-05-21 13:15:00,9214.616911999901,9214.616911999901,0.0,0
2026-05-21 13:30:00,9214.616911999901,9214.616911999901,0.0,0
2026-05-21 13:45:00,9214.616911999901,9214.616911999901,0.0,0
2026-05-21 14:00:00,9214.616911999901,9214.616911999901,0.0,0
2026-05-21 14:15:00,9214.616911999901,9214.616911999901,0.0,0
2026-05-21 14:30:00,9214.616911999901,9214.616911999901,0.0,0
2026-05-21 14:45:00,9214.616911999901,9214.616911999901,0.0,0
2026-05-21 15:00:00,9214.616911999901,9214.616911999901,0.0,0
2026-05-22 09:30:00,9214.616911999901,9214.616911999901,0.0,0
2026-05-22 09:45:00,9214.616911999901,9214.616911999901,0.0,0
2026-05-22 10:00:00,9214.616911999901,9214.616911999901,0.0,0
2026-05-22 10:15:00,9214.616911999901,9214.616911999901,0.0,0
2026-05-22 10:30:00,9214.616911999901,9214.616911999901,0.0,0
2026-05-22 10:45:00,9214.616911999901,9214.616911999901,0.0,0
2026-05-22 11:00:00,9214.616911999901,9214.616911999901,0.0,0
2026-05-22 11:15:00,9214.616911999901,9214.616911999901,0.0,0
2026-05-22 11:30:00,9214.616911999901,9214.616911999901,0.0,0
2026-05-22 13:00:00,9214.616911999901,9214.616911999901,0.0,0
2026-05-22 13:15:00,9214.616911999901,9214.616911999901,0.0,0
2026-05-22 13:30:00,9214.616911999901,9214.616911999901,0.0,0
2026-05-22 13:45:00,9214.616911999901,9214.616911999901,0.0,0
2026-05-22 14:00:00,9214.616911999901,9214.616911999901,0.0,0
2026-05-22 14:15:00,9214.616911999901,9214.616911999901,0.0,0
2026-05-22 14:30:00,9214.616911999901,9214.616911999901,0.0,0
2026-05-22 14:45:00,9214.616911999901,9214.616911999901,0.0,0
2026-05-22 15:00:00,9214.616911999901,9214.616911999901,0.0,0
2026-05-25 09:30:00,9214.616911999901,9214.616911999901,0.0,0
2026-05-25 09:45:00,9214.616911999901,9214.616911999901,0.0,0
2026-05-25 10:00:00,9214.616911999901,9214.616911999901,0.0,0
2026-05-25 10:15:00,9214.616911999901,9214.616911999901,0.0,0
2026-05-25 10:30:00,9214.616911999901,9214.616911999901,0.0,0
2026-05-25 10:45:00,9214.616911999901,9214.616911999901,0.0,0
2026-05-25 11:00:00,9214.616911999901,9214.616911999901,0.0,0
2026-05-25 11:15:00,9214.616911999901,9214.616911999901,0.0,0
2026-05-25 11:30:00,9214.616911999901,9214.616911999901,0.0,0
2026-05-25 13:00:00,9214.616911999901,9214.616911999901,0.0,0
2026-05-25 13:15:00,9214.616911999901,9214.616911999901,0.0,0
2026-05-25 13:30:00,9214.616911999901,9214.616911999901,0.0,0
2026-05-25 13:45:00,9214.616911999901,9214.616911999901,0.0,0
2026-05-25 14:00:00,9214.616911999901,9214.616911999901,0.0,0
2026-05-25 14:15:00,9214.616911999901,9214.616911999901,0.0,0
2026-05-25 14:30:00,9214.616911999901,9214.616911999901,0.0,0
2026-05-25 14:45:00,9214.616911999901,9214.616911999901,0.0,0
2026-05-25 15:00:00,9214.616911999901,9214.616911999901,0.0,0
2026-05-26 09:30:00,9214.616911999901,9214.616911999901,0.0,0
2026-05-26 09:45:00,9214.616911999901,9214.616911999901,0.0,0
2026-05-26 10:00:00,9214.616911999901,9214.616911999901,0.0,0
2026-05-26 10:15:00,9214.616911999901,9214.616911999901,0.0,0
2026-05-26 10:30:00,9214.616911999901,9214.616911999901,0.0,0
2026-05-26 10:45:00,9214.616911999901,9214.616911999901,0.0,0
2026-05-26 11:00:00,9214.616911999901,9214.616911999901,0.0,0
2026-05-26 11:15:00,9214.616911999901,9214.616911999901,0.0,0
2026-05-26 11:30:00,9214.616911999901,9214.616911999901,0.0,0
2026-05-26 13:00:00,9214.616911999901,9214.616911999901,0.0,0
2026-05-26 13:15:00,9214.616911999901,9214.616911999901,0.0,0
2026-05-26 13:30:00,9214.616911999901,9214.616911999901,0.0,0
2026-05-26 13:45:00,9214.616911999901,9214.616911999901,0.0,0
2026-05-26 14:00:00,9214.616911999901,9214.616911999901,0.0,0
2026-05-26 14:15:00,9214.616911999901,9214.616911999901,0.0,0
2026-05-26 14:30:00,9214.616911999901,9214.616911999901,0.0,0
2026-05-26 14:45:00,9214.616911999901,9214.616911999901,0.0,0
2026-05-26 15:00:00,9214.616911999901,9214.616911999901,0.0,0
2026-05-27 09:30:00,9214.616911999901,9214.616911999901,0.0,0
2026-05-27 09:45:00,9214.616911999901,9214.616911999901,0.0,0
2026-05-27 10:00:00,9214.616911999901,9214.616911999901,0.0,0
2026-05-27 10:15:00,9214.616911999901,9214.616911999901,0.0,0
2026-05-27 10:30:00,9214.616911999901,9214.616911999901,0.0,0
2026-05-27 10:45:00,9214.616911999901,9214.616911999901,0.0,0
2026-05-27 11:00:00,9214.616911999901,9214.616911999901,0.0,0
2026-05-27 11:15:00,9214.616911999901,9214.616911999901,0.0,0
2026-05-27 11:30:00,9214.616911999901,9214.616911999901,0.0,0
2026-05-27 13:00:00,9214.616911999901,9214.616911999901,0.0,0
2026-05-27 13:15:00,9214.616911999901,9214.616911999901,0.0,0
2026-05-27 13:30:00,9214.616911999901,9214.616911999901,0.0,0
2026-05-27 13:45:00,9214.616911999901,9214.616911999901,0.0,0
2026-05-27 14:00:00,9214.616911999901,9214.616911999901,0.0,0
2026-05-27 14:15:00,9214.616911999901,9214.616911999901,0.0,0
2026-05-27 14:30:00,9214.616911999901,9214.616911999901,0.0,0
2026-05-27 14:45:00,9214.616911999901,9214.616911999901,0.0,0
2026-05-27 15:00:00,9214.616911999901,9214.616911999901,0.0,0
2026-05-28 09:30:00,9214.616911999901,9214.616911999901,0.0,0
2026-05-28 09:45:00,9214.616911999901,9214.616911999901,0.0,0
2026-05-28 10:00:00,9214.616911999901,9214.616911999901,0.0,0
2026-05-28 10:15:00,9214.616911999901,9214.616911999901,0.0,0
2026-05-28 10:30:00,9214.616911999901,9214.616911999901,0.0,0
2026-05-28 10:45:00,9214.616911999901,9214.616911999901,0.0,0
2026-05-28 11:00:00,9214.616911999901,9214.616911999901,0.0,0
2026-05-28 11:15:00,9214.616911999901,9214.616911999901,0.0,0
2026-05-28 11:30:00,9214.616911999901,9214.616911999901,0.0,0
2026-05-28 13:00:00,9214.616911999901,9214.616911999901,0.0,0
2026-05-28 13:15:00,9214.616911999901,9214.616911999901,0.0,0
2026-05-28 13:30:00,9214.616911999901,9214.616911999901,0.0,0
2026-05-28 13:45:00,9214.616911999901,9214.616911999901,0.0,0
2026-05-28 14:00:00,9214.616911999901,9214.616911999901,0.0,0
2026-05-28 14:15:00,9214.616911999901,9214.616911999901,0.0,0
2026-05-28 14:30:00,9214.616911999901,9214.616911999901,0.0,0
2026-05-28 14:45:00,9214.616911999901,9214.616911999901,0.0,0
2026-05-28 15:00:00,9214.616911999901,9214.616911999901,0.0,0
2026-05-29 09:30:00,9214.616911999901,9214.616911999901,0.0,0
2026-05-29 09:45:00,9214.616911999901,9214.616911999901,0.0,0
2026-05-29 10:00:00,9214.616911999901,9214.616911999901,0.0,0
2026-05-29 10:15:00,9214.616911999901,9214.616911999901,0.0,0
2026-05-29 10:30:00,9214.616911999901,9214.616911999901,0.0,0
2026-05-29 10:45:00,9214.616911999901,9214.616911999901,0.0,0
2026-05-29 11:00:00,9214.616911999901,9214.616911999901,0.0,0
2026-05-29 11:15:00,9214.616911999901,9214.616911999901,0.0,0
2026-05-29 11:30:00,9214.616911999901,9214.616911999901,0.0,0
2026-05-29 13:00:00,9214.616911999901,9214.616911999901,0.0,0
2026-05-29 13:15:00,9214.616911999901,9214.616911999901,0.0,0
2026-05-29 13:30:00,9214.616911999901,9214.616911999901,0.0,0
2026-05-29 13:45:00,9214.616911999901,9214.616911999901,0.0,0
2026-05-29 14:00:00,9214.616911999901,9214.616911999901,0.0,0
2026-05-29 14:15:00,9214.616911999901,9214.616911999901,0.0,0
2026-05-29 14:30:00,9214.616911999901,9214.616911999901,0.0,0
2026-05-29 14:45:00,9214.616911999901,9214.616911999901,0.0,0
2026-05-29 15:00:00,9214.616911999901,9214.616911999901,0.0,0
2026-06-01 09:30:00,9214.616911999901,9214.616911999901,0.0,0
2026-06-01 09:45:00,9214.616911999901,9214.616911999901,0.0,0
2026-06-01 10:00:00,9214.616911999901,9214.616911999901,0.0,0
2026-06-01 10:15:00,9214.616911999901,9214.616911999901,0.0,0
2026-06-01 10:30:00,9214.616911999901,9214.616911999901,0.0,0
2026-06-01 10:45:00,9214.616911999901,9214.616911999901,0.0,0
2026-06-01 11:00:00,9214.616911999901,9214.616911999901,0.0,0
2026-06-01 11:15:00,9214.616911999901,9214.616911999901,0.0,0
2026-06-01 11:30:00,9214.616911999901,9214.616911999901,0.0,0
2026-06-01 13:00:00,9214.616911999901,9214.616911999901,0.0,0
2026-06-01 13:15:00,9214.616911999901,9214.616911999901,0.0,0
2026-06-01 13:30:00,9214.616911999901,9214.616911999901,0.0,0
2026-06-01 13:45:00,9214.616911999901,9214.616911999901,0.0,0
2026-06-01 14:00:00,9214.616911999901,9214.616911999901,0.0,0
2026-06-01 14:15:00,9214.616911999901,9214.616911999901,0.0,0
2026-06-01 14:30:00,9214.616911999901,9214.616911999901,0.0,0
2026-06-01 14:45:00,9214.616911999901,9214.616911999901,0.0,0
2026-06-01 15:00:00,9214.616911999901,9214.616911999901,0.0,0
2026-06-02 09:30:00,9214.616911999901,9214.616911999901,0.0,0
2026-06-02 09:45:00,9214.616911999901,9214.616911999901,0.0,0
2026-06-02 10:00:00,9214.616911999901,9214.616911999901,0.0,0
2026-06-02 10:15:00,9214.616911999901,9214.616911999901,0.0,0
2026-06-02 10:30:00,9214.616911999901,9214.616911999901,0.0,0
2026-06-02 10:45:00,9214.616911999901,9214.616911999901,0.0,0
2026-06-02 11:00:00,9214.616911999901,9214.616911999901,0.0,0
2026-06-02 11:15:00,9214.616911999901,9214.616911999901,0.0,0
2026-06-02 11:30:00,9214.616911999901,9214.616911999901,0.0,0
2026-06-02 13:00:00,9214.616911999901,9214.616911999901,0.0,0
2026-06-02 13:15:00,9214.616911999901,9214.616911999901,0.0,0
2026-06-02 13:30:00,9214.616911999901,9214.616911999901,0.0,0
2026-06-02 13:45:00,9214.616911999901,9214.616911999901,0.0,0
2026-06-02 14:00:00,9214.616911999901,9214.616911999901,0.0,0
2026-06-02 14:15:00,9214.616911999901,9214.616911999901,0.0,0
2026-06-02 14:30:00,9214.616911999901,9214.616911999901,0.0,0
2026-06-02 14:45:00,9214.616911999901,9214.616911999901,0.0,0
2026-06-02 15:00:00,9214.616911999901,9214.616911999901,0.0,0
2026-06-03 09:30:00,9214.616911999901,9214.616911999901,0.0,0
2026-06-03 09:45:00,9214.616911999901,9214.616911999901,0.0,0
2026-06-03 10:00:00,9214.616911999901,9214.616911999901,0.0,0
2026-06-03 10:15:00,9214.616911999901,9214.616911999901,0.0,0
2026-06-03 10:30:00,9214.616911999901,9214.616911999901,0.0,0
2026-06-03 10:45:00,9214.616911999901,9214.616911999901,0.0,0
2026-06-03 11:00:00,9214.616911999901,9214.616911999901,0.0,0
2026-06-03 11:15:00,9214.616911999901,9214.616911999901,0.0,0
2026-06-03 11:30:00,9214.616911999901,9214.616911999901,0.0,0
2026-06-03 13:00:00,9214.616911999901,9214.616911999901,0.0,0
2026-06-03 13:15:00,9214.616911999901,9214.616911999901,0.0,0
2026-06-03 13:30:00,9214.616911999901,9214.616911999901,0.0,0
2026-06-03 13:45:00,9214.616911999901,9214.616911999901,0.0,0
2026-06-03 14:00:00,9214.616911999901,9214.616911999901,0.0,0
2026-06-03 14:15:00,9214.616911999901,9214.616911999901,0.0,0
2026-06-03 14:30:00,9214.616911999901,9214.616911999901,0.0,0
2026-06-03 14:45:00,9214.616911999901,9214.616911999901,0.0,0
2026-06-03 15:00:00,9214.616911999901,9214.616911999901,0.0,0
2026-06-04 09:30:00,9214.616911999901,9214.616911999901,0.0,0
2026-06-04 09:45:00,9214.616911999901,9214.616911999901,0.0,0
2026-06-04 10:00:00,9214.616911999901,9214.616911999901,0.0,0
2026-06-04 10:15:00,9214.616911999901,9214.616911999901,0.0,0
2026-06-04 10:30:00,9214.616911999901,9214.616911999901,0.0,0
2026-06-04 10:45:00,9214.616911999901,9214.616911999901,0.0,0
2026-06-04 11:00:00,9214.616911999901,9214.616911999901,0.0,0
2026-06-04 11:15:00,9214.616911999901,9214.616911999901,0.0,0
2026-06-04 11:30:00,9214.616911999901,9214.616911999901,0.0,0
2026-06-04 13:00:00,9214.616911999901,9214.616911999901,0.0,0
2026-06-04 13:15:00,9214.616911999901,9214.616911999901,0.0,0
2026-06-04 13:30:00,9214.616911999901,9214.616911999901,0.0,0
2026-06-04 13:45:00,9214.616911999901,9214.616911999901,0.0,0
2026-06-04 14:00:00,9214.616911999901,9214.616911999901,0.0,0
2026-06-04 14:15:00,9214.616911999901,9214.616911999901,0.0,0
2026-06-04 14:30:00,9214.616911999901,9214.616911999901,0.0,0
2026-06-04 14:45:00,9214.616911999901,9214.616911999901,0.0,0
2026-06-04 15:00:00,9214.616911999901,9214.616911999901,0.0,0
2026-06-05 09:30:00,9214.616911999901,9214.616911999901,0.0,0
2026-06-05 09:45:00,9214.616911999901,9214.616911999901,0.0,0
2026-06-05 10:00:00,9214.616911999901,9214.616911999901,0.0,0
2026-06-05 10:15:00,9214.616911999901,9214.616911999901,0.0,0
2026-06-05 10:30:00,9214.616911999901,9214.616911999901,0.0,0
2026-06-05 10:45:00,9214.616911999901,9214.616911999901,0.0,0
2026-06-05 11:00:00,9214.616911999901,9214.616911999901,0.0,0
2026-06-05 11:15:00,9214.616911999901,9214.616911999901,0.0,0
2026-06-05 11:30:00,9214.616911999901,9214.616911999901,0.0,0
2026-06-05 13:00:00,9214.616911999901,9214.616911999901,0.0,0
2026-06-05 13:15:00,9214.616911999901,9214.616911999901,0.0,0
2026-06-05 13:30:00,9214.616911999901,9214.616911999901,0.0,0
2026-06-05 13:45:00,9214.616911999901,9214.616911999901,0.0,0
2026-06-05 14:00:00,9214.616911999901,9214.616911999901,0.0,0
2026-06-05 14:15:00,9214.616911999901,9214.616911999901,0.0,0
2026-06-05 14:30:00,9214.616911999901,9214.616911999901,0.0,0
2026-06-05 14:45:00,9214.616911999901,9214.616911999901,0.0,0
2026-06-05 15:00:00,9214.616911999901,9214.616911999901,0.0,0
2026-06-08 09:30:00,9214.616911999901,9214.616911999901,0.0,0
2026-06-08 09:45:00,9214.616911999901,9214.616911999901,0.0,0
2026-06-08 10:00:00,9214.616911999901,9214.616911999901,0.0,0
2026-06-08 10:15:00,9214.616911999901,9214.616911999901,0.0,0
2026-06-08 10:30:00,9214.616911999901,9214.616911999901,0.0,0
2026-06-08 10:45:00,9214.616911999901,9214.616911999901,0.0,0
2026-06-08 11:00:00,9214.616911999901,9214.616911999901,0.0,0
2026-06-08 11:15:00,9214.616911999901,9214.616911999901,0.0,0
2026-06-08 11:30:00,9214.616911999901,9214.616911999901,0.0,0
2026-06-08 13:00:00,9214.616911999901,9214.616911999901,0.0,0
2026-06-08 13:15:00,9214.616911999901,9214.616911999901,0.0,0
2026-06-08 13:30:00,9214.616911999901,9214.616911999901,0.0,0
2026-06-08 13:45:00,9214.616911999901,9214.616911999901,0.0,0
2026-06-08 14:00:00,9214.616911999901,9214.616911999901,0.0,0
2026-06-08 14:15:00,9214.616911999901,9214.616911999901,0.0,0
2026-06-08 14:30:00,9214.616911999901,9214.616911999901,0.0,0
2026-06-08 14:45:00,9214.616911999901,9214.616911999901,0.0,0
2026-06-08 15:00:00,9214.616911999901,9214.616911999901,0.0,0
2026-06-09 09:30:00,9214.616911999901,9214.616911999901,0.0,0
2026-06-09 09:45:00,9214.616911999901,9214.616911999901,0.0,0
2026-06-09 10:00:00,9214.616911999901,9214.616911999901,0.0,0
2026-06-09 10:15:00,9214.616911999901,9214.616911999901,0.0,0
2026-06-09 10:30:00,9214.616911999901,9214.616911999901,0.0,0
2026-06-09 10:45:00,9214.616911999901,9214.616911999901,0.0,0
2026-06-09 11:00:00,9214.616911999901,9214.616911999901,0.0,0
2026-06-09 11:15:00,9214.616911999901,9214.616911999901,0.0,0
2026-06-09 11:30:00,9214.616911999901,9214.616911999901,0.0,0
2026-06-09 13:00:00,9214.616911999901,9214.616911999901,0.0,0
2026-06-09 13:15:00,9214.616911999901,9214.616911999901,0.0,0
2026-06-09 13:30:00,9214.616911999901,9214.616911999901,0.0,0
2026-06-09 13:45:00,9214.616911999901,9214.616911999901,0.0,0
2026-06-09 14:00:00,9214.616911999901,9214.616911999901,0.0,0
2026-06-09 14:15:00,9214.616911999901,9214.616911999901,0.0,0
2026-06-09 14:30:00,9214.616911999901,9214.616911999901,0.0,0
2026-06-09 14:45:00,9214.616911999901,9214.616911999901,0.0,0
2026-06-09 15:00:00,9214.616911999901,9214.616911999901,0.0,0
2026-06-10 09:30:00,9214.616911999901,9214.616911999901,0.0,0
2026-06-10 09:45:00,9214.616911999901,9214.616911999901,0.0,0
2026-06-10 10:00:00,9214.616911999901,9214.616911999901,0.0,0
2026-06-10 10:15:00,9214.616911999901,9214.616911999901,0.0,0
2026-06-10 10:30:00,9214.616911999901,9214.616911999901,0.0,0
2026-06-10 10:45:00,9214.616911999901,9214.616911999901,0.0,0
2026-06-10 11:00:00,9214.616911999901,9214.616911999901,0.0,0
2026-06-10 11:15:00,9214.616911999901,9214.616911999901,0.0,0
2026-06-10 11:30:00,9214.616911999901,9214.616911999901,0.0,0
2026-06-10 13:00:00,9214.616911999901,9214.616911999901,0.0,0
2026-06-10 13:15:00,9214.616911999901,9214.616911999901,0.0,0
2026-06-10 13:30:00,9214.616911999901,9214.616911999901,0.0,0
2026-06-10 13:45:00,9214.616911999901,9214.616911999901,0.0,0
2026-06-10 14:00:00,9214.616911999901,9214.616911999901,0.0,0
2026-06-10 14:15:00,9214.616911999901,9214.616911999901,0.0,0
2026-06-10 14:30:00,9214.616911999901,9214.616911999901,0.0,0
2026-06-10 14:45:00,9214.616911999901,9214.616911999901,0.0,0
2026-06-10 15:00:00,9214.616911999901,9214.616911999901,0.0,0
2026-06-11 09:30:00,9214.616911999901,9214.616911999901,0.0,0
2026-06-11 09:45:00,9214.616911999901,9214.616911999901,0.0,0
2026-06-11 10:00:00,9214.616911999901,9214.616911999901,0.0,0
2026-06-11 10:15:00,9214.616911999901,9214.616911999901,0.0,0
2026-06-11 10:30:00,9214.616911999901,9214.616911999901,0.0,0
2026-06-11 10:45:00,9214.616911999901,9214.616911999901,0.0,0
2026-06-11 11:00:00,9214.616911999901,9214.616911999901,0.0,0
2026-06-11 11:15:00,9214.616911999901,9214.616911999901,0.0,0
2026-06-11 11:30:00,9214.616911999901,9214.616911999901,0.0,0
2026-06-11 13:00:00,9214.616911999901,9214.616911999901,0.0,0
2026-06-11 13:15:00,9214.616911999901,9214.616911999901,0.0,0
2026-06-11 13:30:00,9214.616911999901,9214.616911999901,0.0,0
2026-06-11 13:45:00,9214.616911999901,9214.616911999901,0.0,0
2026-06-11 14:00:00,9214.616911999901,9214.616911999901,0.0,0
2026-06-11 14:15:00,9214.616911999901,9214.616911999901,0.0,0
2026-06-11 14:30:00,9214.616911999901,9214.616911999901,0.0,0
2026-06-11 14:45:00,9214.616911999901,9214.616911999901,0.0,0
2026-06-11 15:00:00,9214.616911999901,9214.616911999901,0.0,0
2026-06-12 09:30:00,9214.616911999901,9214.616911999901,0.0,0
2026-06-12 09:45:00,9214.616911999901,9214.616911999901,0.0,0
2026-06-12 10:00:00,9214.616911999901,9214.616911999901,0.0,0
2026-06-12 10:15:00,9214.616911999901,9214.616911999901,0.0,0
2026-06-12 10:30:00,9214.616911999901,9214.616911999901,0.0,0
2026-06-12 10:45:00,9214.616911999901,9214.616911999901,0.0,0
2026-06-12 11:00:00,9214.616911999901,9214.616911999901,0.0,0
2026-06-12 11:15:00,9214.616911999901,9214.616911999901,0.0,0
2026-06-12 11:30:00,9214.616911999901,9214.616911999901,0.0,0
2026-06-12 13:00:00,9214.616911999901,9214.616911999901,0.0,0
2026-06-12 13:15:00,9214.616911999901,9214.616911999901,0.0,0
2026-06-12 13:30:00,9214.616911999901,9214.616911999901,0.0,0
2026-06-12 13:45:00,9214.616911999901,9214.616911999901,0.0,0
2026-06-12 14:00:00,9214.616911999901,9214.616911999901,0.0,0
2026-06-12 14:15:00,9214.616911999901,9214.616911999901,0.0,0
2026-06-12 14:30:00,9214.616911999901,9214.616911999901,0.0,0
2026-06-12 14:45:00,9214.616911999901,9214.616911999901,0.0,0
2026-06-12 15:00:00,9214.616911999901,9214.616911999901,0.0,0
2026-06-15 09:30:00,9214.616911999901,9214.616911999901,0.0,0
2026-06-15 09:45:00,9214.616911999901,9214.616911999901,0.0,0
2026-06-15 10:00:00,9214.616911999901,9214.616911999901,0.0,0
2026-06-15 10:15:00,9214.616911999901,9214.616911999901,0.0,0
2026-06-15 10:30:00,9214.616911999901,9214.616911999901,0.0,0
2026-06-15 10:45:00,9214.616911999901,9214.616911999901,0.0,0
2026-06-15 11:00:00,9214.616911999901,9214.616911999901,0.0,0
2026-06-15 11:15:00,9214.616911999901,9214.616911999901,0.0,0
2026-06-15 11:30:00,9214.616911999901,9214.616911999901,0.0,0
2026-06-15 13:00:00,9214.616911999901,9214.616911999901,0.0,0
2026-06-15 13:15:00,9214.616911999901,9214.616911999901,0.0,0
2026-06-15 13:30:00,9214.616911999901,9214.616911999901,0.0,0
2026-06-15 13:45:00,9214.616911999901,9214.616911999901,0.0,0
2026-06-15 14:00:00,9214.616911999901,9214.616911999901,0.0,0
2026-06-15 14:15:00,9214.616911999901,9214.616911999901,0.0,0
2026-06-15 14:30:00,9214.616911999901,9214.616911999901,0.0,0
2026-06-15 14:45:00,9214.616911999901,9214.616911999901,0.0,0
2026-06-15 15:00:00,9214.616911999901,9214.616911999901,0.0,0
2026-06-16 09:30:00,9214.616911999901,9214.616911999901,0.0,0
2026-06-16 09:45:00,9214.616911999901,9214.616911999901,0.0,0
2026-06-16 10:00:00,9214.616911999901,9214.616911999901,0.0,0
2026-06-16 10:15:00,9214.616911999901,9214.616911999901,0.0,0
2026-06-16 10:30:00,9214.616911999901,9214.616911999901,0.0,0
2026-06-16 10:45:00,9214.616911999901,9214.616911999901,0.0,0
2026-06-16 11:00:00,9214.616911999901,9214.616911999901,0.0,0
2026-06-16 11:15:00,9214.616911999901,9214.616911999901,0.0,0
2026-06-16 11:30:00,9214.616911999901,9214.616911999901,0.0,0
2026-06-16 13:00:00,9214.616911999901,9214.616911999901,0.0,0
2026-06-16 13:15:00,9214.616911999901,9214.616911999901,0.0,0
2026-06-16 13:30:00,9214.616911999901,9214.616911999901,0.0,0
2026-06-16 13:45:00,9214.616911999901,9214.616911999901,0.0,0
2026-06-16 14:00:00,9214.616911999901,9214.616911999901,0.0,0
2026-06-16 14:15:00,9214.616911999901,9214.616911999901,0.0,0
2026-06-16 14:30:00,9214.616911999901,9214.616911999901,0.0,0
2026-06-16 14:45:00,9214.616911999901,9214.616911999901,0.0,0
2026-06-16 15:00:00,9214.616911999901,9214.616911999901,0.0,0
2026-06-17 09:30:00,9214.616911999901,9214.616911999901,0.0,0
2026-06-17 09:45:00,9214.616911999901,9214.616911999901,0.0,0
2026-06-17 10:00:00,9214.616911999901,9214.616911999901,0.0,0
2026-06-17 10:15:00,9214.616911999901,9214.616911999901,0.0,0
2026-06-17 10:30:00,9214.616911999901,9214.616911999901,0.0,0
2026-06-17 10:45:00,9214.616911999901,9214.616911999901,0.0,0
2026-06-17 11:00:00,9214.616911999901,9214.616911999901,0.0,0
2026-06-17 11:15:00,9214.616911999901,9214.616911999901,0.0,0
2026-06-17 11:30:00,9214.616911999901,9214.616911999901,0.0,0
2026-06-17 13:00:00,9214.616911999901,9214.616911999901,0.0,0
2026-06-17 13:15:00,9214.616911999901,9214.616911999901,0.0,0
2026-06-17 13:30:00,9214.616911999901,9214.616911999901,0.0,0
2026-06-17 13:45:00,9214.616911999901,9214.616911999901,0.0,0
2026-06-17 14:00:00,9214.616911999901,9214.616911999901,0.0,0
2026-06-17 14:15:00,9214.616911999901,9214.616911999901,0.0,0
2026-06-17 14:30:00,9214.616911999901,9214.616911999901,0.0,0
2026-06-17 14:45:00,9214.616911999901,9214.616911999901,0.0,0
2026-06-17 15:00:00,9214.616911999901,9214.616911999901,0.0,0
2026-06-18 09:30:00,9214.616911999901,9214.616911999901,0.0,0
2026-06-18 09:45:00,9214.616911999901,9214.616911999901,0.0,0
2026-06-18 10:00:00,9214.616911999901,9214.616911999901,0.0,0
2026-06-18 10:15:00,9214.616911999901,9214.616911999901,0.0,0
2026-06-18 10:30:00,9214.616911999901,9214.616911999901,0.0,0
2026-06-18 10:45:00,9214.616911999901,9214.616911999901,0.0,0
2026-06-18 11:00:00,9214.616911999901,9214.616911999901,0.0,0
2026-06-18 11:15:00,9214.616911999901,9214.616911999901,0.0,0
2026-06-18 11:30:00,9214.616911999901,9214.616911999901,0.0,0
2026-06-18 13:00:00,9214.616911999901,9214.616911999901,0.0,0
2026-06-18 13:15:00,9214.616911999901,9214.616911999901,0.0,0
2026-06-18 13:30:00,9214.616911999901,9214.616911999901,0.0,0
2026-06-18 13:45:00,9214.616911999901,9214.616911999901,0.0,0
2026-06-18 14:00:00,9214.616911999901,9214.616911999901,0.0,0
2026-06-18 14:15:00,9214.616911999901,9214.616911999901,0.0,0
2026-06-18 14:30:00,9214.616911999901,9214.616911999901,0.0,0
2026-06-18 14:45:00,9214.616911999901,9214.616911999901,0.0,0
2026-06-18 15:00:00,9214.616911999901,9214.616911999901,0.0,0
2026-06-22 09:30:00,9214.616911999901,9214.616911999901,0.0,0
2026-06-22 09:45:00,9214.616911999901,9214.616911999901,0.0,0
2026-06-22 10:00:00,9214.616911999901,9214.616911999901,0.0,0
2026-06-22 10:15:00,9214.616911999901,9214.616911999901,0.0,0
2026-06-22 10:30:00,9214.616911999901,9214.616911999901,0.0,0
2026-06-22 10:45:00,9214.616911999901,9214.616911999901,0.0,0
2026-06-22 11:00:00,9214.616911999901,9214.616911999901,0.0,0
2026-06-22 11:15:00,9214.616911999901,9214.616911999901,0.0,0
2026-06-22 11:30:00,9214.616911999901,9214.616911999901,0.0,0
2026-06-22 13:00:00,9214.616911999901,9214.616911999901,0.0,0
2026-06-22 13:15:00,9214.616911999901,9214.616911999901,0.0,0
2026-06-22 13:30:00,9214.616911999901,9214.616911999901,0.0,0
2026-06-22 13:45:00,9214.616911999901,9214.616911999901,0.0,0
2026-06-22 14:00:00,9214.616911999901,9214.616911999901,0.0,0
2026-06-22 14:15:00,9214.616911999901,9214.616911999901,0.0,0
2026-06-22 14:30:00,9214.616911999901,9214.616911999901,0.0,0
2026-06-22 14:45:00,9214.616911999901,9214.616911999901,0.0,0
2026-06-22 15:00:00,9214.616911999901,9214.616911999901,0.0,0
2026-06-23 09:30:00,9214.616911999901,9214.616911999901,0.0,0
2026-06-23 09:45:00,9214.616911999901,9214.616911999901,0.0,0
2026-06-23 10:00:00,9214.616911999901,9214.616911999901,0.0,0
2026-06-23 10:15:00,9214.616911999901,9214.616911999901,0.0,0
2026-06-23 10:30:00,9214.616911999901,9214.616911999901,0.0,0
2026-06-23 10:45:00,9214.616911999901,9214.616911999901,0.0,0
2026-06-23 11:00:00,9214.616911999901,9214.616911999901,0.0,0
2026-06-23 11:15:00,9214.616911999901,9214.616911999901,0.0,0
2026-06-23 11:30:00,9214.616911999901,9214.616911999901,0.0,0
2026-06-23 13:00:00,9214.616911999901,9214.616911999901,0.0,0
2026-06-23 13:15:00,9214.616911999901,9214.616911999901,0.0,0
2026-06-23 13:30:00,9214.616911999901,9214.616911999901,0.0,0
2026-06-23 13:45:00,9214.616911999901,9214.616911999901,0.0,0
2026-06-23 14:00:00,9214.616911999901,9214.616911999901,0.0,0
2026-06-23 14:15:00,9214.616911999901,9214.616911999901,0.0,0
2026-06-23 14:30:00,9214.616911999901,9214.616911999901,0.0,0
2026-06-23 14:45:00,9214.616911999901,9214.616911999901,0.0,0
2026-06-23 15:00:00,9214.616911999901,9214.616911999901,0.0,0
2026-06-24 09:30:00,9214.616911999901,9214.616911999901,0.0,0
2026-06-24 09:45:00,9214.616911999901,9214.616911999901,0.0,0
2026-06-24 10:00:00,9214.616911999901,9214.616911999901,0.0,0
2026-06-24 10:15:00,9214.616911999901,9214.616911999901,0.0,0
2026-06-24 10:30:00,9214.616911999901,9214.616911999901,0.0,0
2026-06-24 10:45:00,9214.616911999901,9214.616911999901,0.0,0
2026-06-24 11:00:00,9214.616911999901,9214.616911999901,0.0,0
2026-06-24 11:15:00,9214.616911999901,9214.616911999901,0.0,0
2026-06-24 11:30:00,9214.616911999901,9214.616911999901,0.0,0
2026-06-24 13:00:00,9214.616911999901,9214.616911999901,0.0,0
2026-06-24 13:15:00,9214.616911999901,9214.616911999901,0.0,0
2026-06-24 13:30:00,9214.616911999901,9214.616911999901,0.0,0
2026-06-24 13:45:00,9214.616911999901,9214.616911999901,0.0,0
2026-06-24 14:00:00,9214.616911999901,9214.616911999901,0.0,0
2026-06-24 14:15:00,9214.616911999901,9214.616911999901,0.0,0
2026-06-24 14:30:00,9214.616911999901,9214.616911999901,0.0,0
2026-06-24 14:45:00,9214.616911999901,9214.616911999901,0.0,0
2026-06-24 15:00:00,9214.616911999901,9214.616911999901,0.0,0
2026-06-25 09:30:00,9214.616911999901,9214.616911999901,0.0,0
2026-06-25 09:45:00,9214.616911999901,9214.616911999901,0.0,0
2026-06-25 10:00:00,9214.616911999901,9214.616911999901,0.0,0
2026-06-25 10:15:00,9214.616911999901,9214.616911999901,0.0,0
2026-06-25 10:30:00,9214.616911999901,9214.616911999901,0.0,0
2026-06-25 10:45:00,9214.616911999901,9214.616911999901,0.0,0
2026-06-25 11:00:00,9214.616911999901,9214.616911999901,0.0,0
2026-06-25 11:15:00,9214.616911999901,9214.616911999901,0.0,0
2026-06-25 11:30:00,9214.616911999901,9214.616911999901,0.0,0
2026-06-25 13:00:00,9214.616911999901,9214.616911999901,0.0,0
2026-06-25 13:15:00,9214.616911999901,9214.616911999901,0.0,0
2026-06-25 13:30:00,9214.616911999901,9214.616911999901,0.0,0
2026-06-25 13:45:00,9214.616911999901,9214.616911999901,0.0,0
2026-06-25 14:00:00,9214.616911999901,9214.616911999901,0.0,0
2026-06-25 14:15:00,9214.616911999901,9214.616911999901,0.0,0
2026-06-25 14:30:00,9214.616911999901,9214.616911999901,0.0,0
2026-06-25 14:45:00,9214.616911999901,9214.616911999901,0.0,0
2026-06-25 15:00:00,9214.616911999901,9214.616911999901,0.0,0
2026-06-26 09:30:00,9214.616911999901,9214.616911999901,0.0,0
2026-06-26 09:45:00,9214.616911999901,9214.616911999901,0.0,0
2026-06-26 10:00:00,9214.616911999901,9214.616911999901,0.0,0
2026-06-26 10:15:00,9214.616911999901,9214.616911999901,0.0,0
2026-06-26 10:30:00,9214.616911999901,9214.616911999901,0.0,0
2026-06-26 10:45:00,9214.616911999901,9214.616911999901,0.0,0
2026-06-26 11:00:00,9214.616911999901,9214.616911999901,0.0,0
2026-06-26 11:15:00,9214.616911999901,9214.616911999901,0.0,0
2026-06-26 11:30:00,9214.616911999901,9214.616911999901,0.0,0
2026-06-26 13:00:00,9214.616911999901,9214.616911999901,0.0,0
2026-06-26 13:15:00,9214.616911999901,9214.616911999901,0.0,0
2026-06-26 13:30:00,9214.616911999901,9214.616911999901,0.0,0
2026-06-26 13:45:00,9214.616911999901,9214.616911999901,0.0,0
2026-06-26 14:00:00,9214.616911999901,9214.616911999901,0.0,0
2026-06-26 14:15:00,9214.616911999901,9214.616911999901,0.0,0
2026-06-26 14:30:00,9214.616911999901,9214.616911999901,0.0,0
2026-06-26 14:45:00,9214.616911999901,9214.616911999901,0.0,0
2026-06-26 15:00:00,9214.616911999901,9214.616911999901,0.0,0
2026-06-29 09:30:00,9214.616911999901,9214.616911999901,0.0,0
2026-06-29 09:45:00,9214.616911999901,9214.616911999901,0.0,0
2026-06-29 10:00:00,9214.616911999901,9214.616911999901,0.0,0
2026-06-29 10:15:00,9214.616911999901,9214.616911999901,0.0,0
2026-06-29 10:30:00,9214.616911999901,9214.616911999901,0.0,0
2026-06-29 10:45:00,9214.616911999901,9214.616911999901,0.0,0
2026-06-29 11:00:00,9214.616911999901,9214.616911999901,0.0,0
2026-06-29 11:15:00,9214.616911999901,9214.616911999901,0.0,0
2026-06-29 11:30:00,9214.616911999901,9214.616911999901,0.0,0
2026-06-29 13:00:00,9214.616911999901,9214.616911999901,0.0,0
2026-06-29 13:15:00,9214.616911999901,9214.616911999901,0.0,0
2026-06-29 13:30:00,9214.616911999901,9214.616911999901,0.0,0
2026-06-29 13:45:00,9214.616911999901,9214.616911999901,0.0,0
2026-06-29 14:00:00,9214.616911999901,9214.616911999901,0.0,0
2026-06-29 14:15:00,9214.616911999901,9214.616911999901,0.0,0
2026-06-29 14:30:00,9214.616911999901,9214.616911999901,0.0,0
2026-06-29 14:45:00,9214.616911999901,9214.616911999901,0.0,0
2026-06-29 15:00:00,9214.616911999901,9214.616911999901,0.0,0
2026-06-30 09:30:00,9214.616911999901,9214.616911999901,0.0,0
2026-06-30 09:45:00,9214.616911999901,9214.616911999901,0.0,0
2026-06-30 10:00:00,9214.616911999901,9214.616911999901,0.0,0
2026-06-30 10:15:00,9214.616911999901,9214.616911999901,0.0,0
2026-06-30 10:30:00,9214.616911999901,9214.616911999901,0.0,0
2026-06-30 10:45:00,9214.616911999901,9214.616911999901,0.0,0
2026-06-30 11:00:00,9214.616911999901,9214.616911999901,0.0,0
2026-06-30 11:15:00,9214.616911999901,9214.616911999901,0.0,0
2026-06-30 11:30:00,9214.616911999901,9214.616911999901,0.0,0
2026-06-30 13:00:00,9214.616911999901,9214.616911999901,0.0,0
2026-06-30 13:15:00,9214.616911999901,9214.616911999901,0.0,0
2026-06-30 13:30:00,9214.616911999901,9214.616911999901,0.0,0
2026-06-30 13:45:00,9214.616911999901,9214.616911999901,0.0,0
2026-06-30 14:00:00,9214.616911999901,9214.616911999901,0.0,0
2026-06-30 14:15:00,9214.616911999901,9214.616911999901,0.0,0
2026-06-30 14:30:00,9214.616911999901,9214.616911999901,0.0,0
2026-06-30 14:45:00,9214.616911999901,9214.616911999901,0.0,0
2026-06-30 15:00:00,9214.616911999901,9214.616911999901,0.0,0
2026-07-01 09:30:00,9214.616911999901,9214.616911999901,0.0,0
2026-07-01 09:45:00,9214.616911999901,9214.616911999901,0.0,0
2026-07-01 10:00:00,9214.616911999901,9214.616911999901,0.0,0
2026-07-01 10:15:00,9214.616911999901,9214.616911999901,0.0,0
2026-07-01 10:30:00,9214.616911999901,9214.616911999901,0.0,0
2026-07-01 10:45:00,9214.616911999901,9214.616911999901,0.0,0
2026-07-01 11:00:00,9214.616911999901,9214.616911999901,0.0,0
2026-07-01 11:15:00,9214.616911999901,9214.616911999901,0.0,0
2026-07-01 11:30:00,9214.616911999901,9214.616911999901,0.0,0
2026-07-01 13:00:00,9214.616911999901,9214.616911999901,0.0,0
2026-07-01 13:15:00,9214.616911999901,9214.616911999901,0.0,0
2026-07-01 13:30:00,9214.616911999901,9214.616911999901,0.0,0
2026-07-01 13:45:00,9214.616911999901,9214.616911999901,0.0,0
2026-07-01 14:00:00,9214.616911999901,9214.616911999901,0.0,0
2026-07-01 14:15:00,9214.616911999901,9214.616911999901,0.0,0
2026-07-01 14:30:00,9214.616911999901,9214.616911999901,0.0,0
2026-07-01 14:45:00,9214.616911999901,9214.616911999901,0.0,0
2026-07-01 15:00:00,9214.616911999901,9214.616911999901,0.0,0
2026-07-02 09:30:00,9214.616911999901,9214.616911999901,0.0,0
2026-07-02 09:45:00,9214.616911999901,9214.616911999901,0.0,0
2026-07-02 10:00:00,9214.616911999901,9214.616911999901,0.0,0
2026-07-02 10:15:00,9214.616911999901,9214.616911999901,0.0,0
2026-07-02 10:30:00,9214.616911999901,9214.616911999901,0.0,0
2026-07-02 10:45:00,9214.616911999901,9214.616911999901,0.0,0
2026-07-02 11:00:00,9214.616911999901,9214.616911999901,0.0,0
2026-07-02 11:15:00,9214.616911999901,9214.616911999901,0.0,0
2026-07-02 11:30:00,9214.616911999901,9214.616911999901,0.0,0
2026-07-02 13:00:00,9214.616911999901,9214.616911999901,0.0,0
2026-07-02 13:15:00,9214.616911999901,9214.616911999901,0.0,0
2026-07-02 13:30:00,9214.616911999901,9214.616911999901,0.0,0
2026-07-02 13:45:00,9214.616911999901,9214.616911999901,0.0,0
2026-07-02 14:00:00,9214.616911999901,9214.616911999901,0.0,0
2026-07-02 14:15:00,9214.616911999901,9214.616911999901,0.0,0
2026-07-02 14:30:00,9214.616911999901,9214.616911999901,0.0,0
2026-07-02 14:45:00,9214.616911999901,9214.616911999901,0.0,0
2026-07-02 15:00:00,9214.616911999901,9214.616911999901,0.0,0
2026-07-03 09:30:00,9214.616911999901,9214.616911999901,0.0,0
2026-07-03 09:45:00,9214.616911999901,9214.616911999901,0.0,0
2026-07-03 10:00:00,9214.616911999901,9214.616911999901,0.0,0
2026-07-03 10:15:00,9214.616911999901,9214.616911999901,0.0,0
2026-07-03 10:30:00,9214.616911999901,9214.616911999901,0.0,0
2026-07-03 10:45:00,9214.616911999901,9214.616911999901,0.0,0
2026-07-03 11:00:00,9214.616911999901,9214.616911999901,0.0,0
2026-07-03 11:15:00,9214.616911999901,9214.616911999901,0.0,0
2026-07-03 11:30:00,9214.616911999901,9214.616911999901,0.0,0
2026-07-03 13:00:00,9214.616911999901,9214.616911999901,0.0,0
2026-07-03 13:15:00,9214.616911999901,9214.616911999901,0.0,0
2026-07-03 13:30:00,9214.616911999901,9214.616911999901,0.0,0
2026-07-03 13:45:00,9214.616911999901,9214.616911999901,0.0,0
2026-07-03 14:00:00,9214.616911999901,9214.616911999901,0.0,0
2026-07-03 14:15:00,9214.616911999901,9214.616911999901,0.0,0
2026-07-03 14:30:00,9214.616911999901,9214.616911999901,0.0,0
2026-07-03 14:45:00,9214.616911999901,9214.616911999901,0.0,0
2026-07-03 15:00:00,9214.616911999901,9214.616911999901,0.0,0
2026-07-06 09:30:00,9214.616911999901,9214.616911999901,0.0,0
2026-07-06 09:45:00,9214.616911999901,9214.616911999901,0.0,0
2026-07-06 10:00:00,9214.616911999901,9214.616911999901,0.0,0
2026-07-06 10:15:00,9214.616911999901,9214.616911999901,0.0,0
2026-07-06 10:30:00,9214.616911999901,9214.616911999901,0.0,0
2026-07-06 10:45:00,9214.616911999901,9214.616911999901,0.0,0
2026-07-06 11:00:00,9214.616911999901,9214.616911999901,0.0,0
2026-07-06 11:15:00,9214.616911999901,9214.616911999901,0.0,0
2026-07-06 11:30:00,9214.616911999901,9214.616911999901,0.0,0
2026-07-06 13:00:00,9214.616911999901,9214.616911999901,0.0,0
2026-07-06 13:15:00,9214.616911999901,9214.616911999901,0.0,0
2026-07-06 13:30:00,9214.616911999901,9214.616911999901,0.0,0
2026-07-06 13:45:00,9214.616911999901,9214.616911999901,0.0,0
2026-07-06 14:00:00,9214.616911999901,9214.616911999901,0.0,0
2026-07-06 14:15:00,9214.616911999901,9214.616911999901,0.0,0
2026-07-06 14:30:00,9214.616911999901,9214.616911999901,0.0,0
2026-07-06 14:45:00,9214.616911999901,9214.616911999901,0.0,0
2026-07-06 15:00:00,9214.616911999901,9214.616911999901,0.0,0
2026-07-07 09:30:00,9214.616911999901,9214.616911999901,0.0,0
2026-07-07 09:45:00,9214.616911999901,9214.616911999901,0.0,0
2026-07-07 10:00:00,9214.616911999901,9214.616911999901,0.0,0
2026-07-07 10:15:00,9214.616911999901,9214.616911999901,0.0,0
2026-07-07 10:30:00,9214.616911999901,9214.616911999901,0.0,0
2026-07-07 10:45:00,9214.616911999901,9214.616911999901,0.0,0
2026-07-07 11:00:00,9214.616911999901,9214.616911999901,0.0,0
2026-07-07 11:15:00,9214.616911999901,9214.616911999901,0.0,0
2026-07-07 11:30:00,9214.616911999901,9214.616911999901,0.0,0
2026-07-07 13:00:00,9214.616911999901,9214.616911999901,0.0,0
2026-07-07 13:15:00,9214.616911999901,9214.616911999901,0.0,0
2026-07-07 13:30:00,9214.616911999901,9214.616911999901,0.0,0
2026-07-07 13:45:00,9214.616911999901,9214.616911999901,0.0,0
2026-07-07 14:00:00,9214.616911999901,9214.616911999901,0.0,0
2026-07-07 14:15:00,9214.616911999901,9214.616911999901,0.0,0
2026-07-07 14:30:00,9214.616911999901,9214.616911999901,0.0,0
2026-07-07 14:45:00,9214.616911999901,9214.616911999901,0.0,0
2026-07-07 15:00:00,9214.616911999901,9214.616911999901,0.0,0
2026-07-08 09:30:00,9214.616911999901,9214.616911999901,0.0,0
2026-07-08 09:45:00,9214.616911999901,9214.616911999901,0.0,0
2026-07-08 10:00:00,9214.616911999901,9214.616911999901,0.0,0
2026-07-08 10:15:00,9214.616911999901,9214.616911999901,0.0,0
2026-07-08 10:30:00,9214.616911999901,9214.616911999901,0.0,0
2026-07-08 10:45:00,9214.616911999901,9214.616911999901,0.0,0
2026-07-08 11:00:00,9214.616911999901,9214.616911999901,0.0,0
2026-07-08 11:15:00,9214.616911999901,9214.616911999901,0.0,0
2026-07-08 11:30:00,9214.616911999901,9214.616911999901,0.0,0
2026-07-08 13:00:00,9214.616911999901,9214.616911999901,0.0,0
2026-07-08 13:15:00,9214.616911999901,9214.616911999901,0.0,0
2026-07-08 13:30:00,9214.616911999901,9214.616911999901,0.0,0
2026-07-08 13:45:00,9214.616911999901,9214.616911999901,0.0,0
2026-07-08 14:00:00,9214.616911999901,9214.616911999901,0.0,0
2026-07-08 14:15:00,9214.616911999901,9214.616911999901,0.0,0
2026-07-08 14:30:00,9214.616911999901,9214.616911999901,0.0,0
2026-07-08 14:45:00,9214.616911999901,9214.616911999901,0.0,0
2026-07-08 15:00:00,9214.616911999901,9214.616911999901,0.0,0
2026-07-09 09:30:00,9214.616911999901,9214.616911999901,0.0,0
2026-07-09 09:45:00,9214.616911999901,9214.616911999901,0.0,0
2026-07-09 10:00:00,9214.616911999901,9214.616911999901,0.0,0
2026-07-09 10:15:00,9214.616911999901,9214.616911999901,0.0,0
2026-07-09 10:30:00,9214.616911999901,9214.616911999901,0.0,0
2026-07-09 10:45:00,9214.616911999901,9214.616911999901,0.0,0
2026-07-09 11:00:00,9214.616911999901,9214.616911999901,0.0,0
2026-07-09 11:15:00,9214.616911999901,9214.616911999901,0.0,0
2026-07-09 11:30:00,9214.616911999901,9214.616911999901,0.0,0
2026-07-09 13:00:00,9214.616911999901,9214.616911999901,0.0,0
2026-07-09 13:15:00,9214.616911999901,9214.616911999901,0.0,0
2026-07-09 13:30:00,9214.616911999901,9214.616911999901,0.0,0
2026-07-09 13:45:00,9214.616911999901,9214.616911999901,0.0,0
2026-07-09 14:00:00,9214.616911999901,9214.616911999901,0.0,0
2026-07-09 14:15:00,9214.616911999901,9214.616911999901,0.0,0
2026-07-09 14:30:00,9214.616911999901,9214.616911999901,0.0,0
2026-07-09 14:45:00,9214.616911999901,9214.616911999901,0.0,0
2026-07-09 15:00:00,9214.616911999901,9214.616911999901,0.0,0
2026-07-10 09:30:00,9214.616911999901,9214.616911999901,0.0,0
2026-07-10 09:45:00,9214.616911999901,9214.616911999901,0.0,0
2026-07-10 10:00:00,9214.616911999901,9214.616911999901,0.0,0
2026-07-10 10:15:00,9214.616911999901,9214.616911999901,0.0,0
2026-07-10 10:30:00,9214.616911999901,9214.616911999901,0.0,0
2026-07-10 10:45:00,9214.616911999901,9214.616911999901,0.0,0
2026-07-10 11:00:00,9214.616911999901,9214.616911999901,0.0,0
2026-07-10 11:15:00,9214.616911999901,9214.616911999901,0.0,0
2026-07-10 11:30:00,9214.616911999901,9214.616911999901,0.0,0
2026-07-10 13:00:00,9214.616911999901,9214.616911999901,0.0,0
2026-07-10 13:15:00,9214.616911999901,9214.616911999901,0.0,0
2026-07-10 13:30:00,9214.616911999901,9214.616911999901,0.0,0
2026-07-10 13:45:00,9214.616911999901,9214.616911999901,0.0,0
2026-07-10 14:00:00,9214.616911999901,9214.616911999901,0.0,0
2026-07-10 14:15:00,9214.616911999901,9214.616911999901,0.0,0
2026-07-10 14:30:00,9214.616911999901,9214.616911999901,0.0,0
2026-07-10 14:45:00,9214.616911999901,9214.616911999901,0.0,0
2026-07-10 15:00:00,9214.616911999901,9214.616911999901,0.0,0
2026-07-13 09:30:00,9214.616911999901,9214.616911999901,0.0,0
2026-07-13 09:45:00,9214.616911999901,9214.616911999901,0.0,0
2026-07-13 10:00:00,9214.616911999901,9214.616911999901,0.0,0
2026-07-13 10:15:00,9214.616911999901,9214.616911999901,0.0,0
2026-07-13 10:30:00,9214.616911999901,9214.616911999901,0.0,0
2026-07-13 10:45:00,9214.616911999901,9214.616911999901,0.0,0
2026-07-13 11:00:00,9214.616911999901,9214.616911999901,0.0,0
2026-07-13 11:15:00,9214.616911999901,9214.616911999901,0.0,0
2026-07-13 11:30:00,9214.616911999901,9214.616911999901,0.0,0
2026-07-13 13:00:00,9214.616911999901,9214.616911999901,0.0,0
2026-07-13 13:15:00,9214.616911999901,9214.616911999901,0.0,0
2026-07-13 13:30:00,9214.616911999901,9214.616911999901,0.0,0
2026-07-13 13:45:00,9214.616911999901,9214.616911999901,0.0,0
2026-07-13 14:00:00,9214.616911999901,9214.616911999901,0.0,0
2026-07-13 14:15:00,9214.616911999901,9214.616911999901,0.0,0
2026-07-13 14:30:00,9214.616911999901,9214.616911999901,0.0,0
2026-07-13 14:45:00,9214.616911999901,9214.616911999901,0.0,0
2026-07-13 15:00:00,9214.616911999901,9214.616911999901,0.0,0
2026-07-14 09:30:00,9214.616911999901,9214.616911999901,0.0,0
2026-07-14 09:45:00,9214.616911999901,9214.616911999901,0.0,0
2026-07-14 10:00:00,9214.616911999901,9214.616911999901,0.0,0
2026-07-14 10:15:00,9214.616911999901,9214.616911999901,0.0,0
2026-07-14 10:30:00,9214.616911999901,9214.616911999901,0.0,0
2026-07-14 10:45:00,9214.616911999901,9214.616911999901,0.0,0
2026-07-14 11:00:00,9214.616911999901,9214.616911999901,0.0,0
2026-07-14 11:15:00,9214.616911999901,9214.616911999901,0.0,0
2026-07-14 11:30:00,9214.616911999901,9214.616911999901,0.0,0
2026-07-14 13:00:00,9214.616911999901,9214.616911999901,0.0,0
2026-07-14 13:15:00,9214.616911999901,9214.616911999901,0.0,0
2026-07-14 13:30:00,9214.616911999901,9214.616911999901,0.0,0
2026-07-14 13:45:00,9214.616911999901,9214.616911999901,0.0,0
2026-07-14 14:00:00,9214.616911999901,9214.616911999901,0.0,0
2026-07-14 14:15:00,9214.616911999901,9214.616911999901,0.0,0
2026-07-14 14:30:00,9214.616911999901,9214.616911999901,0.0,0
2026-07-14 14:45:00,9214.616911999901,9214.616911999901,0.0,0
2026-07-14 15:00:00,9214.616911999901,9214.616911999901,0.0,0
2026-07-15 09:30:00,9214.616911999901,9214.616911999901,0.0,0
2026-07-15 09:45:00,9214.616911999901,9214.616911999901,0.0,0
2026-07-15 10:00:00,9214.616911999901,9214.616911999901,0.0,0
2026-07-15 10:15:00,9214.616911999901,9214.616911999901,0.0,0
2026-07-15 10:30:00,9214.616911999901,9214.616911999901,0.0,0
2026-07-15 10:45:00,9214.616911999901,9214.616911999901,0.0,0
2026-07-15 11:00:00,9214.616911999901,9214.616911999901,0.0,0
2026-07-15 11:15:00,9214.616911999901,9214.616911999901,0.0,0
2026-07-15 11:30:00,9214.616911999901,9214.616911999901,0.0,0
2026-07-15 13:00:00,9214.616911999901,9214.616911999901,0.0,0
2026-07-15 13:15:00,9214.616911999901,9214.616911999901,0.0,0
2026-07-15 13:30:00,9214.616911999901,9214.616911999901,0.0,0
2026-07-15 13:45:00,9214.616911999901,9214.616911999901,0.0,0
2026-07-15 14:00:00,9214.616911999901,9214.616911999901,0.0,0
2026-07-15 14:15:00,9214.616911999901,9214.616911999901,0.0,0
2026-07-15 14:30:00,9214.616911999901,9214.616911999901,0.0,0
2026-07-15 14:45:00,9214.616911999901,9214.616911999901,0.0,0
2026-07-15 15:00:00,9214.616911999901,9214.616911999901,0.0,0
2026-07-16 09:30:00,9214.616911999901,9214.616911999901,0.0,0
2026-07-16 09:45:00,9214.616911999901,9214.616911999901,0.0,0
2026-07-16 10:00:00,9214.616911999901,9214.616911999901,0.0,0
2026-07-16 10:15:00,9214.616911999901,9214.616911999901,0.0,0
2026-07-16 10:30:00,9214.616911999901,9214.616911999901,0.0,0
2026-07-16 10:45:00,9214.616911999901,9214.616911999901,0.0,0
2026-07-16 11:00:00,9214.616911999901,9214.616911999901,0.0,0
2026-07-16 11:15:00,9214.616911999901,9214.616911999901,0.0,0
2026-07-16 11:30:00,9214.616911999901,9214.616911999901,0.0,0
2026-07-16 13:00:00,9214.616911999901,9214.616911999901,0.0,0
2026-07-16 13:15:00,9214.616911999901,9214.616911999901,0.0,0
2026-07-16 13:30:00,9214.616911999901,9214.616911999901,0.0,0
2026-07-16 13:45:00,9214.616911999901,9214.616911999901,0.0,0
2026-07-16 14:00:00,9214.616911999901,9214.616911999901,0.0,0
2026-07-16 14:15:00,9214.616911999901,9214.616911999901,0.0,0
2026-07-16 14:30:00,9214.616911999901,9214.616911999901,0.0,0
2026-07-16 14:45:00,9214.616911999901,9214.616911999901,0.0,0
2026-07-16 15:00:00,9214.616911999901,9214.616911999901,0.0,0
2026-07-17 09:30:00,9214.616911999901,9214.616911999901,0.0,0
2026-07-17 09:45:00,9214.616911999901,9214.616911999901,0.0,0
2026-07-17 10:00:00,9214.616911999901,9214.616911999901,0.0,0
2026-07-17 10:15:00,9214.616911999901,9214.616911999901,0.0,0
2026-07-17 10:30:00,9214.616911999901,9214.616911999901,0.0,0
2026-07-17 10:45:00,9214.616911999901,9214.616911999901,0.0,0
2026-07-17 11:00:00,9214.616911999901,9214.616911999901,0.0,0
2026-07-17 11:15:00,9214.616911999901,9214.616911999901,0.0,0
2026-07-17 11:30:00,9214.616911999901,9214.616911999901,0.0,0
2026-07-17 13:00:00,9214.616911999901,9214.616911999901,0.0,0
2026-07-17 13:15:00,9214.616911999901,9214.616911999901,0.0,0
2026-07-17 13:30:00,9214.616911999901,9214.616911999901,0.0,0
2026-07-17 13:45:00,9214.616911999901,9214.616911999901,0.0,0
2026-07-17 14:00:00,9214.616911999901,9214.616911999901,0.0,0
2026-07-17 14:15:00,9214.616911999901,9214.616911999901,0.0,0
2026-07-17 14:30:00,9214.616911999901,9214.616911999901,0.0,0
2026-07-17 14:45:00,9214.616911999901,9214.616911999901,0.0,0
2026-07-17 15:00:00,9214.616911999901,9214.616911999901,0.0,0
2026-07-20 09:30:00,9214.616911999901,9214.616911999901,0.0,0
2026-07-20 09:45:00,9214.616911999901,9214.616911999901,0.0,0
2026-07-20 10:00:00,9214.616911999901,9214.616911999901,0.0,0
2026-07-20 10:15:00,9214.616911999901,9214.616911999901,0.0,0
2026-07-20 10:30:00,9214.616911999901,9214.616911999901,0.0,0
2026-07-20 10:45:00,9214.616911999901,9214.616911999901,0.0,0
2026-07-20 11:00:00,9214.616911999901,9214.616911999901,0.0,0
2026-07-20 11:15:00,9214.616911999901,9214.616911999901,0.0,0
2026-07-20 11:30:00,9214.616911999901,9214.616911999901,0.0,0
2026-07-20 13:00:00,9214.616911999901,9214.616911999901,0.0,0
2026-07-20 13:15:00,9214.616911999901,9214.616911999901,0.0,0
2026-07-20 13:30:00,9214.616911999901,9214.616911999901,0.0,0
2026-07-20 13:45:00,9214.616911999901,9214.616911999901,0.0,0
2026-07-20 14:00:00,9214.616911999901,9214.616911999901,0.0,0
2026-07-20 14:15:00,9214.616911999901,9214.616911999901,0.0,0
2026-07-20 14:30:00,9214.616911999901,9214.616911999901,0.0,0
2026-07-20 14:45:00,9214.616911999901,9214.616911999901,0.0,0
2026-07-20 15:00:00,9214.616911999901,9214.616911999901,0.0,0
2026-07-21 09:30:00,9214.616911999901,9214.616911999901,0.0,0
2026-07-21 09:45:00,9214.616911999901,9214.616911999901,0.0,0
2026-07-21 10:00:00,9214.616911999901,9214.616911999901,0.0,0
2026-07-21 10:15:00,9214.616911999901,9214.616911999901,0.0,0
2026-07-21 10:30:00,9214.616911999901,9214.616911999901,0.0,0
2026-07-21 10:45:00,9214.616911999901,9214.616911999901,0.0,0
2026-07-21 11:00:00,9214.616911999901,9214.616911999901,0.0,0
2026-07-21 11:15:00,9214.616911999901,9214.616911999901,0.0,0
2026-07-21 11:30:00,9214.616911999901,9214.616911999901,0.0,0
2026-07-21 13:00:00,9214.616911999901,9214.616911999901,0.0,0
2026-07-21 13:15:00,9214.616911999901,9214.616911999901,0.0,0
2026-07-21 13:30:00,9214.616911999901,9214.616911999901,0.0,0
2026-07-21 13:45:00,9214.616911999901,9214.616911999901,0.0,0
2026-07-21 14:00:00,9214.616911999901,9214.616911999901,0.0,0
2026-07-21 14:15:00,9214.616911999901,9214.616911999901,0.0,0
2026-07-21 14:30:00,9214.616911999901,9214.616911999901,0.0,0
2026-07-21 14:45:00,9214.616911999901,9214.616911999901,0.0,0
2026-07-21 15:00:00,9214.616911999901,9214.616911999901,0.0,0
2026-07-22 09:30:00,9214.616911999901,9214.616911999901,0.0,0
2026-07-22 09:45:00,9214.616911999901,9214.616911999901,0.0,0
2026-07-22 10:00:00,9214.616911999901,9214.616911999901,0.0,0
2026-07-22 10:15:00,9214.616911999901,9214.616911999901,0.0,0
2026-07-22 10:30:00,9214.616911999901,9214.616911999901,0.0,0
2026-07-22 10:45:00,9214.616911999901,9214.616911999901,0.0,0
2026-07-22 11:00:00,9214.616911999901,9214.616911999901,0.0,0
2026-07-22 11:15:00,9214.616911999901,9214.616911999901,0.0,0
2026-07-22 11:30:00,9214.616911999901,9214.616911999901,0.0,0
2026-07-22 13:00:00,9214.616911999901,9214.616911999901,0.0,0
2026-07-22 13:15:00,9214.616911999901,9214.616911999901,0.0,0
2026-07-22 13:30:00,9214.616911999901,9214.616911999901,0.0,0
2026-07-22 13:45:00,9214.616911999901,9214.616911999901,0.0,0
2026-07-22 14:00:00,9214.616911999901,9214.616911999901,0.0,0
2026-07-22 14:15:00,9214.616911999901,9214.616911999901,0.0,0
2026-07-22 14:30:00,9214.616911999901,9214.616911999901,0.0,0
2026-07-22 14:45:00,9214.616911999901,9214.616911999901,0.0,0
2026-07-22 15:00:00,9214.616911999901,9214.616911999901,0.0,0
2026-07-23 09:30:00,9214.616911999901,9214.616911999901,0.0,0
2026-07-23 09:45:00,9214.616911999901,9214.616911999901,0.0,0
2026-07-23 10:00:00,9214.616911999901,9214.616911999901,0.0,0
2026-07-23 10:15:00,9214.616911999901,9214.616911999901,0.0,0
2026-07-23 10:30:00,9214.616911999901,9214.616911999901,0.0,0
2026-07-23 10:45:00,9214.616911999901,9214.616911999901,0.0,0
2026-07-23 11:00:00,9214.616911999901,9214.616911999901,0.0,0
2026-07-23 11:15:00,9214.616911999901,9214.616911999901,0.0,0
2026-07-23 11:30:00,9214.616911999901,9214.616911999901,0.0,0
2026-07-23 13:00:00,9214.616911999901,9214.616911999901,0.0,0
2026-07-23 13:15:00,9214.616911999901,9214.616911999901,0.0,0
2026-07-23 13:30:00,9214.616911999901,9214.616911999901,0.0,0
2026-07-23 13:45:00,9214.616911999901,9214.616911999901,0.0,0
2026-07-23 14:00:00,9214.616911999901,9214.616911999901,0.0,0
2026-07-23 14:15:00,9214.616911999901,9214.616911999901,0.0,0
2026-07-23 14:30:00,9214.616911999901,9214.616911999901,0.0,0
2026-07-23 14:45:00,9214.616911999901,9214.616911999901,0.0,0
2026-07-23 15:00:00,9214.616911999901,9214.616911999901,0.0,0
2026-07-24 09:30:00,9214.616911999901,9214.616911999901,0.0,0
2026-07-24 09:45:00,9214.616911999901,9214.616911999901,0.0,0
2026-07-24 10:00:00,9214.616911999901,9214.616911999901,0.0,0
2026-07-24 10:15:00,9214.616911999901,9214.616911999901,0.0,0
2026-07-24 10:30:00,9214.616911999901,9214.616911999901,0.0,0
2026-07-24 10:45:00,9214.616911999901,9214.616911999901,0.0,0
2026-07-24 11:00:00,9214.616911999901,9214.616911999901,0.0,0
2026-07-24 11:15:00,9214.616911999901,9214.616911999901,0.0,0
2026-07-24 11:30:00,9214.616911999901,9214.616911999901,0.0,0
2026-07-24 13:00:00,9214.616911999901,9214.616911999901,0.0,0
2026-07-24 13:15:00,9214.616911999901,9214.616911999901,0.0,0
2026-07-24 13:30:00,9214.616911999901,9214.616911999901,0.0,0
2026-07-24 13:45:00,9214.616911999901,9214.616911999901,0.0,0
2026-07-24 14:00:00,9214.616911999901,9214.616911999901,0.0,0
2026-07-24 14:15:00,9214.616911999901,9214.616911999901,0.0,0
2026-07-24 14:30:00,9214.616911999901,9214.616911999901,0.0,0
2026-07-24 14:45:00,9214.616911999901,9214.616911999901,0.0,0
2026-07-24 15:00:00,9214.616911999901,9214.616911999901,0.0,0
