trade_time,ts_code,side,action,gross_price,net_price,shares,gross_pnl,net_pnl,spread_cost,impact_cost,commission_cost
2025-01-02 13:15:00,111000.SH,BUY,BUY_NEXT_OPEN,115.23,115.3509915,330,0.0,0.0,19.012950000000004,19.012950000000004,1.901295
2025-01-02 13:15:00,111020.SH,BUY,BUY_NEXT_OPEN,128.182,128.31659109999998,60,0.0,0.0,3.8454599999999997,3.8454599999999997,0.384546
2025-01-02 13:15:00,113054.SH,BUY,BUY_NEXT_OPEN,109.997,110.11249685,10,0.0,0.0,0.549985,0.549985,0.054998500000000006
2025-01-02 13:15:00,111012.SH,BUY,BUY_NEXT_OPEN,163.473,163.64464665000003,70,0.0,0.0,5.721555,5.721555,0.5721555
2025-01-02 13:30:00,111000.SH,SELL,REBUILT_RANK_EXIT,115.054,114.93319330000001,10,-1.7600000000000193,-4.177981999999929,19.588220000000003,19.588220000000003,1.958822
2025-01-02 13:30:00,111012.SH,SELL,REBUILT_RANK_EXIT,163.049,162.87779855,50,-21.20000000000033,-38.342405000002145,9.79778,9.79778,0.979778
2025-01-02 13:45:00,113054.SH,SELL,REBUILT_RANK_EXIT,109.351,109.23618144999999,10,-6.460000000000008,-8.763154000000213,1.09674,1.09674,0.10967400000000001
2025-01-02 13:45:00,113527.SH,BUY,BUY_NEXT_OPEN,117.188,117.3110474,40,0.0,0.0,2.34376,2.34376,0.23437600000000003
2025-01-02 13:45:00,113059.SH,BUY,BUY_NEXT_OPEN,109.517,109.63199285,80,0.0,0.0,4.38068,4.38068,0.438068
2025-01-02 13:45:00,110086.SH,BUY,BUY_NEXT_OPEN,101.226,101.33228729999999,60,0.0,0.0,3.03678,3.03678,0.303678
2025-01-02 14:00:00,110086.SH,SELL,REBUILT_RANK_EXIT,100.786,100.6801747,50,-21.999999999999886,-32.60563000000002,5.55643,5.55643,0.555643
2025-01-02 14:00:00,110093.SH,BUY,BUY_NEXT_OPEN,118.2,118.32411,10,0.0,0.0,0.591,0.591,0.0591
2025-01-02 14:15:00,111020.SH,SELL,REBUILT_RANK_EXIT,128.408,128.2731716,60,13.559999999999945,-2.6051699999979974,7.697699999999999,7.697699999999999,0.7697700000000001
2025-01-02 14:15:00,110093.SH,SELL,REBUILT_RANK_EXIT,117.744,117.62036880000001,10,-4.560000000000031,-7.037411999999904,1.17972,1.17972,0.11797200000000001
2025-01-02 14:15:00,113051.SH,BUY,BUY_NEXT_OPEN,118.412,118.53633260000001,20,0.0,0.0,1.18412,1.18412,0.11841200000000002
2025-01-02 14:30:00,113527.SH,SELL,REBUILT_RANK_EXIT,116.869,116.74628754999999,10,-3.190000000000026,-5.647598500000186,2.928105,2.928105,0.29281050000000003
2025-01-02 14:30:00,113039.SH,BUY,BUY_NEXT_OPEN,122.573,122.70170164999998,10,0.0,0.0,0.612865,0.612865,0.0612865
2025-01-02 14:30:00,110095.SH,BUY,BUY_NEXT_OPEN,99.711,99.81569655000001,180,0.0,0.0,8.973989999999999,8.973989999999999,0.8973990000000001
2025-01-02 14:45:00,113059.SH,SELL,REBUILT_RANK_EXIT,109.31,109.19522450000001,30,-6.209999999999809,-13.103050499999881,6.0203299999999995,6.0203299999999995,0.602033
2025-01-02 14:45:00,113051.SH,SELL,REBUILT_TIME_EXIT,118.464,118.33961280000001,10,0.519999999999925,-1.967198000000053,1.77644,1.77644,0.17764400000000002
2025-01-02 14:45:00,113039.SH,SELL,REBUILT_RANK_EXIT,122.22,122.091669,10,-3.5299999999999443,-6.10032649999971,1.223965,1.223965,0.12239649999999999
2025-01-02 14:45:00,110095.SH,SELL,REBUILT_TIME_EXIT,100.125,100.01986875000001,80,33.12000000000012,16.333776000000398,12.97899,12.97899,1.2978990000000001
2025-01-02 14:45:00,110090.SH,BUY,BUY_NEXT_OPEN,121.656,121.78373880000001,60,0.0,0.0,3.6496800000000005,3.6496800000000005,0.364968
2025-01-02 15:00:00,110075.SH,BUY,BUY_NEXT_OPEN,124.94,125.07118700000001,20,0.0,0.0,1.2494,1.2494,0.12494
2025-01-02 15:00:00,110092.SH,BUY,BUY_NEXT_OPEN,81.465,81.55053825000002,40,0.0,0.0,1.6293000000000002,1.6293000000000002,0.16293000000000002
2025-01-02 15:00:00,110086.SH,BUY,BUY_NEXT_OPEN,101.214,101.3202747,10,0.0,0.0,0.50607,0.50607,0.050607000000000006
2025-01-03 09:30:00,110090.SH,SELL,REBUILT_RANK_EXIT,123.0,122.87085,60,80.63999999999965,65.22667199999978,7.33968,7.33968,0.733968
2025-01-03 09:30:00,110075.SH,SELL,REBUILT_TIME_EXIT,125.4,125.26832999999999,20,9.20000000000016,3.942859999999655,2.5034,2.5034,0.25034
2025-01-03 09:30:00,110092.SH,SELL,REBUILT_RANK_EXIT,81.499,81.41342604999998,40,1.3599999999996726,-5.48448800000142,3.2592800000000004,3.2592800000000004,0.325928
2025-01-03 09:30:00,110086.SH,SELL,REBUILT_TIME_EXIT,101.215,101.10872425000001,10,0.010000000000047748,-2.115504499999929,1.012145,1.012145,0.10121450000000001
2025-01-03 09:45:00,111002.SH,BUY,BUY_NEXT_OPEN,116.9,117.02274499999999,30,0.0,0.0,1.7535,1.7535,0.17535
2025-01-03 09:45:00,113059.SH,BUY,BUY_NEXT_OPEN,109.395,109.50986475,30,0.0,0.0,1.640925,1.640925,0.1640925
2025-01-03 09:45:00,111003.SH,BUY,BUY_NEXT_OPEN,124.633,124.76386464999999,10,0.0,0.0,0.623165,0.623165,0.0623165
2025-01-03 09:45:00,111004.SH,BUY,BUY_NEXT_OPEN,105.534,105.64481070000001,10,0.0,0.0,0.52767,0.52767,0.05276700000000001
2025-01-03 10:00:00,113059.SH,SELL,REBUILT_RANK_EXIT,109.109,108.99443555,20,-5.720000000000027,-10.308583999999883,2.7320149999999996,2.7320149999999996,0.2732015
2025-01-03 10:00:00,111000.SH,BUY,BUY_NEXT_OPEN,115.29,115.41105449999999,10,0.0,0.0,0.57645,0.57645,0.057645
2025-01-03 10:15:00,111004.SH,SELL,REBUILT_RANK_EXIT,105.596,105.48512420000002,10,0.6199999999999761,-1.5968649999999798,1.05565,1.05565,0.10556500000000002
2025-01-03 10:30:00,111003.SH,SELL,REBUILT_RANK_EXIT,125.169,125.03757255,10,5.360000000000014,2.7370790000002216,1.24901,1.24901,0.124901
2025-01-03 10:30:00,113056.SH,BUY,BUY_NEXT_OPEN,117.626,117.7495073,60,0.0,0.0,3.5287800000000002,3.5287800000000002,0.352878
2025-01-03 10:30:00,111015.SH,BUY,BUY_NEXT_OPEN,113.109,113.22776445000001,50,0.0,0.0,2.827725,2.827725,0.28277250000000004
2025-01-03 10:45:00,111000.SH,SELL,REBUILT_RANK_EXIT,115.39,115.26884050000001,10,0.9999999999999432,-1.4221399999998994,1.1534,1.1534,0.11534
2025-01-03 10:45:00,113056.SH,SELL,REBUILT_RANK_EXIT,117.301,117.17783395000001,60,-19.50000000000017,-34.30040099999951,7.04781,7.04781,0.7047810000000001
2025-01-03 10:45:00,111020.SH,BUY,BUY_NEXT_OPEN,128.515,128.64994074999998,20,0.0,0.0,1.2851499999999998,1.2851499999999998,0.128515
2025-01-03 11:00:00,111002.SH,SELL,REBUILT_RANK_EXIT,117.454,117.33067329999999,10,5.539999999999878,3.079283000000032,2.34077,2.34077,0.234077
2025-01-03 11:00:00,111020.SH,SELL,REBUILT_RANK_EXIT,128.194,128.05939629999997,20,-6.419999999999959,-11.810889000000316,2.56709,2.56709,0.25670899999999996
2025-01-03 11:00:00,113048.SH,BUY,BUY_NEXT_OPEN,105.983,106.09428215000001,10,0.0,0.0,0.529915,0.529915,0.05299150000000001
2025-01-03 11:00:00,111017.SH,BUY,BUY_NEXT_OPEN,143.255,143.40541775,10,0.0,0.0,0.716275,0.716275,0.0716275
2025-01-03 11:15:00,111015.SH,SELL,REBUILT_RANK_EXIT,113.079,112.96026705,10,-0.30000000000001137,-2.6749740000002475,3.39312,3.39312,0.33931200000000006
2025-01-03 11:15:00,113048.SH,SELL,REBUILT_RANK_EXIT,105.92,105.808784,10,-0.6300000000000239,-2.8549814999998944,1.059515,1.059515,0.10595150000000002
2025-01-03 11:15:00,113051.SH,BUY,BUY_NEXT_OPEN,118.033,118.15693465,10,0.0,0.0,0.590165,0.590165,0.059016500000000006
2025-01-03 11:15:00,111020.SH,BUY,BUY_NEXT_OPEN,128.336,128.4707528,10,0.0,0.0,0.64168,0.64168,0.06416800000000002
2025-01-03 11:30:00,111017.SH,SELL,REBUILT_RANK_EXIT,143.45,143.29937750000002,10,1.9499999999999318,-1.0604024999997819,1.433525,1.433525,0.1433525
2025-01-03 13:00:00,111020.SH,SELL,REBUILT_RANK_EXIT,127.96,127.82564199999999,10,-3.76000000000019,-6.451108000000204,1.28148,1.28148,0.128148
2025-01-03 13:00:00,111018.SH,BUY,BUY_NEXT_OPEN,114.004,114.1237042,10,0.0,0.0,0.5700200000000001,0.5700200000000001,0.05700200000000001
2025-01-03 13:00:00,113052.SH,BUY,BUY_NEXT_OPEN,112.569,112.68719745000001,90,0.0,0.0,5.065605,5.065605,0.5065605
2025-01-03 13:15:00,111018.SH,SELL,REBUILT_RANK_EXIT,113.977,113.85732415,10,-0.27000000000001023,-2.6638004999999794,1.1399050000000002,1.1399050000000002,0.11399050000000001
2025-01-03 13:15:00,111003.SH,BUY,BUY_NEXT_OPEN,124.9,125.03114500000001,10,0.0,0.0,0.6245,0.6245,0.062450000000000006
2025-01-03 13:15:00,113059.SH,BUY,BUY_NEXT_OPEN,109.64,109.75512200000001,10,0.0,0.0,0.5482,0.5482,0.05482
2025-01-03 13:30:00,113052.SH,SELL,REBUILT_RANK_EXIT,112.6,112.48177000000001,90,2.789999999999253,-18.488470499998584,10.132604999999998,10.132604999999998,1.0132605
2025-01-03 13:30:00,111017.SH,BUY,BUY_NEXT_OPEN,144.371,144.52258955,280,0.0,0.0,20.21194,20.21194,2.0211940000000004
2025-01-03 13:45:00,111017.SH,SELL,REBUILT_RANK_EXIT,144.035,143.88376325000002,80,-26.88000000000102,-51.106103999998595,25.97334,25.97334,2.5973340000000005
2025-01-03 13:45:00,113055.SH,BUY,BUY_NEXT_OPEN,135.7,135.84248499999998,50,0.0,0.0,3.3924999999999996,3.3924999999999996,0.33924999999999994
2025-01-03 14:00:00,113051.SH,SELL,REBUILT_RANK_EXIT,118.686,118.5613797,10,6.530000000000058,4.044450500000039,1.1835950000000002,1.1835950000000002,0.1183595
2025-01-03 14:00:00,111003.SH,SELL,REBUILT_RANK_EXIT,124.994,124.86275630000002,10,0.9399999999999409,-1.6838869999999133,1.24947,1.24947,0.124947
2025-01-03 14:00:00,113059.SH,SELL,REBUILT_RANK_EXIT,109.615,109.49990425,10,-0.25000000000005684,-2.5521774999999707,1.0962749999999999,1.0962749999999999,0.1096275
2025-01-03 14:00:00,113055.SH,SELL,REBUILT_RANK_EXIT,134.936,134.79431720000002,50,-38.19999999999908,-52.40838999999778,6.7659,6.7659,0.67659
2025-01-03 14:00:00,110085.SH,BUY,BUY_NEXT_OPEN,110.2,110.31571,180,0.0,0.0,9.918000000000001,9.918000000000001,0.9918
2025-01-03 14:15:00,110085.SH,SELL,REBUILT_RANK_EXIT,109.921,109.80558294999999,100,-27.899999999999636,-51.012705000001006,15.414050000000001,15.414050000000001,1.5414050000000001
2025-01-03 14:15:00,111004.SH,BUY,BUY_NEXT_OPEN,105.083,105.19333715,10,0.0,0.0,0.525415,0.525415,0.0525415
2025-01-03 14:15:00,110081.SH,BUY,BUY_NEXT_OPEN,111.044,111.16059619999999,150,0.0,0.0,8.3283,8.3283,0.8328300000000001
2025-01-03 14:15:00,113049.SH,BUY,BUY_NEXT_OPEN,111.889,112.00648344999999,10,0.0,0.0,0.559445,0.559445,0.0559445
2025-01-03 14:30:00,110081.SH,SELL,REBUILT_RANK_EXIT,111.068,110.95137860000001,150,3.6000000000001364,-31.382639999996172,16.6584,16.6584,1.6658400000000002
2025-01-03 14:30:00,113049.SH,SELL,REBUILT_RANK_EXIT,111.98,111.86242100000001,10,0.9100000000000819,-1.4406244999997853,1.119345,1.119345,0.1119345
2025-01-03 14:30:00,111012.SH,BUY,BUY_NEXT_OPEN,160.7,160.86873500000002,60,0.0,0.0,4.821,4.821,0.48210000000000003
2025-01-03 14:30:00,113058.SH,BUY,BUY_NEXT_OPEN,118.461,118.58538405,40,0.0,0.0,2.36922,2.36922,0.236922
2025-01-03 14:45:00,111012.SH,SELL,REBUILT_STOP_LOSS_-1%,158.898,158.73115709999996,60,-108.11999999999955,-128.25467400000343,9.58794,9.58794,0.9587939999999999
2025-01-03 14:45:00,113058.SH,SELL,REBUILT_RANK_EXIT,117.918,117.7941861,40,-21.719999999999686,-31.647917999999663,4.72758,4.72758,0.472758
2025-01-03 14:45:00,110086.SH,BUY,BUY_NEXT_OPEN,101.434,101.54050570000001,20,0.0,0.0,1.01434,1.01434,0.101434
2025-01-06 09:30:00,111004.SH,SELL,REBUILT_RANK_EXIT,105.247,105.13649065000001,10,1.6400000000000148,-0.5684649999998328,1.05165,1.05165,0.105165
2025-01-06 09:30:00,110086.SH,SELL,REBUILT_RANK_EXIT,100.92,100.814034,20,-10.279999999999916,-14.529434000000265,2.02354,2.02354,0.202354
2025-01-06 09:30:00,111020.SH,BUY,BUY_NEXT_OPEN,127.01,127.14336050000001,30,0.0,0.0,1.9051500000000001,1.9051500000000001,0.19051500000000002
2025-01-06 09:30:00,113052.SH,BUY,BUY_NEXT_OPEN,112.6,112.71822999999998,90,0.0,0.0,5.066999999999999,5.066999999999999,0.5066999999999999
2025-01-06 09:45:00,113052.SH,SELL,REBUILT_RANK_EXIT,112.37,112.25201150000001,90,-20.69999999999908,-41.959664999996676,10.12365,10.12365,1.012365
2025-01-06 09:45:00,113049.SH,BUY,BUY_NEXT_OPEN,111.912,112.0295076,10,0.0,0.0,0.5595600000000001,0.5595600000000001,0.055956000000000006
2025-01-06 09:45:00,113056.SH,BUY,BUY_NEXT_OPEN,116.601,116.72343105,80,0.0,0.0,4.66404,4.66404,0.466404
2025-01-06 10:00:00,111020.SH,SELL,REBUILT_RANK_EXIT,128.109,127.97448555000001,30,32.97000000000011,24.933751499999744,3.826785,3.826785,0.38267850000000003
2025-01-06 10:00:00,113049.SH,SELL,REBUILT_RANK_EXIT,111.512,111.3949124,10,-4.000000000000057,-6.345952000000125,1.1171200000000001,1.1171200000000001,0.111712
2025-01-06 10:00:00,113039.SH,BUY,BUY_NEXT_OPEN,121.628,121.75570939999999,10,0.0,0.0,0.60814,0.60814,0.06081400000000001
2025-01-06 10:00:00,111002.SH,BUY,BUY_NEXT_OPEN,116.408,116.53022840000001,10,0.0,0.0,0.58204,0.58204,0.058204000000000006
2025-01-06 10:15:00,113056.SH,SELL,REBUILT_RANK_EXIT,116.96,116.83719199999999,60,21.53999999999968,6.82565699999941,8.17284,8.17284,0.8172839999999999
2025-01-06 10:15:00,111021.SH,BUY,BUY_NEXT_OPEN,119.92,120.045916,10,0.0,0.0,0.5996,0.5996,0.059960000000000006
2025-01-06 10:30:00,113039.SH,SELL,REBUILT_RANK_EXIT,122.07,121.94182649999999,10,4.419999999999931,1.861171000000013,1.21849,1.21849,0.121849
2025-01-06 10:30:00,110095.SH,BUY,BUY_NEXT_OPEN,97.027,97.12887835,40,0.0,0.0,1.94054,1.94054,0.194054
2025-01-06 10:30:00,113048.SH,BUY,BUY_NEXT_OPEN,105.825,105.93611625000001,10,0.0,0.0,0.5291250000000001,0.5291250000000001,0.05291250000000001
2025-01-06 10:45:00,111002.SH,SELL,REBUILT_RANK_EXIT,117.265,117.14187174999999,10,8.569999999999993,6.116433499999857,1.168365,1.168365,0.11683650000000001
2025-01-06 10:45:00,110095.SH,SELL,REBUILT_RANK_EXIT,96.643,96.54152485,40,-15.360000000000014,-23.49413999999979,3.8734,3.8734,0.38734
2025-01-06 11:00:00,110087.SH,BUY,BUY_NEXT_OPEN,107.15,107.2625075,60,0.0,0.0,3.2145,3.2145,0.32145
2025-01-06 11:00:00,110093.SH,BUY,BUY_NEXT_OPEN,117.15,117.27300750000002,40,0.0,0.0,2.343,2.343,0.23430000000000004
2025-01-06 11:00:00,111000.SH,BUY,BUY_NEXT_OPEN,115.0,115.12075000000002,10,0.0,0.0,0.5750000000000001,0.5750000000000001,0.057499999999999996
2025-01-06 11:15:00,111021.SH,SELL,REBUILT_RANK_EXIT,119.19,119.06485049999999,10,-7.30000000000004,-9.810655000000224,1.19555,1.19555,0.11955500000000001
2025-01-06 11:15:00,110087.SH,SELL,REBUILT_STOP_LOSS_-1%,106.004,105.8926958,10,-11.460000000000008,-13.698116999999911,3.74452,3.74452,0.374452
2025-01-06 11:15:00,110093.SH,SELL,REBUILT_RANK_EXIT,116.636,116.5135322,30,-15.4200000000003,-22.78425900000093,4.09254,4.09254,0.409254
2025-01-06 11:30:00,113058.SH,BUY,BUY_NEXT_OPEN,118.03,118.1539315,10,0.0,0.0,0.5901500000000001,0.5901500000000001,0.059015000000000005
2025-01-06 13:00:00,113058.SH,SELL,REBUILT_RANK_EXIT,117.704,117.5804108,10,-3.260000000000076,-5.735206999999946,1.1786699999999999,1.1786699999999999,0.117867
2025-01-06 13:15:00,113048.SH,SELL,REBUILT_TIME_EXIT,106.249,106.13743855,10,4.239999999999924,2.0132229999999254,1.06037,1.06037,0.106037
2025-01-06 13:15:00,111000.SH,SELL,REBUILT_RANK_EXIT,114.921,114.80033295,10,-0.7899999999999352,-3.2041705000001457,1.1496050000000002,1.1496050000000002,0.11496050000000001
2025-01-06 13:15:00,111017.SH,BUY,BUY_NEXT_OPEN,142.589,142.73871845,10,0.0,0.0,0.7129449999999999,0.7129449999999999,0.0712945
2025-01-06 13:30:00,111017.SH,SELL,REBUILT_RANK_EXIT,141.864,141.7150428,10,-7.249999999999943,-10.236756499999956,1.422265,1.422265,0.1422265
2025-01-06 13:30:00,110093.SH,BUY,BUY_NEXT_OPEN,116.718,116.84055389999999,10,0.0,0.0,0.58359,0.58359,0.05835900000000001
2025-01-06 13:30:00,113526.SH,BUY,BUY_NEXT_OPEN,105.796,105.9070858,10,0.0,0.0,0.5289800000000001,0.5289800000000001,0.05289800000000001
2025-01-06 13:30:00,113058.SH,BUY,BUY_NEXT_OPEN,117.738,117.8616249,30,0.0,0.0,1.76607,1.76607,0.17660700000000001
2025-01-06 13:30:00,113053.SH,BUY,BUY_NEXT_OPEN,105.333,105.44359965,30,0.0,0.0,1.579995,1.579995,0.15799950000000001
2025-01-06 13:45:00,110093.SH,SELL,REBUILT_RANK_EXIT,116.593,116.47057735000001,10,-1.25,-3.699765499999785,1.166555,1.166555,0.11665550000000001
2025-01-06 13:45:00,113058.SH,SELL,REBUILT_RANK_EXIT,117.045,116.92210275000001,30,-20.789999999999935,-28.185664499999803,3.521745,3.521745,0.35217450000000006
2025-01-06 13:45:00,113066.SH,BUY,BUY_NEXT_OPEN,132.383,132.52200215000002,10,0.0,0.0,0.661915,0.661915,0.06619150000000001
2025-01-06 14:00:00,113056.SH,BUY,BUY_NEXT_OPEN,117.12,117.242976,60,0.0,0.0,3.5136000000000003,3.5136000000000003,0.35136
2025-01-06 14:00:00,110076.SH,BUY,BUY_NEXT_OPEN,112.0,112.1176,20,0.0,0.0,1.12,1.12,0.112
2025-01-06 14:30:00,110076.SH,SELL,REBUILT_RANK_EXIT,111.835,111.71757324999999,20,-3.300000000000125,-8.000535000000127,2.23835,2.23835,0.223835
2025-01-06 14:45:00,113053.SH,SELL,REBUILT_RANK_EXIT,105.294,105.18344130000001,20,-0.7800000000000296,-5.203166999999667,2.632935,2.632935,0.2632935
2025-01-06 14:45:00,113066.SH,SELL,REBUILT_TIME_EXIT,133.068,132.92827860000003,10,6.850000000000023,4.0627644999999575,1.327255,1.327255,0.13272550000000002
2025-01-06 14:45:00,113056.SH,SELL,REBUILT_RANK_EXIT,117.172,117.04896939999999,60,3.11999999999955,-11.640396000000692,7.02876,7.02876,0.7028760000000001
2025-01-06 14:45:00,111021.SH,BUY,BUY_NEXT_OPEN,118.771,118.89570955,20,0.0,0.0,1.18771,1.18771,0.118771
2025-01-06 15:00:00,110097.SH,BUY,BUY_NEXT_OPEN,128.019,128.15341995,10,0.0,0.0,0.6400950000000001,0.6400950000000001,0.06400950000000001
2025-01-07 09:30:00,113526.SH,SELL,REBUILT_TIME_EXIT,105.795,105.68391525,10,-0.010000000000047748,-2.231705500000089,1.0579550000000002,1.0579550000000002,0.10579550000000001
2025-01-07 09:30:00,111021.SH,SELL,REBUILT_RANK_EXIT,119.03,118.9050185,10,2.5900000000000034,0.09308949999990546,1.78286,1.78286,0.178286
2025-01-07 09:30:00,110097.SH,SELL,REBUILT_RANK_EXIT,127.835,127.70077324999998,10,-1.840000000000117,-4.526467000000139,1.2792700000000001,1.2792700000000001,0.127927
2025-01-07 09:30:00,110075.SH,BUY,BUY_NEXT_OPEN,123.713,123.84289865000001,70,0.0,0.0,4.329955,4.329955,0.4329955
2025-01-07 09:30:00,113054.SH,BUY,BUY_NEXT_OPEN,108.517,108.63094285,10,0.0,0.0,0.542585,0.542585,0.0542585
2025-01-07 09:45:00,113054.SH,SELL,REBUILT_RANK_EXIT,108.643,108.52892485,10,1.2600000000000477,-1.020179999999982,1.0857999999999999,1.0857999999999999,0.10858000000000001
2025-01-07 09:45:00,111003.SH,BUY,BUY_NEXT_OPEN,124.94,125.07118700000001,20,0.0,0.0,1.2494,1.2494,0.12494
2025-01-07 09:45:00,111020.SH,BUY,BUY_NEXT_OPEN,130.26,130.39677300000002,50,0.0,0.0,3.2564999999999995,3.2564999999999995,0.32565
2025-01-07 09:45:00,113058.SH,BUY,BUY_NEXT_OPEN,118.47,118.5943935,60,0.0,0.0,3.5541,3.5541,0.35541
2025-01-07 10:00:00,111003.SH,SELL,REBUILT_RANK_EXIT,124.37,124.2394115,10,-5.699999999999932,-8.317755000000034,1.87125,1.87125,0.187125
2025-01-07 10:00:00,111020.SH,SELL,REBUILT_RANK_EXIT,129.0,128.86454999999998,50,-62.999999999999545,-76.61115000000245,6.4815,6.4815,0.64815
2025-01-07 10:00:00,113059.SH,BUY,BUY_NEXT_OPEN,109.964,110.0794622,10,0.0,0.0,0.54982,0.54982,0.054982
2025-01-07 10:15:00,110075.SH,SELL,REBUILT_RANK_EXIT,124.17,124.03962150000001,20,9.140000000000157,3.934457000000293,5.571655,5.571655,0.5571655
2025-01-07 10:15:00,113059.SH,SELL,REBUILT_RANK_EXIT,109.606,109.49091369999998,10,-3.580000000000041,-5.885485000000017,1.09785,1.09785,0.109785
2025-01-07 10:15:00,111020.SH,BUY,BUY_NEXT_OPEN,130.0,130.13649999999998,80,0.0,0.0,5.2,5.2,0.52
2025-01-07 10:15:00,110097.SH,BUY,BUY_NEXT_OPEN,128.733,128.86816965000003,10,0.0,0.0,0.643665,0.643665,0.06436650000000001
2025-01-07 10:30:00,113058.SH,SELL,REBUILT_RANK_EXIT,118.146,118.0219467,30,-9.719999999999942,-17.173403999999664,5.32629,5.32629,0.532629
2025-01-07 10:30:00,111020.SH,SELL,REBUILT_RANK_EXIT,129.147,129.01139565,70,-59.710000000000605,-78.75730449999901,9.720144999999999,9.720144999999999,0.9720145
2025-01-07 10:30:00,110097.SH,SELL,REBUILT_RANK_EXIT,128.16,128.02543200000002,10,-5.730000000000075,-8.427376500000037,1.284465,1.284465,0.12844650000000002
2025-01-07 10:30:00,111009.SH,BUY,BUY_NEXT_OPEN,102.639,102.74677095000001,30,0.0,0.0,1.539585,1.539585,0.1539585
2025-01-07 10:30:00,113046.SH,BUY,BUY_NEXT_OPEN,107.226,107.3385873,20,0.0,0.0,1.07226,1.07226,0.107226
2025-01-07 10:45:00,110086.SH,BUY,BUY_NEXT_OPEN,100.652,100.7576846,50,0.0,0.0,2.5163,2.5163,0.25163
2025-01-07 10:45:00,113055.SH,BUY,BUY_NEXT_OPEN,135.88,136.022674,10,0.0,0.0,0.6794,0.6794,0.06794
2025-01-07 11:00:00,111009.SH,SELL,REBUILT_RANK_EXIT,102.511,102.40336345,10,-1.2800000000000011,-3.434075000000121,2.05214,2.05214,0.205214
2025-01-07 11:00:00,113055.SH,SELL,REBUILT_RANK_EXIT,135.744,135.60146880000002,10,-1.3599999999999568,-4.212051999999858,1.35812,1.35812,0.135812
2025-01-07 11:00:00,111018.SH,BUY,BUY_NEXT_OPEN,113.737,113.85642384999998,10,0.0,0.0,0.568685,0.568685,0.0568685
2025-01-07 11:15:00,110086.SH,SELL,REBUILT_RANK_EXIT,100.459,100.35351805,10,-1.9299999999999784,-4.041665500000022,3.0185950000000004,3.0185950000000004,0.3018595
2025-01-07 11:15:00,111018.SH,SELL,REBUILT_RANK_EXIT,113.787,113.66752365,10,0.5000000000001137,-1.8890019999998913,1.13762,1.13762,0.11376200000000002
2025-01-07 11:15:00,113055.SH,BUY,BUY_NEXT_OPEN,136.751,136.89458855,40,0.0,0.0,2.7350200000000005,2.7350200000000005,0.273502
2025-01-07 11:15:00,110093.SH,BUY,BUY_NEXT_OPEN,115.45,115.57122250000002,10,0.0,0.0,0.57725,0.57725,0.057725000000000005
2025-01-07 11:30:00,113055.SH,SELL,REBUILT_RANK_EXIT,136.781,136.63737995000002,10,0.30000000000001137,-2.5720859999998993,3.4189250000000007,3.4189250000000007,0.34189250000000004
2025-01-07 11:30:00,113059.SH,BUY,BUY_NEXT_OPEN,109.999,110.11449894999998,30,0.0,0.0,1.649985,1.649985,0.1649985
2025-01-07 13:00:00,110093.SH,SELL,REBUILT_RANK_EXIT,115.28,115.15895599999999,10,-1.700000000000017,-4.122665000000325,1.15365,1.15365,0.115365
2025-01-07 13:00:00,110095.SH,BUY,BUY_NEXT_OPEN,95.672,95.7724556,50,0.0,0.0,2.3918,2.3918,0.23918
2025-01-07 13:00:00,110085.SH,BUY,BUY_NEXT_OPEN,110.558,110.67408590000001,10,0.0,0.0,0.55279,0.55279,0.05527900000000001
2025-01-07 13:15:00,113059.SH,SELL,REBUILT_RANK_EXIT,109.686,109.57082969999999,20,-6.2599999999997635,-10.873384999999871,2.746845,2.746845,0.2746845
2025-01-07 13:15:00,110095.SH,SELL,REBUILT_RANK_EXIT,95.725,95.62448875000001,20,1.0599999999999454,-2.9593369999997776,3.34905,3.34905,0.334905
2025-01-07 13:15:00,110085.SH,SELL,REBUILT_RANK_EXIT,110.437,110.32104115000001,10,-1.2100000000000932,-3.5304474999998092,1.104975,1.104975,0.11049750000000001
2025-01-07 13:15:00,113044.SH,BUY,BUY_NEXT_OPEN,114.548,114.66827540000001,180,0.0,0.0,10.309320000000001,10.309320000000001,1.0309320000000002
2025-01-07 13:30:00,113046.SH,SELL,REBUILT_RANK_EXIT,107.136,107.0235072,20,-1.8000000000000682,-6.301602000000003,2.14362,2.14362,0.214362
2025-01-07 13:30:00,111020.SH,BUY,BUY_NEXT_OPEN,130.02,130.156521,30,0.0,0.0,1.9503000000000004,1.9503000000000004,0.19503
2025-01-07 13:30:00,111002.SH,BUY,BUY_NEXT_OPEN,116.765,116.88760324999998,20,0.0,0.0,1.16765,1.16765,0.11676500000000001
2025-01-07 13:30:00,111003.SH,BUY,BUY_NEXT_OPEN,124.198,124.3284079,10,0.0,0.0,0.6209899999999999,0.6209899999999999,0.062099
2025-01-07 13:45:00,113044.SH,SELL,REBUILT_RANK_EXIT,114.6,114.47967,180,9.35999999999865,-33.94897200000196,20.62332,20.62332,2.062332
2025-01-07 13:45:00,113039.SH,BUY,BUY_NEXT_OPEN,122.65,122.7787825,10,0.0,0.0,0.6132500000000001,0.6132500000000001,0.061325000000000005
2025-01-07 14:00:00,113066.SH,BUY,BUY_NEXT_OPEN,131.869,132.00746245,30,0.0,0.0,1.9780350000000002,1.9780350000000002,0.19780350000000002
2025-01-07 14:15:00,113066.SH,SELL,REBUILT_RANK_EXIT,131.21,131.0722295,20,-13.179999999999836,-18.704658999999992,3.2901350000000003,3.2901350000000003,0.3290135
2025-01-07 14:30:00,111020.SH,SELL,REBUILT_RANK_EXIT,131.674,131.53574230000004,30,49.61999999999989,41.37663900000098,3.9254100000000003,3.9254100000000003,0.39254100000000003
2025-01-07 14:30:00,113039.SH,SELL,REBUILT_RANK_EXIT,123.328,123.19850560000002,10,6.779999999999973,4.197231000000102,1.2298900000000001,1.2298900000000001,0.12298900000000001
2025-01-07 14:30:00,111012.SH,BUY,BUY_NEXT_OPEN,153.57,153.7312485,60,0.0,0.0,4.607099999999999,4.607099999999999,0.46071
2025-01-07 14:45:00,111003.SH,SELL,REBUILT_RANK_EXIT,124.899,124.76785605,10,7.010000000000076,4.3944814999999835,1.245485,1.245485,0.1245485
2025-01-07 14:45:00,111012.SH,SELL,REBUILT_TIME_EXIT,154.287,154.12499865,60,43.02000000000078,23.625009000001228,9.23571,9.23571,0.9235710000000001
2025-01-07 14:45:00,110092.SH,BUY,BUY_NEXT_OPEN,79.32,79.403286,80,0.0,0.0,3.1728,3.1728,0.31728
2025-01-07 14:45:00,110095.SH,BUY,BUY_NEXT_OPEN,98.0,98.10290000000002,60,0.0,0.0,2.94,2.94,0.294
2025-01-07 15:00:00,110092.SH,SELL,REBUILT_RANK_EXIT,79.2,79.11684000000001,20,-2.3999999999998067,-5.728919999999562,3.9648000000000003,3.9648000000000003,0.39648
2025-01-07 15:00:00,110095.SH,SELL,REBUILT_TIME_EXIT,98.0,97.89709999999998,20,0.0,-4.116000000000895,3.92,3.92,0.392
2025-01-07 15:00:00,111012.SH,BUY,BUY_NEXT_OPEN,155.3,155.46306500000003,20,0.0,0.0,1.5530000000000002,1.5530000000000002,0.15530000000000002
2025-01-07 15:00:00,113048.SH,BUY,BUY_NEXT_OPEN,106.026,106.13732730000001,40,0.0,0.0,2.12052,2.12052,0.21205200000000002
2025-01-08 09:30:00,111012.SH,SELL,REBUILT_RANK_EXIT,154.0,153.8383,20,-26.000000000000227,-32.4953000000005,3.093,3.093,0.3093
2025-01-08 09:30:00,113048.SH,SELL,REBUILT_RANK_EXIT,106.488,106.37618759999998,10,4.620000000000033,2.388602999999648,2.65296,2.65296,0.26529600000000003
2025-01-08 09:30:00,110095.SH,BUY,BUY_NEXT_OPEN,98.399,98.50231895,120,0.0,0.0,5.90394,5.90394,0.590394
2025-01-08 09:30:00,111020.SH,BUY,BUY_NEXT_OPEN,130.011,130.14751155000002,30,0.0,0.0,1.9501649999999997,1.9501649999999997,0.1950165
2025-01-08 09:45:00,111002.SH,SELL,REBUILT_RANK_EXIT,116.756,116.6334062,10,-0.09000000000000341,-2.541970499999934,1.75143,1.75143,0.17514300000000002
2025-01-08 09:45:00,110095.SH,SELL,REBUILT_RANK_EXIT,97.958,97.85514409999999,120,-52.9200000000003,-77.66098200000124,11.78142,11.78142,1.178142
2025-01-08 09:45:00,111020.SH,SELL,REBUILT_RANK_EXIT,130.635,130.49783325,20,12.479999999999905,7.006433999999899,3.256515,3.256515,0.3256515
2025-01-08 09:45:00,111012.SH,BUY,BUY_NEXT_OPEN,155.972,156.13577060000003,260,0.0,0.0,20.27636,20.27636,2.027636
2025-01-08 09:45:00,113055.SH,BUY,BUY_NEXT_OPEN,138.996,139.14194580000003,50,0.0,0.0,3.4749000000000003,3.4749000000000003,0.34749
2025-01-08 10:00:00,113048.SH,BUY,BUY_NEXT_OPEN,106.59,106.70191950000002,80,0.0,0.0,4.2636,4.2636,0.42636
2025-01-08 10:00:00,113052.SH,BUY,BUY_NEXT_OPEN,113.85,113.9695425,510,0.0,0.0,29.03175,29.03175,2.9031749999999996
2025-01-08 10:15:00,111012.SH,SELL,REBUILT_RANK_EXIT,156.1,155.93609500000002,110,14.07999999999845,-21.964316000001418,28.86186,28.86186,2.8861860000000004
2025-01-08 10:30:00,113042.SH,BUY,BUY_NEXT_OPEN,119.795,119.92078475000001,100,0.0,0.0,5.98975,5.98975,0.598975
2025-01-08 10:45:00,113042.SH,SELL,REBUILT_RANK_EXIT,119.559,119.43346304999999,100,-23.60000000000042,-48.73217000000113,11.9677,11.9677,1.19677
2025-01-08 11:00:00,113055.SH,SELL,REBUILT_RANK_EXIT,139.206,139.05983369999998,20,4.199999999999591,-1.642242000000806,4.866960000000001,4.866960000000001,0.486696
2025-01-08 11:00:00,113052.SH,SELL,REBUILT_RANK_EXIT,113.709,113.58960555,200,-28.199999999998226,-75.98739000000205,40.40265,40.40265,4.040265
2025-01-08 11:15:00,113048.SH,SELL,REBUILT_RANK_EXIT,106.586,106.4740847,80,-0.3200000000003911,-18.226784000000407,8.52704,8.52704,0.8527040000000001
2025-01-08 11:15:00,113059.SH,BUY,BUY_NEXT_OPEN,110.197,110.31270685,10,0.0,0.0,0.5509850000000001,0.5509850000000001,0.0550985
2025-01-08 11:15:00,113067.SH,BUY,BUY_NEXT_OPEN,119.4,119.52537000000002,20,0.0,0.0,1.194,1.194,0.1194
2025-01-08 11:30:00,110075.SH,BUY,BUY_NEXT_OPEN,124.492,124.6227166,20,0.0,0.0,1.24492,1.24492,0.124492
2025-01-08 11:30:00,113052.SH,BUY,BUY_NEXT_OPEN,113.848,113.96754039999999,40,0.0,0.0,2.27696,2.27696,0.227696
2025-01-08 13:00:00,113052.SH,SELL,REBUILT_RANK_EXIT,113.8,113.68051,40,-1.9200000000000728,-11.481215999999222,4.55296,4.55296,0.45529600000000003
2025-01-08 13:15:00,113059.SH,SELL,REBUILT_RANK_EXIT,109.721,109.60579295,10,-4.759999999999991,-7.06913899999995,1.09959,1.09959,0.109959
2025-01-08 13:15:00,113067.SH,SELL,REBUILT_RANK_EXIT,119.105,118.97993975000001,20,-5.900000000000034,-10.90860500000008,2.3850499999999997,2.3850499999999997,0.23850500000000002
2025-01-08 13:15:00,110075.SH,SELL,REBUILT_RANK_EXIT,124.504,124.3732708,20,0.2400000000000091,-4.988916000000245,2.48996,2.48996,0.248996
2025-01-08 13:15:00,113056.SH,BUY,BUY_NEXT_OPEN,118.365,118.48928325,30,0.0,0.0,1.775475,1.775475,0.1775475
2025-01-08 13:15:00,111017.SH,BUY,BUY_NEXT_OPEN,139.598,139.7445779,10,0.0,0.0,0.6979900000000001,0.6979900000000001,0.069799
2025-01-08 13:30:00,113056.SH,SELL,REBUILT_RANK_EXIT,118.186,118.0619047,30,-5.369999999999635,-12.821356500000093,3.548265,3.548265,0.35482650000000004
2025-01-08 13:30:00,111017.SH,SELL,REBUILT_RANK_EXIT,139.479,139.33254705000002,10,-1.1899999999999977,-4.120308499999737,1.395385,1.395385,0.1395385
2025-01-08 13:30:00,111020.SH,BUY,BUY_NEXT_OPEN,132.02,132.158621,10,0.0,0.0,0.6601000000000001,0.6601000000000001,0.06601000000000001
2025-01-08 13:30:00,113062.SH,BUY,BUY_NEXT_OPEN,123.989,124.11918845,60,0.0,0.0,3.7196700000000003,3.7196700000000003,0.37196700000000005
2025-01-08 13:30:00,113066.SH,BUY,BUY_NEXT_OPEN,130.284,130.4207982,30,0.0,0.0,1.9542599999999997,1.9542599999999997,0.195426
2025-01-08 13:45:00,111012.SH,BUY,BUY_NEXT_OPEN,156.52,156.684346,980,0.0,0.0,76.69480000000001,76.69480000000001,7.669480000000001
2025-01-08 13:45:00,110097.SH,BUY,BUY_NEXT_OPEN,128.485,128.61990925000003,10,0.0,0.0,0.642425,0.642425,0.06424250000000001
2025-01-08 14:00:00,111020.SH,SELL,REBUILT_RANK_EXIT,131.698,131.55971710000003,10,-3.2200000000000273,-5.989038999999821,1.3185900000000002,1.3185900000000002,0.131859
2025-01-08 14:00:00,113062.SH,SELL,REBUILT_RANK_EXIT,124.5,124.36927499999999,50,25.549999999999784,12.504327499998908,6.83217,6.83217,0.6832170000000001
2025-01-08 14:15:00,113055.SH,BUY,BUY_NEXT_OPEN,139.816,139.9628068,10,0.0,0.0,0.6990799999999999,0.6990799999999999,0.069908
2025-01-08 14:15:00,113062.SH,BUY,BUY_NEXT_OPEN,124.85,124.9810925,80,0.0,0.0,4.994,4.994,0.49939999999999996
2025-01-08 14:30:00,113066.SH,SELL,REBUILT_RANK_EXIT,131.208,131.07023159999997,10,9.240000000000066,6.494333999999526,2.6102999999999996,2.6102999999999996,0.26103
2025-01-08 14:30:00,113055.SH,SELL,REBUILT_RANK_EXIT,139.796,139.6492142,10,-0.20000000000010232,-3.135926000000154,1.39806,1.39806,0.13980599999999999
2025-01-08 14:45:00,111012.SH,SELL,REBUILT_TIME_EXIT,164.378,164.20540309999998,440,3457.5199999999895,3309.2651239999977,112.85796000000002,112.85796000000002,11.285796000000001
2025-01-08 14:45:00,110097.SH,SELL,REBUILT_RANK_EXIT,130.337,130.20014615,10,18.519999999999754,15.802368999999544,1.2941099999999999,1.2941099999999999,0.129411
2025-01-08 14:45:00,113062.SH,SELL,REBUILT_TIME_EXIT,124.7,124.56906500000001,30,-4.499999999999744,-12.36082499999975,6.8645,6.8645,0.68645
2025-01-08 14:45:00,110092.SH,BUY,BUY_NEXT_OPEN,78.165,78.24707325000001,70,0.0,0.0,2.7357750000000003,2.7357750000000003,0.27357750000000003
2025-01-08 14:45:00,113051.SH,BUY,BUY_NEXT_OPEN,120.286,120.4123003,60,0.0,0.0,3.60858,3.60858,0.360858
2025-01-08 15:00:00,110092.SH,SELL,REBUILT_TIME_EXIT,78.323,78.24076084999999,40,6.319999999999482,-0.25249600000097416,4.302235,4.302235,0.43022350000000004
2025-01-08 15:00:00,111012.SH,BUY,BUY_NEXT_OPEN,165.636,165.8099178,90,0.0,0.0,7.45362,7.45362,0.7453620000000001
2025-01-09 09:30:00,113051.SH,SELL,REBUILT_TIME_EXIT,119.7,119.57431500000001,10,-5.859999999999985,-8.379852999999684,4.2070799999999995,4.2070799999999995,0.420708
2025-01-09 09:30:00,111012.SH,SELL,REBUILT_TIME_EXIT,169.0,168.82255,90,302.7600000000004,271.13689800000066,15.058620000000001,15.058620000000001,1.505862
2025-01-09 09:30:00,113046.SH,BUY,BUY_NEXT_OPEN,107.138,107.25049489999999,10,0.0,0.0,0.53569,0.53569,0.053569000000000006
2025-01-09 09:30:00,113054.SH,BUY,BUY_NEXT_OPEN,108.607,108.72103735,10,0.0,0.0,0.5430349999999999,0.5430349999999999,0.054303500000000005
2025-01-09 09:30:00,113052.SH,BUY,BUY_NEXT_OPEN,113.62,113.739301,120,0.0,0.0,6.817200000000001,6.817200000000001,0.68172
2025-01-09 09:45:00,113052.SH,SELL,REBUILT_RANK_EXIT,113.739,113.61957405,80,9.519999999999982,-9.57815599999958,11.366760000000001,11.366760000000001,1.136676
2025-01-09 09:45:00,110095.SH,BUY,BUY_NEXT_OPEN,99.918,100.0229139,340,0.0,0.0,16.986060000000002,16.986060000000002,1.698606
2025-01-09 09:45:00,113546.SH,BUY,BUY_NEXT_OPEN,148.815,148.97125575,680,0.0,0.0,50.5971,50.5971,5.05971
2025-01-09 10:00:00,113546.SH,SELL,REBUILT_RANK_EXIT,147.756,147.60085619999998,510,-540.0899999999988,-698.9037705000082,88.27488,88.27488,8.827488
2025-01-09 10:00:00,111012.SH,BUY,BUY_NEXT_OPEN,167.4,167.57577,120,0.0,0.0,10.044,10.044,1.0044000000000002
2025-01-09 10:15:00,111012.SH,SELL,REBUILT_RANK_EXIT,166.762,166.5868999,120,-76.56000000000063,-118.6644120000019,20.04972,20.04972,2.0049720000000004
2025-01-09 10:15:00,111020.SH,BUY,BUY_NEXT_OPEN,132.774,132.91341269999998,30,0.0,0.0,1.99161,1.99161,0.199161
2025-01-09 10:30:00,111020.SH,SELL,REBUILT_STOP_LOSS_-1%,131.351,131.21308145,10,-14.230000000000018,-17.003312499999765,2.648365,2.648365,0.26483650000000003
2025-01-09 10:30:00,113059.SH,BUY,BUY_NEXT_OPEN,110.245,110.36075724999999,10,0.0,0.0,0.5512250000000001,0.5512250000000001,0.055122500000000005
2025-01-09 10:45:00,113055.SH,BUY,BUY_NEXT_OPEN,140.848,140.9958904,10,0.0,0.0,0.7042400000000002,0.7042400000000002,0.07042400000000001
2025-01-09 11:00:00,113054.SH,SELL,REBUILT_TIME_EXIT,109.218,109.1033211,10,6.110000000000042,3.8228374999998778,1.0891250000000001,1.0891250000000001,0.10891250000000001
2025-01-09 11:00:00,113055.SH,SELL,REBUILT_RANK_EXIT,140.5,140.35247500000003,10,-3.480000000000132,-6.434153999999808,1.4067400000000003,1.4067400000000003,0.14067400000000002
2025-01-09 11:15:00,110095.SH,SELL,REBUILT_RANK_EXIT,100.6,100.49437,90,61.379999999998915,42.43104899999889,21.513060000000003,21.513060000000003,2.151306
2025-01-09 11:15:00,113059.SH,SELL,REBUILT_RANK_EXIT,110.548,110.4319246,10,3.0299999999999727,0.7116735000001881,1.103965,1.103965,0.11039650000000001
2025-01-09 11:30:00,113062.SH,BUY,BUY_NEXT_OPEN,125.308,125.4395734,10,0.0,0.0,0.62654,0.62654,0.06265400000000002
2025-01-09 11:30:00,113042.SH,BUY,BUY_NEXT_OPEN,119.889,120.01488345,50,0.0,0.0,2.997225,2.997225,0.2997225
2025-01-09 13:00:00,113062.SH,SELL,REBUILT_RANK_EXIT,125.224,125.0925148,10,-0.8400000000000318,-3.470585999999912,1.25266,1.25266,0.12526600000000002
2025-01-09 13:00:00,110095.SH,BUY,BUY_NEXT_OPEN,100.8,100.90583999999998,50,0.0,0.0,2.52,2.52,0.252
2025-01-09 13:00:00,113059.SH,BUY,BUY_NEXT_OPEN,110.07,110.1855735,10,0.0,0.0,0.55035,0.55035,0.055035
2025-01-09 13:15:00,113042.SH,SELL,REBUILT_RANK_EXIT,119.907,119.78109764999998,50,0.9000000000000341,-11.689290000001165,5.9948999999999995,5.9948999999999995,0.5994900000000001
2025-01-09 13:15:00,110095.SH,SELL,REBUILT_RANK_EXIT,100.72,100.614244,50,-3.9999999999999147,-14.579799999999523,5.038,5.038,0.5038
2025-01-09 13:15:00,113059.SH,SELL,REBUILT_RANK_EXIT,110.162,110.0463299,10,0.9200000000001296,-1.3924360000000888,1.1011600000000001,1.1011600000000001,0.110116
2025-01-09 13:30:00,111020.SH,BUY,BUY_NEXT_OPEN,131.956,132.0945538,80,0.0,0.0,5.278239999999999,5.278239999999999,0.527824
2025-01-09 13:30:00,113056.SH,BUY,BUY_NEXT_OPEN,118.25,118.37416249999998,10,0.0,0.0,0.59125,0.59125,0.059125000000000004
2025-01-09 13:45:00,113046.SH,SELL,REBUILT_TIME_EXIT,107.362,107.2492699,10,2.2399999999998954,-0.012249999999994543,1.0725,1.0725,0.10725000000000001
2025-01-09 13:45:00,113056.SH,SELL,REBUILT_RANK_EXIT,118.197,118.07289315,10,-0.5299999999999727,-3.012693499999841,1.1822350000000001,1.1822350000000001,0.11822350000000001
2025-01-09 13:45:00,110095.SH,BUY,BUY_NEXT_OPEN,100.869,100.97491244999999,310,0.0,0.0,15.634695,15.634695,1.5634695
2025-01-09 13:45:00,113052.SH,BUY,BUY_NEXT_OPEN,114.302,114.42201710000002,190,0.0,0.0,10.858690000000001,10.858690000000001,1.0858690000000002
2025-01-09 14:00:00,113052.SH,SELL,REBUILT_RANK_EXIT,114.067,113.94722964999998,100,-23.500000000001364,-47.478745000002164,16.562040000000003,16.562040000000003,1.6562040000000002
2025-01-09 14:15:00,110084.SH,BUY,BUY_NEXT_OPEN,118.248,118.3721604,40,0.0,0.0,2.36496,2.36496,0.23649600000000004
2025-01-09 14:15:00,113066.SH,BUY,BUY_NEXT_OPEN,131.293,131.43085765000004,50,0.0,0.0,3.2823250000000006,3.2823250000000006,0.32823250000000004
2025-01-09 14:15:00,113049.SH,BUY,BUY_NEXT_OPEN,112.023,112.14062415,10,0.0,0.0,0.560115,0.560115,0.0560115
2025-01-09 14:30:00,110084.SH,SELL,REBUILT_RANK_EXIT,117.842,117.7182659,10,-4.060000000000059,-6.538945000000012,2.95417,2.95417,0.29541700000000004
2025-01-09 14:45:00,111020.SH,SELL,REBUILT_TIME_EXIT,133.374,133.2339573,40,56.720000000000255,45.576139999999214,7.94572,7.94572,0.7945720000000001
2025-01-09 14:45:00,110095.SH,SELL,REBUILT_TIME_EXIT,102.8,102.69206,310,598.6099999999992,532.315740500002,31.568695,31.568695,3.1568695
2025-01-09 14:45:00,113066.SH,SELL,REBUILT_TIME_EXIT,131.794,131.6556163,40,20.04000000000019,8.99034599999868,5.918205,5.918205,0.5918205000000001
2025-01-09 15:00:00,111020.SH,BUY,BUY_NEXT_OPEN,133.649,133.78933145,10,0.0,0.0,0.668245,0.668245,0.06682450000000001
2025-01-10 09:30:00,111020.SH,SELL,REBUILT_TIME_EXIT,133.3,133.160035,10,-3.4899999999998954,-6.2929644999999255,1.3347449999999998,1.3347449999999998,0.13347450000000002
2025-01-10 09:30:00,111012.SH,BUY,BUY_NEXT_OPEN,166.987,167.16233635,310,0.0,0.0,25.882984999999998,25.882984999999998,2.5882985
2025-01-10 09:45:00,111020.SH,BUY,BUY_NEXT_OPEN,134.236,134.37694779999998,280,0.0,0.0,18.793039999999998,18.793039999999998,1.8793039999999999
2025-01-10 09:45:00,113046.SH,BUY,BUY_NEXT_OPEN,107.45,107.5628225,10,0.0,0.0,0.53725,0.53725,0.05372500000000001
2025-01-10 10:00:00,111012.SH,SELL,REBUILT_RANK_EXIT,168.527,168.35004665,310,477.39999999999753,368.1901929999949,52.00466999999999,52.00466999999999,5.200467
2025-01-10 10:00:00,111020.SH,SELL,REBUILT_STOP_LOSS_-1%,132.376,132.23700519999997,110,-204.59999999999837,-235.39368600000125,26.073719999999998,26.073719999999998,2.607372
2025-01-10 10:00:00,113046.SH,SELL,REBUILT_RANK_EXIT,107.38,107.26725099999999,10,-0.7000000000000739,-2.9557150000000547,1.07415,1.07415,0.10741500000000001
2025-01-10 10:00:00,111004.SH,BUY,BUY_NEXT_OPEN,105.266,105.3765293,20,0.0,0.0,1.0526600000000002,1.0526600000000002,0.105266
2025-01-10 10:15:00,113049.SH,SELL,REBUILT_TIME_EXIT,112.091,111.97330445,10,0.6799999999999784,-1.6731969999998455,1.1205699999999998,1.1205699999999998,0.11205699999999999
2025-01-10 10:15:00,111004.SH,SELL,REBUILT_RANK_EXIT,104.901,104.79085394999998,10,-3.650000000000091,-5.856753500000195,1.5771650000000002,1.5771650000000002,0.1577165
2025-01-10 10:15:00,111012.SH,BUY,BUY_NEXT_OPEN,169.22,169.397681,390,0.0,0.0,32.9979,32.9979,3.29979
2025-01-10 10:15:00,113043.SH,BUY,BUY_NEXT_OPEN,115.458,115.57923089999998,10,0.0,0.0,0.5772900000000001,0.5772900000000001,0.057729
2025-01-10 10:15:00,110075.SH,BUY,BUY_NEXT_OPEN,125.361,125.49262905,50,0.0,0.0,3.134025,3.134025,0.31340250000000003
2025-01-10 10:30:00,111012.SH,SELL,REBUILT_RANK_EXIT,168.618,168.4409511,390,-234.7800000000015,-373.1246609999944,65.87841,65.87841,6.587840999999999
2025-01-10 10:30:00,113043.SH,SELL,REBUILT_RANK_EXIT,115.186,115.06505470000002,10,-2.7199999999999136,-5.141761999999744,1.1532200000000001,1.1532200000000001,0.11532200000000001
2025-01-10 10:30:00,110076.SH,BUY,BUY_NEXT_OPEN,111.955,112.07255275,20,0.0,0.0,1.11955,1.11955,0.111955
2025-01-10 10:30:00,111000.SH,BUY,BUY_NEXT_OPEN,116.071,116.19287455,10,0.0,0.0,0.580355,0.580355,0.058035500000000004
2025-01-10 11:00:00,111012.SH,BUY,BUY_NEXT_OPEN,171.188,171.36774739999996,660,0.0,0.0,56.492039999999996,56.492039999999996,5.649204
2025-01-10 11:00:00,113062.SH,BUY,BUY_NEXT_OPEN,123.651,123.78083355,20,0.0,0.0,1.23651,1.23651,0.12365100000000001
2025-01-10 11:15:00,110076.SH,SELL,REBUILT_RANK_EXIT,112.138,112.02025510000001,10,1.8300000000000693,-0.5229764999999134,1.68024,1.68024,0.168024
2025-01-10 11:15:00,113062.SH,SELL,REBUILT_RANK_EXIT,123.604,123.4742158,20,-0.9399999999999409,-6.132354999999734,2.47255,2.47255,0.247255
2025-01-10 11:30:00,111004.SH,BUY,BUY_NEXT_OPEN,105.852,105.9631446,10,0.0,0.0,0.5292600000000001,0.5292600000000001,0.05292600000000001
2025-01-10 13:00:00,110075.SH,SELL,REBUILT_TIME_EXIT,125.447,125.31528064999999,20,1.7199999999999704,-3.5469680000001063,4.388495,4.388495,0.4388495
2025-01-10 13:00:00,111012.SH,SELL,REBUILT_RANK_EXIT,173.283,173.10105284999997,350,733.2499999999995,606.656907500008,86.816565,86.816565,8.681656499999999
2025-01-10 13:00:00,111004.SH,SELL,REBUILT_RANK_EXIT,105.087,104.97665865,10,-7.650000000000006,-9.864859499999966,1.0546950000000002,1.0546950000000002,0.10546950000000002
2025-01-10 13:00:00,110085.SH,BUY,BUY_NEXT_OPEN,110.316,110.43183180000001,10,0.0,0.0,0.5515800000000001,0.5515800000000001,0.055158000000000006
2025-01-10 13:15:00,110085.SH,SELL,REBUILT_RANK_EXIT,110.136,110.02035719999998,10,-1.8000000000000682,-4.114746000000196,1.10226,1.10226,0.110226
2025-01-10 13:15:00,113054.SH,BUY,BUY_NEXT_OPEN,109.2,109.31465999999999,30,0.0,0.0,1.6380000000000001,1.6380000000000001,0.1638
2025-01-10 13:30:00,111000.SH,SELL,REBUILT_RANK_EXIT,115.945,115.82325774999998,10,-1.2600000000000477,-3.6961679999999433,1.1600799999999998,1.1600799999999998,0.116008
2025-01-10 13:30:00,111012.SH,BUY,BUY_NEXT_OPEN,174.576,174.7593048,590,0.0,0.0,51.49992,51.49992,5.149992
2025-01-10 13:30:00,111004.SH,BUY,BUY_NEXT_OPEN,105.193,105.30345265000001,10,0.0,0.0,0.525965,0.525965,0.052596500000000004
2025-01-10 13:30:00,113043.SH,BUY,BUY_NEXT_OPEN,115.101,115.22185605000001,10,0.0,0.0,0.5755049999999999,0.5755049999999999,0.057550500000000004
2025-01-10 13:45:00,111020.SH,BUY,BUY_NEXT_OPEN,133.501,133.64117605000004,80,0.0,0.0,5.34004,5.34004,0.534004
2025-01-10 14:00:00,113054.SH,SELL,REBUILT_RANK_EXIT,109.305,109.19022975,30,3.1500000000001194,-3.732907499999783,3.2775750000000006,3.2775750000000006,0.32775750000000003
2025-01-10 14:00:00,113043.SH,SELL,REBUILT_RANK_EXIT,115.147,115.02609565,10,0.4600000000000648,-1.957604000000174,1.15124,1.15124,0.115124
2025-01-10 14:15:00,111017.SH,BUY,BUY_NEXT_OPEN,137.73,137.87461649999997,10,0.0,0.0,0.68865,0.68865,0.068865
2025-01-10 14:15:00,110085.SH,BUY,BUY_NEXT_OPEN,110.405,110.52092524999999,50,0.0,0.0,2.760125,2.760125,0.2760125
2025-01-10 14:45:00,111004.SH,SELL,REBUILT_RANK_EXIT,105.197,105.08654315,10,0.040000000000048885,-2.1690950000001976,1.0519500000000002,1.0519500000000002,0.10519500000000001
2025-01-10 14:45:00,111020.SH,SELL,REBUILT_TIME_EXIT,136.053,135.91014435,40,102.0799999999997,90.75873199999842,8.0611,8.0611,0.8061100000000001
2025-01-10 14:45:00,111017.SH,SELL,REBUILT_TIME_EXIT,137.739,137.59437405,10,0.09000000000014552,-2.8024244999999155,1.377345,1.377345,0.13773449999999998
2025-01-10 14:45:00,110085.SH,SELL,REBUILT_RANK_EXIT,110.133,110.01736035,50,-13.600000000000279,-25.17824499999915,5.51345,5.51345,0.551345
2025-01-10 15:00:00,111012.SH,SELL,REBUILT_RANK_EXIT,178.875,178.68718125,330,1418.6700000000021,1296.1992285000015,81.014295,81.014295,8.1014295
2025-01-10 15:00:00,111020.SH,BUY,BUY_NEXT_OPEN,137.54,137.684417,30,0.0,0.0,2.0631,2.0631,0.20631000000000002
2025-01-10 15:00:00,113051.SH,BUY,BUY_NEXT_OPEN,119.542,119.66751909999999,10,0.0,0.0,0.5977100000000001,0.5977100000000001,0.059771
2025-01-13 09:30:00,111020.SH,SELL,REBUILT_TIME_EXIT,138.0,137.85510000000002,30,13.800000000000239,5.120490000000245,4.133100000000001,4.133100000000001,0.41331000000000007
2025-01-13 09:30:00,110075.SH,BUY,BUY_NEXT_OPEN,125.225,125.35648624999999,30,0.0,0.0,1.8783750000000001,1.8783750000000001,0.18783750000000002
2025-01-13 09:30:00,111004.SH,BUY,BUY_NEXT_OPEN,105.0,105.11025,10,0.0,0.0,0.525,0.525,0.052500000000000005
2025-01-13 09:45:00,110075.SH,SELL,REBUILT_STOP_LOSS_-1%,123.412,123.2824174,30,-54.389999999999645,-62.222065499999644,3.7295550000000004,3.7295550000000004,0.37295550000000005
2025-01-13 09:45:00,111004.SH,SELL,REBUILT_RANK_EXIT,104.809,104.69895055,10,-1.910000000000025,-4.112994499999786,1.049045,1.049045,0.10490450000000001
2025-01-13 09:45:00,111000.SH,BUY,BUY_NEXT_OPEN,115.7,115.82148500000001,10,0.0,0.0,0.5785,0.5785,0.05785
2025-01-13 09:45:00,110084.SH,BUY,BUY_NEXT_OPEN,117.109,117.23196444999999,60,0.0,0.0,3.51327,3.51327,0.351327
2025-01-13 10:00:00,110084.SH,SELL,REBUILT_RANK_EXIT,117.048,116.9250996,40,-2.4399999999997135,-12.274593999999524,5.854229999999999,5.854229999999999,0.585423
2025-01-13 10:00:00,113043.SH,BUY,BUY_NEXT_OPEN,115.666,115.7874493,80,0.0,0.0,4.62664,4.62664,0.46266399999999996
2025-01-13 10:00:00,110092.SH,BUY,BUY_NEXT_OPEN,76.424,76.50424520000001,50,0.0,0.0,1.9106,1.9106,0.19106000000000004
2025-01-13 10:15:00,113051.SH,SELL,REBUILT_RANK_EXIT,119.18,119.054861,10,-3.6199999999999477,-6.12658099999976,1.19361,1.19361,0.119361
2025-01-13 10:15:00,111000.SH,SELL,REBUILT_RANK_EXIT,115.911,115.78929344999999,10,2.109999999999985,-0.3219155000001592,1.158055,1.158055,0.1158055
2025-01-13 10:15:00,110092.SH,SELL,REBUILT_RANK_EXIT,76.4,76.31978,40,-0.9600000000000364,-7.378608000000895,3.4386,3.4386,0.34386000000000005
2025-01-13 10:15:00,113066.SH,BUY,BUY_NEXT_OPEN,130.859,130.99640195,10,0.0,0.0,0.6542950000000001,0.6542950000000001,0.0654295
2025-01-13 10:30:00,111020.SH,BUY,BUY_NEXT_OPEN,139.924,140.07092020000002,20,0.0,0.0,1.3992400000000003,1.3992400000000003,0.13992400000000002
2025-01-13 10:30:00,110087.SH,BUY,BUY_NEXT_OPEN,106.749,106.86108645,10,0.0,0.0,0.533745,0.533745,0.0533745
2025-01-13 10:45:00,113043.SH,SELL,REBUILT_RANK_EXIT,115.3,115.17893500000001,10,-3.6599999999999966,-6.085143000000016,5.20314,5.20314,0.5203139999999999
2025-01-13 10:45:00,113066.SH,SELL,REBUILT_RANK_EXIT,130.835,130.69762325000002,10,-0.2400000000000091,-2.9877870000000257,1.3084700000000002,1.3084700000000002,0.130847
2025-01-13 10:45:00,111020.SH,SELL,REBUILT_RANK_EXIT,139.119,138.97292505000001,20,-16.100000000000136,-21.959903000000395,2.79043,2.79043,0.27904300000000004
2025-01-13 10:45:00,110097.SH,BUY,BUY_NEXT_OPEN,127.05,127.1834025,30,0.0,0.0,1.9057499999999998,1.9057499999999998,0.19057500000000002
2025-01-13 11:00:00,110093.SH,BUY,BUY_NEXT_OPEN,117.832,117.95572359999998,20,0.0,0.0,1.1783199999999998,1.1783199999999998,0.117832
2025-01-13 11:00:00,113051.SH,BUY,BUY_NEXT_OPEN,119.38,119.505349,20,0.0,0.0,1.1938,1.1938,0.11938000000000001
2025-01-13 11:00:00,110092.SH,BUY,BUY_NEXT_OPEN,76.859,76.93970195000001,20,0.0,0.0,0.76859,0.76859,0.076859
2025-01-13 11:15:00,113051.SH,SELL,REBUILT_RANK_EXIT,119.29,119.1647455,10,-0.899999999999892,-3.4060349999999744,1.79025,1.79025,0.17902500000000002
2025-01-13 11:15:00,110092.SH,SELL,REBUILT_RANK_EXIT,76.695,76.61447025,10,-1.6400000000000148,-3.2523170000001755,1.152065,1.152065,0.11520649999999999
2025-01-13 11:30:00,113044.SH,BUY,BUY_NEXT_OPEN,109.146,109.26060330000001,60,0.0,0.0,3.2743800000000003,3.2743800000000003,0.327438
2025-01-13 13:00:00,110086.SH,BUY,BUY_NEXT_OPEN,101.41,101.51648049999999,10,0.0,0.0,0.50705,0.50705,0.050705
2025-01-13 13:15:00,110093.SH,SELL,REBUILT_RANK_EXIT,117.115,116.99202924999999,10,-7.1699999999999875,-9.636943499999916,1.7638949999999998,1.7638949999999998,0.1763895
2025-01-13 13:15:00,110086.SH,SELL,REBUILT_RANK_EXIT,101.405,101.29852475,10,-0.049999999999954525,-2.1795574999998735,1.014075,1.014075,0.1014075
2025-01-13 13:30:00,110097.SH,SELL,REBUILT_RANK_EXIT,127.58,127.44604100000001,10,5.300000000000011,2.6263850000000275,2.54365,2.54365,0.254365
2025-01-13 13:30:00,113044.SH,SELL,REBUILT_RANK_EXIT,109.4,109.28513000000001,60,15.240000000000293,1.4716019999996206,6.556380000000001,6.556380000000001,0.655638
2025-01-13 13:45:00,110087.SH,SELL,REBUILT_RANK_EXIT,106.529,106.41714455,10,-2.1999999999999886,-4.439418999999816,1.0663900000000002,1.0663900000000002,0.106639
2025-01-13 13:45:00,111021.SH,BUY,BUY_NEXT_OPEN,119.973,120.09897164999998,30,0.0,0.0,1.799595,1.799595,0.17995950000000002
2025-01-13 13:45:00,113059.SH,BUY,BUY_NEXT_OPEN,110.197,110.31270685,30,0.0,0.0,1.652955,1.652955,0.1652955
2025-01-13 13:45:00,110085.SH,BUY,BUY_NEXT_OPEN,110.032,110.14753359999999,40,0.0,0.0,2.20064,2.20064,0.22006399999999998
2025-01-13 14:00:00,111021.SH,SELL,REBUILT_RANK_EXIT,119.451,119.32557645,10,-5.220000000000056,-7.733951999999817,2.39685,2.39685,0.23968500000000004
2025-01-13 14:00:00,110092.SH,BUY,BUY_NEXT_OPEN,77.057,77.13790985,30,0.0,0.0,1.155855,1.155855,0.11558550000000001
2025-01-13 14:00:00,111004.SH,BUY,BUY_NEXT_OPEN,105.335,105.44560175,20,0.0,0.0,1.05335,1.05335,0.105335
2025-01-13 14:15:00,110092.SH,SELL,REBUILT_RANK_EXIT,76.886,76.8052697,20,-3.4200000000001296,-6.652803000000176,1.924715,1.924715,0.19247150000000002
2025-01-13 14:30:00,111004.SH,SELL,REBUILT_RANK_EXIT,105.311,105.20042345,10,-0.239999999999867,-2.4517829999999776,1.5799050000000001,1.5799050000000001,0.1579905
2025-01-13 14:30:00,113046.SH,BUY,BUY_NEXT_OPEN,107.831,107.94422255,20,0.0,0.0,1.07831,1.07831,0.10783100000000001
2025-01-13 14:45:00,113059.SH,SELL,REBUILT_RANK_EXIT,109.936,109.8205672,30,-7.82999999999987,-14.764189499999702,3.301995,3.301995,0.33019950000000003
2025-01-13 14:45:00,110085.SH,SELL,REBUILT_TIME_EXIT,110.133,110.01736035,40,4.039999999999964,-5.206929999999375,4.4033,4.4033,0.44033
2025-01-13 14:45:00,113054.SH,BUY,BUY_NEXT_OPEN,109.293,109.40775765000001,20,0.0,0.0,1.0929300000000002,1.0929300000000002,0.10929300000000002
2025-01-14 09:30:00,110085.SH,BUY,BUY_NEXT_OPEN,110.399,110.51491895,10,0.0,0.0,0.551995,0.551995,0.0551995
2025-01-14 09:30:00,110075.SH,BUY,BUY_NEXT_OPEN,124.36,124.490578,60,0.0,0.0,3.7308,3.7308,0.37308
2025-01-14 09:45:00,113046.SH,SELL,REBUILT_RANK_EXIT,107.874,107.76073229999999,10,0.42999999999992156,-1.8349024999999983,1.61768,1.61768,0.16176800000000002
2025-01-14 09:45:00,110085.SH,SELL,REBUILT_RANK_EXIT,110.218,110.1022711,10,-1.8099999999999739,-4.126478499999848,1.103085,1.103085,0.1103085
2025-01-14 09:45:00,111003.SH,BUY,BUY_NEXT_OPEN,125.35,125.4816175,10,0.0,0.0,0.6267499999999999,0.6267499999999999,0.062675
2025-01-14 10:00:00,110092.SH,BUY,BUY_NEXT_OPEN,78.146,78.2280533,60,0.0,0.0,2.34438,2.34438,0.23443799999999998
2025-01-14 10:00:00,110085.SH,BUY,BUY_NEXT_OPEN,111.008,111.1245584,80,0.0,0.0,4.44032,4.44032,0.44403200000000004
2025-01-14 10:15:00,110092.SH,SELL,REBUILT_RANK_EXIT,78.196,78.1138942,60,2.9999999999998295,-6.849545999999464,4.69026,4.69026,0.46902599999999994
2025-01-14 10:30:00,110085.SH,SELL,REBUILT_RANK_EXIT,110.876,110.75958020000002,20,-2.639999999999816,-7.299563999999464,5.54908,5.54908,0.5549080000000001
2025-01-14 10:45:00,113054.SH,SELL,REBUILT_TIME_EXIT,109.26,109.145277,10,-0.3300000000000125,-2.6248065000002043,1.6392300000000002,1.6392300000000002,0.16392300000000004
2025-01-14 10:45:00,110095.SH,BUY,BUY_NEXT_OPEN,99.751,99.85573855,40,0.0,0.0,1.9950200000000002,1.9950200000000002,0.199502
2025-01-14 11:00:00,110075.SH,SELL,REBUILT_RANK_EXIT,125.3,125.16843499999999,40,37.59999999999991,27.11427999999978,6.2368,6.2368,0.62368
2025-01-14 11:00:00,113062.SH,BUY,BUY_NEXT_OPEN,123.336,123.4655028,170,0.0,0.0,10.48356,10.48356,1.048356
2025-01-14 11:00:00,113051.SH,BUY,BUY_NEXT_OPEN,119.371,119.49633955,60,0.0,0.0,3.58113,3.58113,0.358113
2025-01-14 11:15:00,113062.SH,SELL,REBUILT_RANK_EXIT,123.178,123.0486631,20,-3.160000000000025,-8.336793999999827,11.715340000000001,11.715340000000001,1.171534
2025-01-14 11:15:00,113051.SH,SELL,REBUILT_RANK_EXIT,119.381,119.25564994999999,20,0.20000000000010232,-4.813791999999921,4.77494,4.77494,0.47749400000000003
2025-01-14 11:15:00,110092.SH,BUY,BUY_NEXT_OPEN,79.15,79.2331075,120,0.0,0.0,4.7490000000000006,4.7490000000000006,0.4749
2025-01-14 13:00:00,110092.SH,SELL,REBUILT_RANK_EXIT,78.939,78.85611405,120,-25.320000000001528,-45.239214000001084,9.48534,9.48534,0.948534
2025-01-14 13:00:00,111015.SH,BUY,BUY_NEXT_OPEN,111.7,111.81728500000001,10,0.0,0.0,0.5585,0.5585,0.055850000000000004
2025-01-14 13:00:00,110097.SH,BUY,BUY_NEXT_OPEN,128.92,129.055366,10,0.0,0.0,0.6445999999999998,0.6445999999999998,0.06445999999999999
2025-01-14 13:15:00,110092.SH,BUY,BUY_NEXT_OPEN,79.798,79.8817879,190,0.0,0.0,7.5808100000000005,7.5808100000000005,0.758081
2025-01-14 13:30:00,110095.SH,SELL,REBUILT_RANK_EXIT,100.854,100.7481033,40,44.11999999999978,35.69459000000006,4.0121,4.0121,0.40121
2025-01-14 13:30:00,110097.SH,SELL,REBUILT_RANK_EXIT,129.35,129.2141825,10,4.300000000000068,1.58816499999989,1.2913499999999998,1.2913499999999998,0.129135
2025-01-14 13:30:00,110092.SH,SELL,REBUILT_RANK_EXIT,79.86,79.77614700000001,190,11.779999999999546,-20.07177099999899,15.16751,15.16751,1.516751
2025-01-14 13:45:00,113048.SH,BUY,BUY_NEXT_OPEN,108.468,108.58189139999999,40,0.0,0.0,2.16936,2.16936,0.21693600000000002
2025-01-14 13:45:00,113058.SH,BUY,BUY_NEXT_OPEN,120.155,120.28116275000001,40,0.0,0.0,2.4031,2.4031,0.24031
2025-01-14 13:45:00,110085.SH,BUY,BUY_NEXT_OPEN,110.944,111.06049119999999,100,0.0,0.0,5.5472,5.5472,0.55472
2025-01-14 14:00:00,110085.SH,SELL,REBUILT_RANK_EXIT,111.035,110.91841325000001,60,5.4599999999996385,-8.524676999998519,8.87825,8.87825,0.8878250000000001
2025-01-14 14:15:00,111015.SH,SELL,REBUILT_RANK_EXIT,112.367,112.24901464999999,10,6.670000000000016,4.317296499999657,1.120335,1.120335,0.11203350000000001
2025-01-14 14:15:00,113058.SH,SELL,REBUILT_RANK_EXIT,119.713,119.58730135,20,-8.840000000000146,-13.877227999999832,3.60023,3.60023,0.360023
2025-01-14 14:15:00,111018.SH,BUY,BUY_NEXT_OPEN,115.031,115.15178255,20,0.0,0.0,1.1503100000000002,1.1503100000000002,0.11503100000000001
2025-01-14 14:30:00,111003.SH,SELL,REBUILT_RANK_EXIT,125.858,125.7258491,10,5.080000000000098,2.442316000000119,1.25604,1.25604,0.125604
2025-01-14 14:30:00,110093.SH,BUY,BUY_NEXT_OPEN,119.033,119.15798465,40,0.0,0.0,2.3806599999999998,2.3806599999999998,0.238066
2025-01-14 14:30:00,113066.SH,BUY,BUY_NEXT_OPEN,132.314,132.4529297,30,0.0,0.0,1.9847099999999998,1.9847099999999998,0.19847099999999998
2025-01-14 14:45:00,113048.SH,SELL,REBUILT_RANK_EXIT,108.532,108.41804139999999,40,2.559999999999718,-6.554000000000087,4.34,4.34,0.43400000000000005
2025-01-14 14:45:00,111018.SH,SELL,REBUILT_TIME_EXIT,115.301,115.17993395000002,10,2.69999999999996,0.28151400000047033,1.7268150000000002,1.7268150000000002,0.17268150000000002
2025-01-14 14:45:00,110093.SH,SELL,REBUILT_TIME_EXIT,118.56,118.435512,40,-18.91999999999996,-28.898906000000352,4.75186,4.75186,0.475186
2025-01-14 14:45:00,113066.SH,SELL,REBUILT_RANK_EXIT,132.303,132.16408185000003,20,-0.2199999999999136,-5.776956999999584,3.30774,3.30774,0.330774
2025-01-14 14:45:00,110092.SH,BUY,BUY_NEXT_OPEN,80.755,80.83979275,350,0.0,0.0,14.132124999999998,14.132124999999998,1.4132125
2025-01-14 15:00:00,110092.SH,SELL,REBUILT_TIME_EXIT,81.274,81.18866229999999,50,25.950000000000273,17.443477499999517,16.163974999999997,16.163974999999997,1.6163975
2025-01-14 15:00:00,110095.SH,BUY,BUY_NEXT_OPEN,102.468,102.5755914,30,0.0,0.0,1.53702,1.53702,0.153702
2025-01-15 09:30:00,110095.SH,SELL,REBUILT_RANK_EXIT,102.1,101.99279499999999,30,-11.040000000000276,-17.483892000000196,3.06852,3.06852,0.306852
2025-01-15 09:30:00,110085.SH,BUY,BUY_NEXT_OPEN,111.0,111.11654999999999,40,0.0,0.0,2.22,2.22,0.222
2025-01-15 09:30:00,113043.SH,BUY,BUY_NEXT_OPEN,117.617,117.74049785,10,0.0,0.0,0.5880850000000001,0.5880850000000001,0.05880850000000001
2025-01-15 09:45:00,110085.SH,SELL,REBUILT_RANK_EXIT,110.878,110.76157809999998,20,-2.4399999999999977,-7.099438000000191,3.32878,3.32878,0.332878
2025-01-15 09:45:00,113043.SH,SELL,REBUILT_RANK_EXIT,117.57,117.4465515,10,-0.47000000000011255,-2.9394635000001017,1.175935,1.175935,0.11759350000000002
2025-01-15 09:45:00,111014.SH,BUY,BUY_NEXT_OPEN,113.8,113.91949,250,0.0,0.0,14.225,14.225,1.4224999999999999
2025-01-15 09:45:00,111000.SH,BUY,BUY_NEXT_OPEN,119.54,119.66551700000001,190,0.0,0.0,11.356300000000001,11.356300000000001,1.1356300000000001
2025-01-15 09:45:00,113044.SH,BUY,BUY_NEXT_OPEN,110.726,110.8422623,400,0.0,0.0,22.145200000000003,22.145200000000003,2.21452
2025-01-15 10:00:00,111000.SH,SELL,REBUILT_STOP_LOSS_-1%,118.082,117.95801390000001,30,-43.74000000000038,-51.225093000000015,13.12753,13.12753,1.312753
2025-01-15 10:00:00,113527.SH,BUY,BUY_NEXT_OPEN,115.003,115.12375315,20,0.0,0.0,1.15003,1.15003,0.115003
2025-01-15 10:15:00,111014.SH,SELL,REBUILT_RANK_EXIT,113.004,112.88534580000001,100,-79.59999999999923,-103.41441999999915,19.8752,19.8752,1.98752
2025-01-15 10:15:00,113059.SH,BUY,BUY_NEXT_OPEN,110.89,111.00643450000001,30,0.0,0.0,1.66335,1.66335,0.166335
2025-01-15 10:15:00,113053.SH,BUY,BUY_NEXT_OPEN,106.449,106.56077144999999,10,0.0,0.0,0.532245,0.532245,0.0532245
2025-01-15 10:30:00,113053.SH,SELL,REBUILT_RANK_EXIT,106.376,106.2643052,10,-0.7299999999999329,-2.9646625000000313,1.064125,1.064125,0.1064125
2025-01-15 10:30:00,111014.SH,BUY,BUY_NEXT_OPEN,113.21,113.32887050000001,50,0.0,0.0,2.83025,2.83025,0.28302499999999997
2025-01-15 10:45:00,113044.SH,SELL,REBUILT_RANK_EXIT,111.364,111.2470678,160,102.08000000000084,64.76887999999963,31.054320000000004,31.054320000000004,3.105432
2025-01-15 10:45:00,113527.SH,SELL,REBUILT_RANK_EXIT,114.951,114.83030145000001,10,-0.5200000000000671,-2.9345169999999143,1.7247850000000002,1.7247850000000002,0.17247849999999998
2025-01-15 10:45:00,111014.SH,SELL,REBUILT_RANK_EXIT,113.12,113.001224,40,-3.599999999999568,-13.105860000000575,5.092650000000001,5.092650000000001,0.509265
2025-01-15 10:45:00,110092.SH,BUY,BUY_NEXT_OPEN,81.619,81.70469994999999,90,0.0,0.0,3.6728549999999998,3.6728549999999998,0.3672855
2025-01-15 11:00:00,110095.SH,BUY,BUY_NEXT_OPEN,102.868,102.97601139999999,320,0.0,0.0,16.45888,16.45888,1.645888
2025-01-15 11:00:00,110073.SH,BUY,BUY_NEXT_OPEN,115.935,116.05673175000001,60,0.0,0.0,3.4780500000000005,3.4780500000000005,0.34780500000000003
2025-01-15 11:00:00,110097.SH,BUY,BUY_NEXT_OPEN,129.5,129.635975,10,0.0,0.0,0.6475,0.6475,0.06475
2025-01-15 11:15:00,113059.SH,SELL,REBUILT_RANK_EXIT,111.246,111.1291917,30,10.679999999999836,3.6827159999998003,3.33204,3.33204,0.333204
2025-01-15 11:15:00,110073.SH,SELL,REBUILT_RANK_EXIT,115.956,115.8342462,40,0.8400000000000318,-8.899422000000413,5.79717,5.79717,0.579717
2025-01-15 11:15:00,110097.SH,SELL,REBUILT_RANK_EXIT,129.639,129.50287905000002,10,1.3900000000001,-1.3309594999998353,1.295695,1.295695,0.1295695
2025-01-15 11:30:00,110092.SH,SELL,REBUILT_RANK_EXIT,81.846,81.7600617,20,4.540000000000077,1.1072350000001734,4.491315,4.491315,0.4491315
2025-01-15 11:30:00,113059.SH,BUY,BUY_NEXT_OPEN,111.682,111.7992661,20,0.0,0.0,1.1168200000000001,1.1168200000000001,0.11168200000000002
2025-01-15 13:00:00,110087.SH,BUY,BUY_NEXT_OPEN,107.7,107.813085,20,0.0,0.0,1.077,1.077,0.1077
2025-01-15 13:15:00,110095.SH,SELL,REBUILT_RANK_EXIT,104.09,103.98070549999998,110,134.42000000000093,110.5163509999984,22.18383,22.18383,2.218383
2025-01-15 13:15:00,111002.SH,BUY,BUY_NEXT_OPEN,119.146,119.27110330000001,20,0.0,0.0,1.19146,1.19146,0.119146
2025-01-15 13:30:00,111002.SH,SELL,REBUILT_RANK_EXIT,118.989,118.86406155,20,-3.1399999999999295,-8.140835000000152,2.3813500000000003,2.3813500000000003,0.238135
2025-01-15 13:30:00,113054.SH,BUY,BUY_NEXT_OPEN,109.795,109.91028474999999,20,0.0,0.0,1.09795,1.09795,0.10979500000000002
2025-01-15 13:30:00,113046.SH,BUY,BUY_NEXT_OPEN,108.506,108.6199313,10,0.0,0.0,0.5425300000000001,0.5425300000000001,0.054253
2025-01-15 13:45:00,113059.SH,SELL,REBUILT_RANK_EXIT,111.636,111.51878219999999,20,-0.9200000000001296,-5.609678000000258,2.23318,2.23318,0.22331800000000002
2025-01-15 13:45:00,111015.SH,BUY,BUY_NEXT_OPEN,112.516,112.63414180000001,80,0.0,0.0,4.500640000000001,4.500640000000001,0.450064
2025-01-15 14:00:00,110087.SH,SELL,REBUILT_RANK_EXIT,107.899,107.78570605,10,1.9899999999999807,-0.2737895000000208,1.616495,1.616495,0.1616495
2025-01-15 14:00:00,113054.SH,SELL,REBUILT_RANK_EXIT,109.867,109.75163965,20,1.4400000000000546,-3.1729019999997945,2.1966200000000002,2.1966200000000002,0.21966200000000002
2025-01-15 14:00:00,110086.SH,BUY,BUY_NEXT_OPEN,104.101,104.21030605000001,10,0.0,0.0,0.520505,0.520505,0.0520505
2025-01-15 14:15:00,110086.SH,SELL,REBUILT_RANK_EXIT,103.971,103.86183045,10,-1.2999999999999545,-3.4847560000000612,1.0403600000000002,1.0403600000000002,0.104036
2025-01-15 14:15:00,113054.SH,BUY,BUY_NEXT_OPEN,109.9,110.01539500000001,10,0.0,0.0,0.5495000000000001,0.5495000000000001,0.054950000000000006
2025-01-15 14:30:00,113046.SH,SELL,REBUILT_RANK_EXIT,108.663,108.54890384999999,10,1.5699999999999648,-0.710274500000196,1.085845,1.085845,0.1085845
2025-01-15 14:30:00,111015.SH,SELL,REBUILT_RANK_EXIT,113.717,113.59759714999998,10,12.009999999999934,9.63455349999981,5.069225,5.069225,0.5069225
2025-01-15 14:30:00,113054.SH,SELL,REBUILT_RANK_EXIT,109.873,109.75763335,10,-0.27000000000001023,-2.5776164999999764,1.0988650000000002,1.0988650000000002,0.1098865
2025-01-15 14:30:00,111018.SH,BUY,BUY_NEXT_OPEN,115.847,115.96863934999999,10,0.0,0.0,0.5792349999999999,0.5792349999999999,0.0579235
2025-01-15 14:30:00,110086.SH,BUY,BUY_NEXT_OPEN,104.279,104.38849294999999,30,0.0,0.0,1.564185,1.564185,0.15641850000000002
2025-01-15 14:45:00,111018.SH,SELL,REBUILT_RANK_EXIT,115.641,115.51957695,10,-2.0599999999998886,-4.490623999999798,1.15744,1.15744,0.11574400000000001
2025-01-15 14:45:00,110086.SH,SELL,REBUILT_RANK_EXIT,103.583,103.47423785000001,20,-13.919999999999959,-18.28510199999937,2.600015,2.600015,0.2600015
2025-01-15 14:45:00,113042.SH,BUY,BUY_NEXT_OPEN,120.234,120.36024570000001,170,0.0,0.0,10.21989,10.21989,1.021989
2025-01-15 14:45:00,111015.SH,BUY,BUY_NEXT_OPEN,113.85,113.9695425,10,0.0,0.0,0.5692499999999999,0.5692499999999999,0.056924999999999996
2025-01-15 14:45:00,110092.SH,BUY,BUY_NEXT_OPEN,81.905,81.99100025000001,50,0.0,0.0,2.047625,2.047625,0.2047625
2025-01-15 15:00:00,113042.SH,SELL,REBUILT_TIME_EXIT,120.221,120.09476795000002,50,-0.6499999999995509,-13.273887499999546,13.225415,13.225415,1.3225415
2025-01-15 15:00:00,110092.SH,SELL,REBUILT_RANK_EXIT,81.812,81.72609739999999,10,-0.9300000000000352,-2.649028500000327,2.4566850000000002,2.4566850000000002,0.24566849999999998
2025-01-16 09:30:00,111015.SH,SELL,REBUILT_TIME_EXIT,113.9,113.780405,10,0.5000000000001137,-1.8913750000001528,1.13875,1.13875,0.113875
2025-01-16 09:30:00,110093.SH,BUY,BUY_NEXT_OPEN,119.394,119.5193637,20,0.0,0.0,1.1939400000000002,1.1939400000000002,0.11939400000000001
2025-01-16 09:30:00,111017.SH,BUY,BUY_NEXT_OPEN,137.15,137.29400750000002,10,0.0,0.0,0.6857500000000001,0.6857500000000001,0.06857500000000001
2025-01-16 09:30:00,110073.SH,BUY,BUY_NEXT_OPEN,115.66,115.78144299999998,40,0.0,0.0,2.3132,2.3132,0.23132
2025-01-16 09:45:00,110093.SH,SELL,REBUILT_RANK_EXIT,119.719,119.59329505,20,6.499999999999773,1.4786269999999604,2.3911300000000004,2.3911300000000004,0.23911300000000002
2025-01-16 09:45:00,111017.SH,SELL,REBUILT_RANK_EXIT,137.943,137.79815985000002,10,7.930000000000064,5.041523500000039,1.3754650000000002,1.3754650000000002,0.13754650000000002
2025-01-16 09:45:00,110073.SH,SELL,REBUILT_RANK_EXIT,116.154,116.0320383,30,14.819999999999993,7.517859000000499,4.05551,4.05551,0.405551
2025-01-16 09:45:00,110092.SH,BUY,BUY_NEXT_OPEN,84.692,84.78092659999999,590,0.0,0.0,24.984139999999996,24.984139999999996,2.498414
2025-01-16 09:45:00,110090.SH,BUY,BUY_NEXT_OPEN,128.6,128.73503,390,0.0,0.0,25.076999999999998,25.076999999999998,2.5077
2025-01-16 10:00:00,113066.SH,BUY,BUY_NEXT_OPEN,133.81,133.95050049999998,160,0.0,0.0,10.7048,10.7048,1.07048
2025-01-16 10:00:00,111018.SH,BUY,BUY_NEXT_OPEN,116.471,116.59329455,10,0.0,0.0,0.5823550000000001,0.5823550000000001,0.0582355
2025-01-16 10:00:00,110087.SH,BUY,BUY_NEXT_OPEN,108.28,108.39369400000001,30,0.0,0.0,1.6242,1.6242,0.16242
2025-01-16 10:15:00,110092.SH,SELL,REBUILT_STOP_LOSS_-1%,83.65,83.5621675,200,-208.39999999999748,-243.75181999999768,33.34914,33.34914,3.334914
2025-01-16 10:15:00,110087.SH,SELL,REBUILT_RANK_EXIT,107.989,107.87561155,10,-2.909999999999968,-5.1808244999999715,2.164145,2.164145,0.2164145
2025-01-16 10:30:00,113066.SH,SELL,REBUILT_RANK_EXIT,133.888,133.7474176,50,3.900000000000148,-10.154144999998607,14.052,14.052,1.4052000000000002
2025-01-16 10:30:00,113055.SH,BUY,BUY_NEXT_OPEN,139.39,139.53635949999997,30,0.0,0.0,2.0908499999999997,2.0908499999999997,0.209085
2025-01-16 10:30:00,113546.SH,BUY,BUY_NEXT_OPEN,141.0,141.14805,300,0.0,0.0,21.150000000000002,21.150000000000002,2.115
2025-01-16 10:45:00,113055.SH,SELL,REBUILT_RANK_EXIT,138.835,138.68922325000003,10,-5.549999999999784,-8.471362499999486,2.7850249999999996,2.7850249999999996,0.2785025
2025-01-16 10:45:00,113546.SH,SELL,REBUILT_RANK_EXIT,140.759,140.61120304999997,120,-28.920000000001664,-64.42163400000572,29.59554,29.59554,2.9595540000000002
2025-01-16 10:45:00,111020.SH,BUY,BUY_NEXT_OPEN,132.812,132.9514526,20,0.0,0.0,1.3281200000000002,1.3281200000000002,0.132812
2025-01-16 11:00:00,110090.SH,SELL,REBUILT_RANK_EXIT,128.745,128.60981775000002,390,56.55000000000399,-48.83277749999252,50.182275,50.182275,5.0182275
2025-01-16 11:00:00,113055.SH,BUY,BUY_NEXT_OPEN,139.121,139.26707705,10,0.0,0.0,0.6956050000000001,0.6956050000000001,0.06956050000000001
2025-01-16 11:00:00,113052.SH,BUY,BUY_NEXT_OPEN,114.815,114.93555574999999,180,0.0,0.0,10.33335,10.33335,1.0333350000000001
2025-01-16 11:15:00,111020.SH,SELL,REBUILT_RANK_EXIT,131.806,131.66760370000003,10,-10.060000000000002,-12.838488999999981,1.9871500000000002,1.9871500000000002,0.19871500000000003
2025-01-16 11:30:00,113042.SH,BUY,BUY_NEXT_OPEN,120.068,120.1940714,30,0.0,0.0,1.8010199999999998,1.8010199999999998,0.18010199999999998
2025-01-16 13:00:00,111018.SH,SELL,REBUILT_TIME_EXIT,116.451,116.32872644999998,10,-0.20000000000010232,-2.645681000000195,1.1646100000000001,1.1646100000000001,0.11646100000000001
2025-01-16 13:00:00,113066.SH,BUY,BUY_NEXT_OPEN,133.886,134.0265803,50,0.0,0.0,3.34715,3.34715,0.334715
2025-01-16 13:15:00,113055.SH,SELL,REBUILT_RANK_EXIT,138.919,138.77313505000004,10,-2.019999999999982,-4.9394199999997,1.3902,1.3902,0.13902000000000003
2025-01-16 13:15:00,111018.SH,BUY,BUY_NEXT_OPEN,116.802,116.92464210000001,10,0.0,0.0,0.58401,0.58401,0.05840100000000001
2025-01-16 13:30:00,113052.SH,SELL,REBUILT_RANK_EXIT,114.724,114.60353980000001,90,-8.189999999999458,-29.881435499999498,15.49593,15.49593,1.5495930000000002
2025-01-16 13:45:00,113042.SH,SELL,REBUILT_RANK_EXIT,120.232,120.10575640000002,30,4.920000000000044,-2.649449999999433,3.6045,3.6045,0.36045
2025-01-16 13:45:00,110090.SH,BUY,BUY_NEXT_OPEN,127.854,127.98824670000002,220,0.0,0.0,14.063939999999999,14.063939999999999,1.4063940000000001
2025-01-16 14:00:00,113066.SH,SELL,REBUILT_RANK_EXIT,134.345,134.20393775,50,22.95000000000016,8.867872499999066,6.705775,6.705775,0.6705775
2025-01-16 14:00:00,110090.SH,SELL,REBUILT_RANK_EXIT,126.603,126.47006685000001,220,-275.22000000000105,-333.99956699999893,27.99027,27.99027,2.799027
2025-01-16 14:00:00,110076.SH,BUY,BUY_NEXT_OPEN,112.952,113.07059960000001,20,0.0,0.0,1.1295199999999999,1.1295199999999999,0.112952
2025-01-16 14:00:00,113054.SH,BUY,BUY_NEXT_OPEN,109.487,109.60196135,10,0.0,0.0,0.547435,0.547435,0.0547435
2025-01-16 14:15:00,113066.SH,BUY,BUY_NEXT_OPEN,134.874,135.0156177,80,0.0,0.0,5.394959999999999,5.394959999999999,0.539496
2025-01-16 14:15:00,111020.SH,BUY,BUY_NEXT_OPEN,131.923,132.06151914999998,40,0.0,0.0,2.6384600000000002,2.6384600000000002,0.263846
2025-01-16 14:30:00,110076.SH,SELL,REBUILT_RANK_EXIT,112.9,112.78145500000001,10,-0.519999999999925,-2.8914460000000872,1.69402,1.69402,0.169402
2025-01-16 14:30:00,113054.SH,SELL,REBUILT_RANK_EXIT,109.558,109.44296410000001,10,0.7100000000001216,-1.5899724999997034,1.0952250000000001,1.0952250000000001,0.10952250000000001
2025-01-16 14:45:00,113066.SH,SELL,REBUILT_RANK_EXIT,134.344,134.2029388,60,-31.800000000000068,-48.76073400000132,9.425279999999999,9.425279999999999,0.942528
2025-01-16 14:45:00,111020.SH,SELL,REBUILT_RANK_EXIT,131.591,131.45282945,20,-6.639999999999873,-12.173793999999816,3.9543700000000004,3.9543700000000004,0.39543700000000004
2025-01-16 14:45:00,113054.SH,BUY,BUY_NEXT_OPEN,109.58,109.69505899999999,10,0.0,0.0,0.5478999999999999,0.5478999999999999,0.054790000000000005
2025-01-16 14:45:00,113042.SH,BUY,BUY_NEXT_OPEN,120.495,120.62151975,60,0.0,0.0,3.61485,3.61485,0.36148500000000006
2025-01-16 15:00:00,113042.SH,SELL,REBUILT_RANK_EXIT,120.3,120.173685,10,-1.950000000000074,-4.4783475000001545,4.21635,4.21635,0.42163500000000004
2025-01-17 09:30:00,110090.SH,BUY,BUY_NEXT_OPEN,125.0,125.13125,230,0.0,0.0,14.375,14.375,1.4375
2025-01-17 09:30:00,113055.SH,BUY,BUY_NEXT_OPEN,139.573,139.71955165,50,0.0,0.0,3.489325,3.489325,0.34893250000000003
2025-01-17 09:45:00,113055.SH,SELL,REBUILT_RANK_EXIT,139.671,139.52434544999997,50,4.899999999999238,-9.760310000001482,6.9811,6.9811,0.69811
2025-01-17 09:45:00,111021.SH,BUY,BUY_NEXT_OPEN,119.427,119.55239835,10,0.0,0.0,0.597135,0.597135,0.0597135
2025-01-17 10:00:00,113054.SH,SELL,REBUILT_RANK_EXIT,109.433,109.31809535000001,10,-1.4699999999999136,-3.769636499999933,1.095065,1.095065,0.1095065
2025-01-17 10:00:00,111021.SH,SELL,REBUILT_RANK_EXIT,119.001,118.87604895000001,10,-4.260000000000019,-6.76349399999981,1.19214,1.19214,0.119214
2025-01-17 10:00:00,113044.SH,BUY,BUY_NEXT_OPEN,110.812,110.92835260000001,260,0.0,0.0,14.40556,14.40556,1.4405560000000002
2025-01-17 10:15:00,110090.SH,SELL,REBUILT_RANK_EXIT,127.294,127.16034129999998,230,527.6199999999993,466.6909989999949,29.01381,29.01381,2.9013809999999998
2025-01-17 10:15:00,110075.SH,BUY,BUY_NEXT_OPEN,126.6,126.73293,60,0.0,0.0,3.7979999999999996,3.7979999999999996,0.37979999999999997
2025-01-17 10:15:00,111000.SH,BUY,BUY_NEXT_OPEN,118.196,118.32010580000001,10,0.0,0.0,0.59098,0.59098,0.059098
2025-01-17 10:30:00,110075.SH,SELL,REBUILT_RANK_EXIT,126.377,126.24430415,20,-4.4599999999999795,-9.772516999999425,5.061769999999999,5.061769999999999,0.506177
2025-01-17 10:30:00,111000.SH,SELL,REBUILT_RANK_EXIT,118.128,118.00396559999999,10,-0.6799999999999784,-3.16140200000018,1.18162,1.18162,0.11816199999999999
2025-01-17 10:30:00,113042.SH,BUY,BUY_NEXT_OPEN,120.482,120.60850610000001,120,0.0,0.0,7.2289200000000005,7.2289200000000005,0.722892
2025-01-17 10:45:00,113044.SH,SELL,REBUILT_RANK_EXIT,111.643,111.52577485000002,120,99.72000000000037,71.69066999999995,21.10414,21.10414,2.1104140000000005
2025-01-17 10:45:00,113042.SH,SELL,REBUILT_RANK_EXIT,120.415,120.28856425,50,-3.3499999999996533,-15.99709250000069,10.239295,10.239295,1.0239295
2025-01-17 10:45:00,111004.SH,BUY,BUY_NEXT_OPEN,106.85,106.9621925,20,0.0,0.0,1.0685,1.0685,0.10685
2025-01-17 11:00:00,113054.SH,BUY,BUY_NEXT_OPEN,109.74,109.85522699999999,10,0.0,0.0,0.5487,0.5487,0.054869999999999995
2025-01-17 11:15:00,111018.SH,SELL,REBUILT_TIME_EXIT,116.932,116.80922140000001,10,1.2999999999999545,-1.1542069999998148,1.16867,1.16867,0.11686700000000001
2025-01-17 11:15:00,113042.SH,BUY,BUY_NEXT_OPEN,120.478,120.60450189999999,60,0.0,0.0,3.61434,3.61434,0.36143400000000003
2025-01-17 11:30:00,113042.SH,SELL,REBUILT_RANK_EXIT,120.325,120.19865874999999,20,-3.0599999999998317,-8.11686299999974,4.81759,4.81759,0.48175900000000005
2025-01-17 11:30:00,110097.SH,BUY,BUY_NEXT_OPEN,128.501,128.63592605000002,10,0.0,0.0,0.642505,0.642505,0.0642505
2025-01-17 13:00:00,113054.SH,SELL,REBUILT_RANK_EXIT,109.807,109.69170265000001,10,0.6700000000000728,-1.6352434999998877,1.0977350000000001,1.0977350000000001,0.1097735
2025-01-17 13:00:00,113058.SH,BUY,BUY_NEXT_OPEN,120.199,120.32520895000002,20,0.0,0.0,1.20199,1.20199,0.120199
2025-01-17 13:15:00,113058.SH,SELL,REBUILT_RANK_EXIT,120.032,119.90596639999998,20,-3.340000000000032,-8.384851000000708,2.40231,2.40231,0.240231
2025-01-17 13:15:00,113066.SH,BUY,BUY_NEXT_OPEN,134.944,135.0856912,40,0.0,0.0,2.6988799999999995,2.6988799999999995,0.269888
2025-01-17 13:15:00,111018.SH,BUY,BUY_NEXT_OPEN,117.647,117.77052935,30,0.0,0.0,1.764705,1.764705,0.17647050000000003
2025-01-17 13:30:00,111004.SH,SELL,REBUILT_TIME_EXIT,108.036,107.9225622,10,11.86000000000007,9.603697000000011,1.60868,1.60868,0.160868
2025-01-17 13:30:00,113066.SH,SELL,REBUILT_RANK_EXIT,134.642,134.50062590000002,20,-6.03999999999985,-11.701305999999931,4.045299999999999,4.045299999999999,0.40453000000000006
2025-01-17 13:30:00,111015.SH,BUY,BUY_NEXT_OPEN,112.152,112.26975960000001,10,0.0,0.0,0.56076,0.56076,0.056076
2025-01-17 13:45:00,111018.SH,SELL,REBUILT_RANK_EXIT,117.691,117.56742444999999,10,0.4399999999999693,-2.0310490000001664,2.35316,2.35316,0.23531600000000003
2025-01-17 13:45:00,111015.SH,SELL,REBUILT_RANK_EXIT,112.051,111.93334644999999,10,-1.009999999999991,-3.3641315000002123,1.1210149999999999,1.1210149999999999,0.1121015
2025-01-17 14:00:00,110086.SH,BUY,BUY_NEXT_OPEN,104.4,104.50962,50,0.0,0.0,2.6100000000000003,2.6100000000000003,0.261
2025-01-17 14:00:00,111015.SH,BUY,BUY_NEXT_OPEN,112.372,112.4899906,100,0.0,0.0,5.6186,5.6186,0.56186
2025-01-17 14:00:00,110081.SH,BUY,BUY_NEXT_OPEN,110.8,110.91634,190,0.0,0.0,10.526,10.526,1.0526
2025-01-17 14:00:00,110095.SH,BUY,BUY_NEXT_OPEN,103.813,103.92200365000001,30,0.0,0.0,1.557195,1.557195,0.1557195
2025-01-17 14:15:00,110097.SH,SELL,REBUILT_TIME_EXIT,132.85,132.71050749999998,10,43.489999999999895,40.74581449999937,1.3067549999999999,1.3067549999999999,0.1306755
2025-01-17 14:30:00,110086.SH,SELL,REBUILT_RANK_EXIT,104.577,104.46719415,20,3.53999999999985,-0.8485169999999016,3.6557700000000004,3.6557700000000004,0.36557700000000004
2025-01-17 14:30:00,111015.SH,SELL,REBUILT_RANK_EXIT,112.853,112.73450435,30,14.429999999999836,7.335412500000075,7.311394999999999,7.311394999999999,0.7311395
2025-01-17 14:30:00,110095.SH,SELL,REBUILT_RANK_EXIT,103.827,103.71798165,20,0.27999999999991587,-4.080440000000181,2.595465,2.595465,0.2595465
2025-01-17 14:45:00,110081.SH,SELL,REBUILT_RANK_EXIT,110.432,110.3160464,130,-47.83999999999935,-78.03816799999913,17.70408,17.70408,1.7704080000000002
2025-01-17 14:45:00,111015.SH,BUY,BUY_NEXT_OPEN,113.386,113.50505529999998,10,0.0,0.0,0.56693,0.56693,0.05669300000000001
2025-01-17 14:45:00,113048.SH,BUY,BUY_NEXT_OPEN,108.36,108.47377800000001,20,0.0,0.0,1.0836,1.0836,0.10836
2025-01-17 14:45:00,113052.SH,BUY,BUY_NEXT_OPEN,114.886,115.00663030000001,70,0.0,0.0,4.02101,4.02101,0.402101
2025-01-17 14:45:00,110073.SH,BUY,BUY_NEXT_OPEN,115.379,115.50014795,50,0.0,0.0,2.884475,2.884475,0.2884475
2025-01-17 15:00:00,113048.SH,SELL,REBUILT_RANK_EXIT,108.309,108.19527555,10,-0.5100000000000193,-2.7850245000001905,1.6251449999999998,1.6251449999999998,0.1625145
2025-01-20 09:30:00,111015.SH,SELL,REBUILT_RANK_EXIT,113.033,112.91431535,10,-3.5299999999999443,-5.907399499999883,1.132095,1.132095,0.11320950000000002
2025-01-20 09:30:00,113052.SH,SELL,REBUILT_TIME_EXIT,115.0,114.87924999999998,70,7.980000000000302,-8.916621000002124,8.04601,8.04601,0.8046009999999999
2025-01-20 09:30:00,110073.SH,SELL,REBUILT_RANK_EXIT,115.7,115.578515,50,16.049999999999898,3.9183524999998554,5.776975,5.776975,0.5776975
2025-01-20 09:30:00,113048.SH,BUY,BUY_NEXT_OPEN,109.0,109.11445,10,0.0,0.0,0.545,0.545,0.0545
2025-01-20 09:30:00,111002.SH,BUY,BUY_NEXT_OPEN,119.183,119.30814215,10,0.0,0.0,0.5959150000000001,0.5959150000000001,0.059591500000000006
2025-01-20 09:45:00,113048.SH,SELL,REBUILT_RANK_EXIT,108.482,108.36809389999999,10,-5.180000000000007,-7.463561000000254,1.08741,1.08741,0.108741
2025-01-20 09:45:00,110073.SH,BUY,BUY_NEXT_OPEN,115.92,116.041716,50,0.0,0.0,2.898,2.898,0.2898
2025-01-20 09:45:00,111021.SH,BUY,BUY_NEXT_OPEN,120.472,120.5984956,10,0.0,0.0,0.60236,0.60236,0.060236
2025-01-20 09:45:00,113046.SH,BUY,BUY_NEXT_OPEN,109.041,109.15549304999999,10,0.0,0.0,0.5452049999999999,0.5452049999999999,0.0545205
2025-01-20 10:00:00,110073.SH,SELL,REBUILT_RANK_EXIT,115.875,115.75333125000002,50,-2.2500000000000853,-14.419237499999326,5.794875,5.794875,0.5794874999999999
2025-01-20 10:00:00,113056.SH,BUY,BUY_NEXT_OPEN,118.706,118.83064130000001,30,0.0,0.0,1.7805900000000001,1.7805900000000001,0.178059
2025-01-20 10:15:00,111002.SH,SELL,REBUILT_RANK_EXIT,119.894,119.76811130000002,10,7.109999999999985,4.599691500000063,1.1953850000000001,1.1953850000000001,0.1195385
2025-01-20 10:15:00,113056.SH,SELL,REBUILT_RANK_EXIT,118.8,118.67526000000001,30,2.8199999999998226,-4.661438999999973,3.56259,3.56259,0.356259
2025-01-20 10:15:00,111009.SH,BUY,BUY_NEXT_OPEN,105.05,105.1603025,10,0.0,0.0,0.52525,0.52525,0.052525
2025-01-20 10:30:00,113054.SH,BUY,BUY_NEXT_OPEN,110.0,110.11550000000001,10,0.0,0.0,0.55,0.55,0.05500000000000001
2025-01-20 10:30:00,110081.SH,BUY,BUY_NEXT_OPEN,111.816,111.9334068,150,0.0,0.0,8.3862,8.3862,0.8386200000000001
2025-01-20 10:45:00,113054.SH,SELL,REBUILT_RANK_EXIT,109.89,109.7746155,10,-1.0999999999999943,-3.408845000000156,1.09945,1.09945,0.10994500000000001
2025-01-20 11:00:00,110092.SH,BUY,BUY_NEXT_OPEN,82.968,83.0551164,80,0.0,0.0,3.31872,3.31872,0.331872
2025-01-20 11:15:00,113046.SH,SELL,REBUILT_RANK_EXIT,109.405,109.29012474999999,10,3.640000000000043,1.346316999999999,1.0922299999999998,1.0922299999999998,0.109223
2025-01-20 11:15:00,110092.SH,SELL,REBUILT_RANK_EXIT,82.818,82.7310411,80,-12.000000000000455,-25.926024000000325,6.63144,6.63144,0.663144
2025-01-20 11:30:00,110092.SH,BUY,BUY_NEXT_OPEN,83.251,83.33841355,40,0.0,0.0,1.6650200000000002,1.6650200000000002,0.166502
2025-01-20 11:30:00,110084.SH,BUY,BUY_NEXT_OPEN,118.798,118.9227379,10,0.0,0.0,0.59399,0.59399,0.05939900000000001
2025-01-20 13:15:00,111009.SH,SELL,REBUILT_TIME_EXIT,106.049,105.93764854999999,10,9.990000000000094,7.773460500000056,1.055495,1.055495,0.1055495
2025-01-20 13:15:00,110081.SH,SELL,REBUILT_TIME_EXIT,112.509,112.39086555000002,140,97.0199999999997,64.04422500000146,16.26183,16.26183,1.6261830000000002
2025-01-20 13:15:00,110092.SH,SELL,REBUILT_RANK_EXIT,83.035,82.94781325,30,-6.480000000000246,-11.718009000000166,2.910545,2.910545,0.2910545
2025-01-20 13:30:00,111015.SH,BUY,BUY_NEXT_OPEN,114.88,115.000624,60,0.0,0.0,3.4463999999999997,3.4463999999999997,0.34464
2025-01-20 13:30:00,111009.SH,BUY,BUY_NEXT_OPEN,106.46,106.571783,10,0.0,0.0,0.5323,0.5323,0.05323
2025-01-20 13:30:00,110095.SH,BUY,BUY_NEXT_OPEN,105.714,105.8249997,90,0.0,0.0,4.75713,4.75713,0.475713
2025-01-20 13:45:00,111009.SH,SELL,REBUILT_RANK_EXIT,106.007,105.89569265,10,-4.5299999999998875,-6.76090350000004,1.062335,1.062335,0.10623350000000001
2025-01-20 13:45:00,110095.SH,SELL,REBUILT_RANK_EXIT,105.601,105.49011895,90,-10.169999999999959,-30.139267500000642,9.509174999999999,9.509174999999999,0.9509175000000001
2025-01-20 14:00:00,110095.SH,BUY,BUY_NEXT_OPEN,105.95,106.06124750000001,60,0.0,0.0,3.1785,3.1785,0.31785
2025-01-20 14:15:00,110084.SH,SELL,REBUILT_RANK_EXIT,118.902,118.7771529,10,1.039999999999992,-1.4558499999998276,1.1885000000000001,1.1885000000000001,0.11885000000000001
2025-01-20 14:15:00,110095.SH,SELL,REBUILT_RANK_EXIT,105.933,105.82177035000001,60,-1.0199999999997544,-14.3686289999996,6.356490000000001,6.356490000000001,0.6356490000000001
2025-01-20 14:15:00,111018.SH,BUY,BUY_NEXT_OPEN,119.399,119.52436894999998,10,0.0,0.0,0.596995,0.596995,0.0596995
2025-01-20 14:30:00,111021.SH,SELL,REBUILT_RANK_EXIT,120.261,120.13472594999999,10,-2.109999999999985,-4.637696500000175,1.203665,1.203665,0.12036649999999999
2025-01-20 14:30:00,111015.SH,SELL,REBUILT_RANK_EXIT,115.38,115.258851,40,20.0,10.329080000000431,5.754,5.754,0.5754
2025-01-20 14:30:00,113043.SH,BUY,BUY_NEXT_OPEN,117.903,118.02679815000002,20,0.0,0.0,1.17903,1.17903,0.11790300000000002
2025-01-20 14:45:00,113043.SH,SELL,REBUILT_TIME_EXIT,117.76,117.636352,10,-1.4300000000000068,-3.904461500000025,1.76783,1.76783,0.17678300000000002
2025-01-20 14:45:00,111015.SH,BUY,BUY_NEXT_OPEN,115.741,115.86252805000001,120,0.0,0.0,6.944459999999999,6.944459999999999,0.694446
2025-01-20 14:45:00,113062.SH,BUY,BUY_NEXT_OPEN,125.03,125.16128150000002,30,0.0,0.0,1.87545,1.87545,0.18754500000000002
2025-01-21 09:30:00,111015.SH,SELL,REBUILT_RANK_EXIT,115.78,115.65843100000001,20,0.7800000000000296,-4.081940999999915,8.10226,8.10226,0.810226
2025-01-21 09:30:00,113062.SH,SELL,REBUILT_RANK_EXIT,124.964,124.83278779999999,20,-1.32000000000005,-6.569874000000709,3.12509,3.12509,0.31250900000000004
2025-01-21 09:30:00,113052.SH,BUY,BUY_NEXT_OPEN,115.008,115.12875839999998,70,0.0,0.0,4.02528,4.02528,0.402528
2025-01-21 09:45:00,111015.SH,BUY,BUY_NEXT_OPEN,115.999,116.12079894999998,30,0.0,0.0,1.739985,1.739985,0.1739985
2025-01-21 09:45:00,113042.SH,BUY,BUY_NEXT_OPEN,120.628,120.75465940000001,110,0.0,0.0,6.63454,6.63454,0.663454
2025-01-21 10:00:00,111018.SH,SELL,REBUILT_RANK_EXIT,118.611,118.48645845000001,10,-7.879999999999967,-10.379104999999754,1.19005,1.19005,0.119005
2025-01-21 10:00:00,111015.SH,SELL,REBUILT_RANK_EXIT,115.787,115.66542365,30,-6.359999999999673,-13.661258999999973,3.4767900000000003,3.4767900000000003,0.347679
2025-01-21 10:00:00,110081.SH,BUY,BUY_NEXT_OPEN,111.942,112.0595391,70,0.0,0.0,3.91797,3.91797,0.391797
2025-01-21 10:15:00,113052.SH,SELL,REBUILT_RANK_EXIT,115.307,115.18592765,70,20.93000000000046,4.001847500000622,8.061025,8.061025,0.8061025
2025-01-21 10:15:00,113062.SH,BUY,BUY_NEXT_OPEN,125.888,126.02018240000001,50,0.0,0.0,3.1471999999999998,3.1471999999999998,0.31472
2025-01-21 10:15:00,113058.SH,BUY,BUY_NEXT_OPEN,120.956,121.08300380000001,20,0.0,0.0,1.2095600000000002,1.2095600000000002,0.12095600000000001
2025-01-21 10:30:00,110081.SH,SELL,REBUILT_RANK_EXIT,112.148,112.0302446,20,4.120000000000061,-0.585889999999381,5.03945,5.03945,0.503945
2025-01-21 10:30:00,113062.SH,SELL,REBUILT_RANK_EXIT,125.423,125.29130584999999,30,-13.950000000000102,-21.86629650000077,5.028544999999999,5.028544999999999,0.5028545
2025-01-21 10:30:00,113056.SH,BUY,BUY_NEXT_OPEN,118.111,118.23501655,60,0.0,0.0,3.54333,3.54333,0.35433300000000006
2025-01-21 11:00:00,113042.SH,SELL,REBUILT_RANK_EXIT,120.911,120.78404345,80,22.6400000000001,2.350723999998081,11.47098,11.47098,1.147098
2025-01-21 11:00:00,113056.SH,SELL,REBUILT_RANK_EXIT,118.058,117.93403910000002,30,-1.5899999999999181,-9.029323499999464,5.3142000000000005,5.3142000000000005,0.5314200000000001
2025-01-21 11:00:00,110075.SH,BUY,BUY_NEXT_OPEN,126.917,127.05026285,30,0.0,0.0,1.903755,1.903755,0.1903755
2025-01-21 11:15:00,113058.SH,SELL,REBUILT_RANK_EXIT,121.351,121.22358145,10,3.94999999999996,1.4057765000000018,1.8163150000000003,1.8163150000000003,0.1816315
2025-01-21 11:15:00,110075.SH,SELL,REBUILT_RANK_EXIT,126.788,126.65487259999999,30,-3.8700000000001467,-11.861707500000193,3.805575,3.805575,0.3805575
2025-01-21 11:15:00,113048.SH,BUY,BUY_NEXT_OPEN,108.21,108.3236205,100,0.0,0.0,5.4105,5.4105,0.54105
2025-01-21 13:00:00,110081.SH,BUY,BUY_NEXT_OPEN,112.882,113.00052610000002,90,0.0,0.0,5.07969,5.07969,0.5079690000000001
2025-01-21 13:00:00,113043.SH,BUY,BUY_NEXT_OPEN,117.686,117.8095703,10,0.0,0.0,0.58843,0.58843,0.058843000000000006
2025-01-21 13:00:00,110075.SH,BUY,BUY_NEXT_OPEN,126.962,127.09531009999999,10,0.0,0.0,0.6348100000000001,0.6348100000000001,0.06348100000000001
2025-01-21 13:15:00,113048.SH,SELL,REBUILT_RANK_EXIT,108.303,108.18928184999999,10,0.9300000000000352,-1.3433865000001788,5.952014999999999,5.952014999999999,0.5952015
2025-01-21 13:15:00,113043.SH,SELL,REBUILT_RANK_EXIT,117.7,117.57641499999998,10,0.13999999999995794,-2.3315530000002127,1.17693,1.17693,0.11769300000000002
2025-01-21 13:15:00,110075.SH,SELL,REBUILT_RANK_EXIT,126.9,126.766755,10,-0.6199999999999761,-3.285550999999714,1.2693100000000002,1.2693100000000002,0.12693100000000002
2025-01-21 13:15:00,113039.SH,BUY,BUY_NEXT_OPEN,125.71,125.8419955,10,0.0,0.0,0.6285499999999999,0.6285499999999999,0.06285500000000001
2025-01-21 13:30:00,110073.SH,BUY,BUY_NEXT_OPEN,116.85,116.9726925,30,0.0,0.0,1.75275,1.75275,0.175275
2025-01-21 13:30:00,113042.SH,BUY,BUY_NEXT_OPEN,120.769,120.89580745,60,0.0,0.0,3.6230700000000002,3.6230700000000002,0.36230700000000005
2025-01-21 13:45:00,110081.SH,SELL,REBUILT_RANK_EXIT,112.891,112.77246445000002,50,0.45000000000001705,-11.403082500000892,7.901965000000001,7.901965000000001,0.7901965000000002
2025-01-21 13:45:00,110073.SH,SELL,REBUILT_RANK_EXIT,116.722,116.59944189999999,20,-2.5600000000000023,-7.465012000000115,2.91997,2.91997,0.291997
2025-01-21 13:45:00,113042.SH,SELL,REBUILT_RANK_EXIT,120.748,120.62121460000002,60,-1.2600000000000477,-16.475570999999036,7.24551,7.24551,0.7245510000000002
2025-01-21 13:45:00,113062.SH,BUY,BUY_NEXT_OPEN,125.656,125.78793879999999,20,0.0,0.0,1.2565600000000001,1.2565600000000001,0.12565600000000002
2025-01-21 14:00:00,110097.SH,BUY,BUY_NEXT_OPEN,133.295,133.43495974999996,50,0.0,0.0,3.332375,3.332375,0.33323749999999996
2025-01-21 14:00:00,113053.SH,BUY,BUY_NEXT_OPEN,106.445,106.55676725000001,20,0.0,0.0,1.06445,1.06445,0.106445
2025-01-21 14:15:00,113039.SH,SELL,REBUILT_RANK_EXIT,125.85,125.71785749999998,10,1.4000000000000057,-1.2413799999999355,1.2578,1.2578,0.12578
2025-01-21 14:15:00,111014.SH,BUY,BUY_NEXT_OPEN,113.723,113.84240915,10,0.0,0.0,0.568615,0.568615,0.0568615
2025-01-21 14:30:00,113062.SH,SELL,REBUILT_RANK_EXIT,125.47,125.33825649999999,20,-3.720000000000141,-8.993645999999899,2.51126,2.51126,0.251126
2025-01-21 14:30:00,113053.SH,SELL,REBUILT_RANK_EXIT,106.349,106.23733355,20,-1.9199999999997885,-6.388674000000265,2.1279399999999997,2.1279399999999997,0.212794
2025-01-21 14:30:00,111014.SH,SELL,REBUILT_RANK_EXIT,113.496,113.3768292,10,-2.2700000000000387,-4.655799500000057,1.136095,1.136095,0.1136095
2025-01-21 14:45:00,110097.SH,SELL,REBUILT_TIME_EXIT,135.667,135.52454964999998,50,118.6000000000007,104.4794950000014,6.72405,6.72405,0.6724049999999999
2025-01-21 14:45:00,113056.SH,BUY,BUY_NEXT_OPEN,118.269,118.39318245,30,0.0,0.0,1.7740350000000003,1.7740350000000003,0.17740350000000002
2025-01-21 14:45:00,113043.SH,BUY,BUY_NEXT_OPEN,118.114,118.2380197,20,0.0,0.0,1.18114,1.18114,0.11811400000000001
2025-01-21 14:45:00,110086.SH,BUY,BUY_NEXT_OPEN,104.705,104.81494024999999,30,0.0,0.0,1.570575,1.570575,0.15705750000000002
2025-01-21 15:00:00,113056.SH,SELL,REBUILT_RANK_EXIT,118.3,118.17578499999999,20,0.619999999999834,-4.347948999999971,2.9570350000000003,2.9570350000000003,0.2957035
2025-01-22 09:30:00,110086.SH,SELL,REBUILT_RANK_EXIT,104.558,104.44821410000002,20,-2.939999999999827,-7.334522999999535,2.616155,2.616155,0.2616155
2025-01-22 09:30:00,113056.SH,BUY,BUY_NEXT_OPEN,118.374,118.49829269999998,50,0.0,0.0,2.9593499999999997,2.9593499999999997,0.295935
2025-01-22 09:30:00,113042.SH,BUY,BUY_NEXT_OPEN,120.701,120.82773604999998,40,0.0,0.0,2.41402,2.41402,0.241402
2025-01-22 09:30:00,113039.SH,BUY,BUY_NEXT_OPEN,126.803,126.93614314999999,10,0.0,0.0,0.634015,0.634015,0.0634015
2025-01-22 09:45:00,113056.SH,SELL,REBUILT_RANK_EXIT,118.196,118.07189419999999,50,-8.899999999999864,-21.319924999999785,5.914249999999999,5.914249999999999,0.591425
2025-01-22 09:45:00,113042.SH,SELL,REBUILT_RANK_EXIT,120.808,120.68115159999999,40,4.280000000000541,-5.863377999999102,4.83018,4.83018,0.48301800000000006
2025-01-22 09:45:00,113039.SH,SELL,REBUILT_RANK_EXIT,126.465,126.33221175000001,10,-3.3799999999999386,-6.039313999999877,1.26634,1.26634,0.12663400000000002
2025-01-22 10:00:00,113043.SH,SELL,REBUILT_RANK_EXIT,118.08,117.956016,20,-0.6800000000001205,-5.640073999999913,2.36194,2.36194,0.23619400000000002
2025-01-22 10:00:00,113056.SH,BUY,BUY_NEXT_OPEN,118.398,118.5223179,60,0.0,0.0,3.55194,3.55194,0.355194
2025-01-22 10:00:00,111021.SH,BUY,BUY_NEXT_OPEN,120.421,120.54744205,10,0.0,0.0,0.6021050000000001,0.6021050000000001,0.06021050000000001
2025-01-22 10:15:00,113056.SH,SELL,REBUILT_RANK_EXIT,117.999,117.87510105,40,-15.960000000000036,-25.88867400000072,5.91192,5.91192,0.591192
2025-01-22 10:15:00,110093.SH,BUY,BUY_NEXT_OPEN,119.2,119.32516000000001,60,0.0,0.0,3.576,3.576,0.35760000000000003
2025-01-22 10:15:00,110075.SH,BUY,BUY_NEXT_OPEN,126.686,126.81902030000002,50,0.0,0.0,3.1671500000000004,3.1671500000000004,0.3167150000000001
2025-01-22 10:15:00,110087.SH,BUY,BUY_NEXT_OPEN,108.198,108.31160789999998,10,0.0,0.0,0.54099,0.54099,0.054098999999999994
2025-01-22 10:30:00,110075.SH,SELL,REBUILT_RANK_EXIT,126.514,126.3811603,30,-5.160000000000338,-13.135800000000472,5.06486,5.06486,0.5064860000000001
2025-01-22 10:30:00,110087.SH,SELL,REBUILT_RANK_EXIT,107.928,107.81467560000002,10,-2.69999999999996,-4.969322999999804,1.08063,1.08063,0.10806299999999999
2025-01-22 10:30:00,113046.SH,BUY,BUY_NEXT_OPEN,108.749,108.86318644999999,10,0.0,0.0,0.543745,0.543745,0.0543745
2025-01-22 10:45:00,110093.SH,SELL,REBUILT_RANK_EXIT,119.087,118.96195865,10,-1.1299999999999955,-3.6320135000000846,4.171435,4.171435,0.41714350000000006
2025-01-22 10:45:00,113046.SH,SELL,REBUILT_RANK_EXIT,108.566,108.4520057,10,-1.8299999999999272,-4.111807499999941,1.086575,1.086575,0.1086575
2025-01-22 10:45:00,113043.SH,BUY,BUY_NEXT_OPEN,117.973,118.09687165000001,50,0.0,0.0,2.949325,2.949325,0.2949325
2025-01-22 10:45:00,110075.SH,BUY,BUY_NEXT_OPEN,126.868,127.0012114,40,0.0,0.0,2.53736,2.53736,0.253736
2025-01-22 11:00:00,111015.SH,BUY,BUY_NEXT_OPEN,116.508,116.63033340000001,10,0.0,0.0,0.5825400000000001,0.5825400000000001,0.058254
2025-01-22 11:00:00,111014.SH,BUY,BUY_NEXT_OPEN,113.748,113.86743539999999,10,0.0,0.0,0.56874,0.56874,0.05687400000000001
2025-01-22 11:15:00,113043.SH,SELL,REBUILT_RANK_EXIT,117.986,117.8621147,10,0.1300000000000523,-2.3475694999999632,3.539255,3.539255,0.3539255
2025-01-22 11:15:00,110075.SH,SELL,REBUILT_RANK_EXIT,126.835,126.70182324999999,40,-1.32000000000005,-11.975526000001082,5.07406,5.07406,0.507406
2025-01-22 11:15:00,111014.SH,SELL,REBUILT_RANK_EXIT,113.435,113.31589324999999,10,-3.130000000000024,-5.515421500000002,1.135915,1.135915,0.11359150000000001
2025-01-22 11:30:00,111014.SH,BUY,BUY_NEXT_OPEN,113.721,113.84040705,10,0.0,0.0,0.568605,0.568605,0.05686050000000001
2025-01-22 11:30:00,110075.SH,BUY,BUY_NEXT_OPEN,126.983,127.11633215,20,0.0,0.0,1.2698300000000002,1.2698300000000002,0.126983
2025-01-22 13:15:00,111015.SH,SELL,REBUILT_RANK_EXIT,116.452,116.32972539999999,10,-0.5599999999999739,-3.0060800000003383,1.1648,1.1648,0.11648
2025-01-22 13:15:00,110075.SH,SELL,REBUILT_RANK_EXIT,126.638,126.50503009999998,20,-6.899999999999977,-12.226041000000805,2.5362100000000005,2.5362100000000005,0.253621
2025-01-22 13:30:00,113053.SH,BUY,BUY_NEXT_OPEN,106.16,106.27146799999998,30,0.0,0.0,1.5924,1.5924,0.15924
2025-01-22 13:30:00,113048.SH,BUY,BUY_NEXT_OPEN,109.128,109.2425844,30,0.0,0.0,1.63692,1.63692,0.163692
2025-01-22 13:45:00,110095.SH,BUY,BUY_NEXT_OPEN,105.315,105.42558075,30,0.0,0.0,1.579725,1.579725,0.15797250000000002
2025-01-22 14:00:00,113048.SH,SELL,REBUILT_RANK_EXIT,108.899,108.78465605,30,-6.869999999999976,-13.73785050000015,3.2704050000000002,3.2704050000000002,0.3270405
2025-01-22 14:00:00,110095.SH,SELL,REBUILT_RANK_EXIT,105.118,105.0076261,20,-3.9400000000000546,-8.35909300000003,2.6309050000000003,2.6309050000000003,0.2630905
2025-01-22 14:15:00,110097.SH,BUY,BUY_NEXT_OPEN,134.806,134.94754630000003,20,0.0,0.0,1.34806,1.34806,0.13480600000000004
2025-01-22 14:15:00,113067.SH,BUY,BUY_NEXT_OPEN,119.872,119.99786559999998,20,0.0,0.0,1.19872,1.19872,0.119872
2025-01-22 14:30:00,111014.SH,SELL,REBUILT_RANK_EXIT,113.175,113.05616624999999,10,-5.460000000000065,-7.842408000000205,1.13448,1.13448,0.11344800000000001
2025-01-22 14:30:00,113053.SH,SELL,REBUILT_RANK_EXIT,106.09,105.97860550000001,10,-0.6999999999999318,-2.9286249999997835,2.12285,2.12285,0.212285
2025-01-22 14:30:00,110097.SH,SELL,REBUILT_RANK_EXIT,134.292,134.15099339999998,20,-10.2800000000002,-15.93105800000103,2.6909799999999997,2.6909799999999997,0.26909800000000006
2025-01-22 14:45:00,113067.SH,SELL,REBUILT_TIME_EXIT,120.058,119.93193910000001,10,1.8600000000000705,-0.6592649999997775,1.79901,1.79901,0.179901
2025-01-22 14:45:00,110075.SH,BUY,BUY_NEXT_OPEN,127.3,127.43366499999999,20,0.0,0.0,1.273,1.273,0.1273
2025-01-22 14:45:00,111017.SH,BUY,BUY_NEXT_OPEN,135.546,135.68832329999998,20,0.0,0.0,1.3554599999999999,1.3554599999999999,0.135546
2025-01-22 14:45:00,113054.SH,BUY,BUY_NEXT_OPEN,109.911,110.02640655000002,10,0.0,0.0,0.549555,0.549555,0.054955500000000004
2025-01-22 15:00:00,111017.SH,SELL,REBUILT_TIME_EXIT,135.797,135.65441314999998,10,2.5100000000000477,-0.33910149999996975,2.034445,2.034445,0.2034445
2025-01-22 15:00:00,113054.SH,SELL,REBUILT_TIME_EXIT,109.953,109.83754935000002,10,0.4200000000000159,-1.8885720000000674,1.09932,1.09932,0.109932
2025-01-23 09:30:00,111021.SH,SELL,REBUILT_TIME_EXIT,120.77,120.6431915,10,3.4899999999998954,0.9574945000001662,1.205955,1.205955,0.12059550000000002
2025-01-23 09:30:00,110075.SH,SELL,REBUILT_RANK_EXIT,127.07,126.93657649999999,20,-4.60000000000008,-9.94177000000036,2.5437,2.5437,0.25437
2025-01-23 09:30:00,111017.SH,BUY,BUY_NEXT_OPEN,136.2,136.34300999999996,20,0.0,0.0,1.3619999999999999,1.3619999999999999,0.1362
2025-01-23 09:30:00,113062.SH,BUY,BUY_NEXT_OPEN,125.1,125.231355,20,0.0,0.0,1.251,1.251,0.1251
2025-01-23 09:30:00,113049.SH,BUY,BUY_NEXT_OPEN,112.3,112.41791500000001,20,0.0,0.0,1.123,1.123,0.11230000000000001
2025-01-23 09:45:00,113049.SH,SELL,REBUILT_RANK_EXIT,112.777,112.65858415000001,10,4.770000000000039,2.4066914999998517,1.686885,1.686885,0.16868850000000002
2025-01-23 10:00:00,111017.SH,SELL,REBUILT_RANK_EXIT,137.005,136.86114475,20,16.100000000000136,10.362695000000713,2.73205,2.73205,0.27320500000000003
2025-01-23 10:15:00,113044.SH,BUY,BUY_NEXT_OPEN,111.542,111.65911909999998,20,0.0,0.0,1.11542,1.11542,0.11154200000000002
2025-01-23 10:15:00,110081.SH,BUY,BUY_NEXT_OPEN,113.936,114.0556328,20,0.0,0.0,1.1393600000000002,1.1393600000000002,0.11393600000000002
2025-01-23 10:15:00,110095.SH,BUY,BUY_NEXT_OPEN,105.564,105.67484219999999,20,0.0,0.0,1.05564,1.05564,0.105564
2025-01-23 10:30:00,110081.SH,SELL,REBUILT_RANK_EXIT,113.844,113.7244638,20,-1.8400000000002592,-6.623379999999997,2.2778,2.2778,0.22778000000000004
2025-01-23 10:30:00,110095.SH,SELL,REBUILT_RANK_EXIT,105.269,105.15846755000001,20,-5.89999999999975,-10.327492999999322,2.10833,2.10833,0.210833
2025-01-23 10:45:00,113062.SH,SELL,REBUILT_RANK_EXIT,125.34,125.20839300000002,20,4.800000000000182,-0.4592399999992267,2.5044,2.5044,0.25044
2025-01-23 11:00:00,113044.SH,SELL,REBUILT_RANK_EXIT,111.591,111.47382945,20,0.9799999999998477,-3.7057929999996304,2.23133,2.23133,0.22313300000000003
2025-01-23 11:00:00,111021.SH,BUY,BUY_NEXT_OPEN,120.996,121.12304579999999,10,0.0,0.0,0.60498,0.60498,0.060498
2025-01-23 11:00:00,113043.SH,BUY,BUY_NEXT_OPEN,118.007,118.13090735000002,10,0.0,0.0,0.590035,0.590035,0.0590035
2025-01-23 11:00:00,113055.SH,BUY,BUY_NEXT_OPEN,136.698,136.84153290000003,10,0.0,0.0,0.68349,0.68349,0.06834900000000001
2025-01-23 11:00:00,113054.SH,BUY,BUY_NEXT_OPEN,109.917,110.03241285,10,0.0,0.0,0.549585,0.549585,0.0549585
2025-01-23 11:15:00,113043.SH,SELL,REBUILT_RANK_EXIT,117.996,117.8721042,10,-0.11000000000009891,-2.58803150000017,1.180015,1.180015,0.11800150000000001
2025-01-23 11:15:00,113055.SH,SELL,REBUILT_RANK_EXIT,136.816,136.6723432,10,1.17999999999995,-1.691897000000381,1.3675700000000002,1.3675700000000002,0.13675700000000002
2025-01-23 11:30:00,113048.SH,BUY,BUY_NEXT_OPEN,109.173,109.28763165,10,0.0,0.0,0.545865,0.545865,0.05458650000000001
2025-01-23 13:00:00,113052.SH,BUY,BUY_NEXT_OPEN,115.404,115.52517420000001,20,0.0,0.0,1.15404,1.15404,0.115404
2025-01-23 13:15:00,113054.SH,SELL,REBUILT_RANK_EXIT,109.885,109.76962075000002,10,-0.31999999999996476,-2.6279209999997875,1.09901,1.09901,0.109901
2025-01-23 13:15:00,113048.SH,SELL,REBUILT_RANK_EXIT,109.115,109.00042925,10,-0.5800000000000693,-2.8720240000000103,1.09144,1.09144,0.109144
2025-01-23 13:15:00,113052.SH,SELL,REBUILT_RANK_EXIT,115.23,115.1090085,20,-3.4799999999998477,-8.32331400000021,2.30634,2.30634,0.230634
2025-01-23 13:30:00,113066.SH,BUY,BUY_NEXT_OPEN,132.559,132.69818695,20,0.0,0.0,1.32559,1.32559,0.132559
2025-01-23 13:30:00,113052.SH,BUY,BUY_NEXT_OPEN,115.258,115.3790209,20,0.0,0.0,1.15258,1.15258,0.11525800000000001
2025-01-23 13:45:00,113066.SH,SELL,REBUILT_RANK_EXIT,132.136,131.9972572,20,-8.460000000000036,-14.018595000000005,2.6469500000000004,2.6469500000000004,0.264695
2025-01-23 13:45:00,113052.SH,SELL,REBUILT_RANK_EXIT,115.149,115.02809355,20,-2.179999999999893,-7.018547000000126,2.30407,2.30407,0.23040700000000003
2025-01-23 14:00:00,110086.SH,BUY,BUY_NEXT_OPEN,104.4,104.50962,10,0.0,0.0,0.522,0.522,0.05220000000000001
2025-01-23 14:00:00,111020.SH,BUY,BUY_NEXT_OPEN,133.768,133.90845639999998,20,0.0,0.0,1.33768,1.33768,0.133768
2025-01-23 14:00:00,113021.SH,BUY,BUY_NEXT_OPEN,118.046,118.1699483,20,0.0,0.0,1.18046,1.18046,0.11804600000000001
2025-01-23 14:15:00,113021.SH,SELL,REBUILT_RANK_EXIT,117.86,117.73624699999999,20,-3.720000000000141,-8.67402600000014,2.3590600000000004,2.3590600000000004,0.23590600000000003
2025-01-23 14:30:00,110086.SH,SELL,REBUILT_RANK_EXIT,104.2,104.09059,10,-2.0000000000000284,-4.190299999999979,1.0430000000000001,1.0430000000000001,0.1043
2025-01-23 14:45:00,111021.SH,SELL,REBUILT_RANK_EXIT,121.012,120.8849374,10,0.16000000000005343,-2.3810839999998734,1.21004,1.21004,0.121004
2025-01-23 14:45:00,111020.SH,SELL,REBUILT_TIME_EXIT,134.406,134.26487369999998,20,12.760000000000105,7.128345999999965,2.68174,2.68174,0.268174
2025-01-24 09:30:00,110092.SH,BUY,BUY_NEXT_OPEN,82.1,82.18620499999999,30,0.0,0.0,1.2314999999999998,1.2314999999999998,0.12315000000000001
2025-01-24 09:45:00,110092.SH,SELL,REBUILT_RANK_EXIT,82.198,82.11169209999998,30,2.9399999999999693,-2.2353870000001734,2.4644699999999995,2.4644699999999995,0.246447
2025-01-24 09:45:00,110095.SH,BUY,BUY_NEXT_OPEN,106.043,106.15434515000001,20,0.0,0.0,1.0604300000000002,1.0604300000000002,0.106043
2025-01-24 09:45:00,110085.SH,BUY,BUY_NEXT_OPEN,111.985,112.10258425,20,0.0,0.0,1.11985,1.11985,0.111985
2025-01-24 09:45:00,113056.SH,BUY,BUY_NEXT_OPEN,118.129,118.25303545000001,20,0.0,0.0,1.1812900000000002,1.1812900000000002,0.11812900000000001
2025-01-24 09:45:00,111002.SH,BUY,BUY_NEXT_OPEN,120.518,120.6445439,10,0.0,0.0,0.60259,0.60259,0.06025900000000001
2025-01-24 10:00:00,110085.SH,SELL,REBUILT_RANK_EXIT,111.524,111.4068998,20,-9.21999999999997,-13.913689000000431,2.23509,2.23509,0.223509
2025-01-24 10:00:00,113056.SH,SELL,REBUILT_RANK_EXIT,117.767,117.64334465,20,-7.24000000000018,-12.193816000000425,2.35896,2.35896,0.235896
2025-01-24 10:00:00,111002.SH,SELL,REBUILT_RANK_EXIT,120.14,120.01385300000001,10,-3.780000000000001,-6.306908999999905,1.20329,1.20329,0.120329
2025-01-24 10:15:00,113059.SH,BUY,BUY_NEXT_OPEN,112.31,112.42792550000001,20,0.0,0.0,1.1231,1.1231,0.11231000000000002
2025-01-24 10:15:00,111004.SH,BUY,BUY_NEXT_OPEN,108.655,108.76908775,20,0.0,0.0,1.08655,1.08655,0.108655
2025-01-24 10:15:00,113044.SH,BUY,BUY_NEXT_OPEN,111.958,112.07555589999998,20,0.0,0.0,1.11958,1.11958,0.111958
2025-01-24 10:30:00,111004.SH,SELL,REBUILT_RANK_EXIT,108.124,108.0104698,20,-10.620000000000118,-15.172359000000142,2.16779,2.16779,0.216779
2025-01-24 10:45:00,113059.SH,SELL,REBUILT_RANK_EXIT,112.13,112.01226349999999,20,-3.6000000000001364,-8.313240000000405,2.2443999999999997,2.2443999999999997,0.22444000000000003
2025-01-24 10:45:00,113044.SH,SELL,REBUILT_RANK_EXIT,112.06,111.942337,20,2.0400000000000773,-2.6643779999994877,2.24018,2.24018,0.224018
2025-01-24 11:00:00,110090.SH,BUY,BUY_NEXT_OPEN,129.245,129.38070725000003,20,0.0,0.0,1.29245,1.29245,0.129245
2025-01-24 11:00:00,110086.SH,BUY,BUY_NEXT_OPEN,105.092,105.20234660000001,20,0.0,0.0,1.05092,1.05092,0.10509199999999999
2025-01-24 11:00:00,110081.SH,BUY,BUY_NEXT_OPEN,114.367,114.48708534999999,20,0.0,0.0,1.1436700000000002,1.1436700000000002,0.11436700000000001
2025-01-24 11:15:00,110095.SH,SELL,REBUILT_RANK_EXIT,106.355,106.24332725,20,6.239999999999952,1.7796419999995123,2.1239800000000004,2.1239800000000004,0.212398
2025-01-24 13:15:00,110090.SH,SELL,REBUILT_RANK_EXIT,129.747,129.61076565000002,20,10.040000000000191,4.601168000000143,2.58992,2.58992,0.258992
2025-01-24 13:30:00,110086.SH,SELL,REBUILT_RANK_EXIT,105.85,105.7388575,20,15.159999999999911,10.730217999999695,2.10942,2.10942,0.210942
2025-01-24 13:30:00,110081.SH,SELL,REBUILT_RANK_EXIT,115.874,115.7523323,20,30.139999999999816,25.30493900000056,2.30241,2.30241,0.230241
2025-01-24 13:45:00,113546.SH,BUY,BUY_NEXT_OPEN,137.661,137.80554404999998,10,0.0,0.0,0.6883050000000001,0.6883050000000001,0.0688305
2025-01-24 13:45:00,110087.SH,BUY,BUY_NEXT_OPEN,107.999,108.11239895,10,0.0,0.0,0.539995,0.539995,0.0539995
2025-01-24 13:45:00,113054.SH,BUY,BUY_NEXT_OPEN,109.981,110.09648005,10,0.0,0.0,0.549905,0.549905,0.0549905
2025-01-24 14:00:00,113546.SH,SELL,REBUILT_RANK_EXIT,137.386,137.2417447,10,-2.750000000000057,-5.637993499999766,1.375235,1.375235,0.13752350000000002
2025-01-24 14:15:00,113067.SH,BUY,BUY_NEXT_OPEN,120.608,120.73463840000001,20,0.0,0.0,1.20608,1.20608,0.12060800000000002
2025-01-24 14:15:00,113546.SH,BUY,BUY_NEXT_OPEN,138.777,138.92271585,10,0.0,0.0,0.6938849999999999,0.6938849999999999,0.06938849999999999
2025-01-24 14:45:00,110087.SH,SELL,REBUILT_TIME_EXIT,108.001,107.88759895,10,0.020000000000095497,-2.24799999999982,1.08,1.08,0.10800000000000001
2025-01-24 14:45:00,113054.SH,SELL,REBUILT_RANK_EXIT,109.981,109.86551994999999,10,0.0,-2.3096009999999296,1.09981,1.09981,0.109981
2025-01-24 14:45:00,113546.SH,SELL,REBUILT_RANK_EXIT,138.804,138.6582558,10,0.27000000000015234,-2.644600500000024,1.387905,1.387905,0.13879049999999998
2025-01-24 15:00:00,113066.SH,BUY,BUY_NEXT_OPEN,134.049,134.18975145000002,10,0.0,0.0,0.670245,0.670245,0.0670245
2025-01-24 15:00:00,113546.SH,BUY,BUY_NEXT_OPEN,139.947,140.09394435000002,10,0.0,0.0,0.6997350000000001,0.6997350000000001,0.06997350000000001
2025-01-27 09:30:00,113067.SH,SELL,REBUILT_RANK_EXIT,120.338,120.21164509999998,10,-2.7000000000001023,-5.229933000000301,1.80777,1.80777,0.18077700000000002
2025-01-27 09:30:00,113066.SH,SELL,REBUILT_TIME_EXIT,134.239,134.09804905000001,10,1.8999999999999773,-0.9170240000000831,1.34144,1.34144,0.13414399999999999
2025-01-27 09:30:00,113546.SH,SELL,REBUILT_RANK_EXIT,140.997,140.84895315,10,10.500000000000114,7.550087999999732,1.4047200000000002,1.4047200000000002,0.140472
2025-01-27 09:45:00,110092.SH,BUY,BUY_NEXT_OPEN,83.65,83.73783250000001,20,0.0,0.0,0.8365,0.8365,0.08365
2025-01-27 09:45:00,111017.SH,BUY,BUY_NEXT_OPEN,138.251,138.39616355000004,10,0.0,0.0,0.6912550000000001,0.6912550000000001,0.0691255
2025-01-27 09:45:00,111004.SH,BUY,BUY_NEXT_OPEN,109.404,109.51887420000001,10,0.0,0.0,0.5470200000000001,0.5470200000000001,0.054702
2025-01-27 10:00:00,110092.SH,SELL,REBUILT_STOP_LOSS_-1%,82.694,82.6071713,20,-19.12000000000006,-22.613224000000173,1.66344,1.66344,0.16634400000000002
2025-01-27 10:00:00,111004.SH,SELL,REBUILT_RANK_EXIT,108.699,108.58486605,10,-7.049999999999983,-9.340081499999997,1.0905150000000001,1.0905150000000001,0.1090515
2025-01-27 10:15:00,110081.SH,BUY,BUY_NEXT_OPEN,116.0,116.12180000000001,20,0.0,0.0,1.1600000000000001,1.1600000000000001,0.116
2025-01-27 10:15:00,111020.SH,BUY,BUY_NEXT_OPEN,133.722,133.86240809999998,10,0.0,0.0,0.66861,0.66861,0.066861
2025-01-27 10:15:00,111004.SH,BUY,BUY_NEXT_OPEN,108.94,109.05438699999999,10,0.0,0.0,0.5447,0.5447,0.054470000000000005
2025-01-27 10:15:00,113044.SH,BUY,BUY_NEXT_OPEN,114.537,114.65726385000002,20,0.0,0.0,1.1453700000000002,1.1453700000000002,0.114537
2025-01-27 10:30:00,110081.SH,SELL,REBUILT_RANK_EXIT,115.416,115.2948132,10,-5.840000000000032,-8.269868000000088,1.7370800000000002,1.7370800000000002,0.173708
2025-01-27 10:45:00,111004.SH,SELL,REBUILT_RANK_EXIT,108.29,108.1762955,10,-6.499999999999915,-8.78091500000005,1.08615,1.08615,0.10861500000000002
2025-01-27 11:00:00,111020.SH,SELL,REBUILT_RANK_EXIT,133.298,133.15803709999997,10,-4.240000000000066,-7.0437100000001465,1.3351000000000002,1.3351000000000002,0.13351000000000002
2025-01-27 11:15:00,111017.SH,SELL,REBUILT_RANK_EXIT,138.211,138.06587845,10,-0.3999999999999204,-3.302851000000146,1.3823100000000004,1.3823100000000004,0.138231
2025-01-27 13:00:00,113044.SH,SELL,REBUILT_RANK_EXIT,116.476,116.35370019999999,20,38.77999999999986,33.928726999999526,2.31013,2.31013,0.23101300000000002
2025-01-27 13:15:00,110097.SH,BUY,BUY_NEXT_OPEN,131.295,131.43285975,10,0.0,0.0,0.6564749999999999,0.6564749999999999,0.0656475
2025-01-27 13:15:00,113021.SH,BUY,BUY_NEXT_OPEN,118.574,118.69850269999999,10,0.0,0.0,0.59287,0.59287,0.059287000000000006
2025-01-27 13:30:00,113021.SH,SELL,REBUILT_RANK_EXIT,118.405,118.28067475,10,-1.6899999999999693,-4.178279499999917,1.184895,1.184895,0.11848950000000001
2025-02-05 09:30:00,110097.SH,SELL,REBUILT_RANK_EXIT,132.02,131.881379,10,7.250000000000227,4.485192500000039,1.316575,1.316575,0.1316575
2025-02-05 09:45:00,110095.SH,BUY,BUY_NEXT_OPEN,105.904,106.01519920000001,20,0.0,0.0,1.05904,1.05904,0.105904
2025-02-05 09:45:00,110085.SH,BUY,BUY_NEXT_OPEN,111.664,111.7812472,10,0.0,0.0,0.55832,0.55832,0.055832
2025-02-05 09:45:00,110073.SH,BUY,BUY_NEXT_OPEN,116.111,116.23291655,10,0.0,0.0,0.580555,0.580555,0.0580555
2025-02-05 10:00:00,110095.SH,SELL,REBUILT_RANK_EXIT,105.872,105.7608344,20,-0.6399999999999295,-5.087296000000151,2.11776,2.11776,0.211776
2025-02-05 10:00:00,110085.SH,SELL,REBUILT_RANK_EXIT,111.469,111.35195755,10,-1.950000000000074,-4.292896500000097,1.115665,1.115665,0.1115665
2025-02-05 10:00:00,110073.SH,SELL,REBUILT_RANK_EXIT,115.989,115.86721155,10,-1.2199999999999989,-3.6570500000000266,1.1605,1.1605,0.11605000000000001
2025-02-05 10:15:00,113058.SH,BUY,BUY_NEXT_OPEN,122.115,122.24322075,10,0.0,0.0,0.610575,0.610575,0.0610575
2025-02-05 10:15:00,113048.SH,BUY,BUY_NEXT_OPEN,109.731,109.84621755,20,0.0,0.0,1.09731,1.09731,0.109731
2025-02-05 10:15:00,113046.SH,BUY,BUY_NEXT_OPEN,108.761,108.87519904999998,10,0.0,0.0,0.543805,0.543805,0.0543805
2025-02-05 10:15:00,110097.SH,BUY,BUY_NEXT_OPEN,132.568,132.70719640000002,10,0.0,0.0,0.6628400000000001,0.6628400000000001,0.06628400000000001
2025-02-05 10:30:00,113048.SH,SELL,REBUILT_RANK_EXIT,109.5,109.385025,10,-2.3099999999999454,-4.611925500000098,1.64481,1.64481,0.164481
2025-02-05 10:45:00,110097.SH,SELL,REBUILT_RANK_EXIT,131.881,131.74252495,10,-6.870000000000118,-9.646714500000371,1.3222450000000001,1.3222450000000001,0.13222450000000002
2025-02-05 11:15:00,113058.SH,SELL,REBUILT_RANK_EXIT,122.465,122.33641175,10,3.5000000000000853,0.9319100000000162,1.2229,1.2229,0.12229000000000001
2025-02-05 13:30:00,113046.SH,SELL,REBUILT_RANK_EXIT,108.872,108.7576844,10,1.110000000000042,-1.1751464999997552,1.088165,1.088165,0.1088165
